Index,Zone,Region,Resource,x1,x2,x3,x4,x5,x6,x7,x8,x9,x10,x11,x12,x13,x14,x15,x16,x17,x18,x19,x20,x21,x22,x23,x24,x25,x26,x27,x28,x29,x30,x31,x32,x33,x34,x35,x36,x37,x38,x39,x40,x41,x42,x43,x44,x45,x46,x47,x48,x49,x50,x51,x52,x53,x54,x55,x56,x57,x58,x59,x60,x61,x62,x63,x64,x65,x66,x67,x68,x69,x70,x71,x72,x73,x74,x75,x76,x77,x78,x79,x80,x81,x82,x83,x84,x85,x86,x87,x88,x89,x90,x91,x92,x93,x94,x95,x96,x97,x98,x99,x100,x101,x102,x103,x104,x105,x106,x107,x108,x109,x110,x111,x112,x113,x114,x115,x116,x117,x118,x119,x120,x121,x122,x123,x124,x125,x126,x127,x128,x129,x130,x131,x132,x133,x134,x135,x136,x137,x138,x139,x140,x141,x142,x143,x144,x145,x146,x147,x148,x149,x150,x151,x152,x153,x154,x155,x156,x157,x158,x159,x160,x161,x162,x163,x164,x165,x166,x167,x168
346,1,HL,solar_photovoltaic,0.0,0.0,0.0,0.0,242.3119999999999,1246.1759999999995,2786.5880000000006,4084.6879999999996,4814.128700677429,5244.324,1347.4441791508289,5919.336,4474.182841181817,4336.815949197757,4456.724744197756,6421.268,4188.536,1730.800000000001,432.6999999999998,0.0,0.0,0.0,0.0,0.0,0.0,0.0,0.0,0.0,276.9279999999999,1401.948,3530.8319999999994,5074.347719587015,8237.269151626431,8730.497386262887,10403.995871439232,11873.288,11309.70385922752,10471.34,8827.079999999998,6698.196,4119.304,1730.800000000001,501.9319999999998,0.0,0.0,0.0,0.0,0.0,0.0,0.0,0.0,0.0,242.3119999999999,1315.408,3115.44,5382.788,7840.524,9329.012,9692.480000000001,9714.97544200376,10090.563999999998,10125.18,8394.38,5227.016,2405.8120000000004,1107.7119999999995,415.392,0.0,0.0,0.0,0.0,0.0,0.0,0.0,0.0,0.0,225.0039999999999,1350.024,3357.752,6005.875999999999,8567.46,10315.568,11284.816,11561.744,11059.812,9934.792,8394.38,6109.723999999999,3686.604,1696.184,432.70000000000005,0.0,0.0,0.0,0.0,0.0,0.0,0.0,0.0,0.0,225.004,1280.792,3236.596,5953.951999999999,8203.992,9830.944,10852.116,11077.12,10592.496,9467.476,7892.448,5971.259999999999,3721.22,1609.644,415.392,0.0,0.0,0.0,0.0,0.0,0.0,0.0,0.0,0.0,190.38799999999998,1211.5600000000002,2994.2839999999997,5071.244,7061.664,8463.612,9207.856,9484.784000000001,10142.488,9225.164,7736.6759999999995,5590.484,3426.9840000000004,1626.952,432.70000000000005,0.0,0.0,0.0,0.0,0.0,0.0,0.0,0.0,0.0,207.6959999999999,1211.5600000000002,3478.9080000000004,6300.112,8636.692,10332.876,11302.124,11752.132000000001,11354.048,10575.188,8879.004,6628.964,4101.996,1696.184,450.0079999999998,0.0,0.0,0.0,0.0,0.0
347,1,HL,onshore_wind_turbine,7355.7,6930.704,7159.548,7257.624,6767.244,5949.9439999999995,6832.628,10101.828,12030.655999999999,12841.939596549037,17490.22,14735.477404767458,17326.760000000002,18307.52,18274.828,14102.523088994727,12913.34,9480.679999999998,7453.776,6734.552,5884.5599999999995,5590.332,5949.9439999999995,5851.8679999999995,5590.332,5001.876,5263.412,5394.18,4413.42,2974.9719999999998,7421.084,9578.756,10396.056,11017.204000000002,10461.44,8162.470645042969,7682.62,7813.387999999999,9513.372,11572.967999999997,10951.820000000002,8205.692000000001,7944.156,7682.62,6505.7080000000005,5328.796,4936.492,5230.72,5067.26,4773.032,4969.184,4478.804,3465.352,1699.984,653.84,1078.836,2484.5919999999996,4838.415999999999,7257.623999999998,8957.608,7737.109399115128,7930.173849115126,7421.084000000001,6440.3240000000005,5819.1759999999995,4086.5,4576.88,5786.4839999999995,5296.104,5001.876,4674.955999999999,4773.032,4217.268,3792.2720000000004,3563.428,3334.584,2223.056,490.38,261.536,326.92,751.9159999999993,1111.528,1111.528,1111.528,1111.528,948.0679999999993,849.992,751.9159999999999,621.1479999999997,751.9159999999999,1373.064,2974.9719999999998,3694.196,3694.196,3367.276,2811.5119999999997,2353.8239999999996,2092.288,2026.904,2026.904,1274.988,196.15200000000002,228.844,196.15200000000002,32.692,0.0,0.0,0.0,0.0,0.0,0.0,0.0,0.0,0.0,0.0,32.692,98.07600000000001,196.15200000000002,163.46,196.15200000000002,326.92,457.688,490.38,326.92,65.384,0.0,0.0,32.692,32.692,0.0,32.692,98.07599999999911,196.15200000000002,326.92,457.688,490.38,457.688,294.22799999999984,163.46,163.46,196.15200000000002,196.15200000000002,163.46,163.46,261.536,490.38,784.6080000000001,1111.528,980.76,0.0,65.384,196.15200000000002,326.92,588.4559999999999,1111.528,1928.828,2648.052,3301.892,4053.808,5067.26,6440.324,6080.7119999999995,8401.844000000001,12096.039999999999,11736.428,10036.444,8696.072,7584.544000000001
353,2,IME,solar_photovoltaic,0.0,0.0,0.0,0.0,0.0,0.0,0.0,556.8287054545435,0.0,12980.784,15019.995,16116.345,13819.45365411781,15414.680999999999,8707.817707563634,6557.046665909089,7257.837,3639.882,1227.912,65.781,0.0,0.0,0.0,0.0,0.0,0.0,0.0,0.0,0.0,701.664,2302.335,4911.647999999999,7477.107000000002,9297.047999999999,10327.617,8332.26,6709.662,7016.64,8726.946,7981.428,4341.546,2148.8459999999995,1030.569,65.781,0.0,0.0,0.0,0.0,0.0,0.0,0.0,0.0,0.0,635.8830000000003,2126.919,4144.2029999999995,6578.099999999999,9516.318,12454.535999999998,12849.222,12476.463,11292.405,9011.997,7784.085,5087.064,3749.5170000000003,1359.474,87.708,0.0,0.0,0.0,0.0,0.0,0.0,0.0,0.0,0.0,789.3719999999994,2368.116,6271.121999999999,10064.493,12739.587,14625.309000000001,15524.315999999999,16094.417999999998,15173.483999999999,13156.199999999999,10524.96,7520.961,3946.8599999999997,1118.2769999999998,87.708,0.0,0.0,0.0,0.0,0.0,0.0,0.0,0.0,0.0,723.591,2104.992,5964.143999999999,9889.077000000001,12827.295,14691.09,15765.512999999999,15853.221,14800.725,12717.66,10020.639000000001,6402.683999999999,3003.9990000000003,920.9340000000001,21.927,0.0,0.0,0.0,0.0,0.0,0.0,0.0,0.0,0.0,613.956,2302.335,5394.042,8003.355,10152.201000000001,11928.288,12893.076,14208.696,14120.988000000001,12520.317,10064.493,7148.202,3859.1519999999996,1271.766,65.781,0.0,0.0,0.0,0.0,0.0,0.0,0.0,0.0,0.0,482.39399999999995,2017.2839999999997,4495.035,7301.691000000001,9911.004,12366.828,14274.477,15129.63,14384.112000000001,12783.440999999999,10174.128,6950.859,3727.59,1227.912,65.781,0.0,0.0,0.0,0.0
354,2,IME,onshore_wind_turbine,25192.528,26526.878,26420.13,25577.91418626833,25614.285166268328,23128.64014890495,27739.869411363637,37041.556,28556.774634027275,28146.57087090909,27702.791586441752,26038.884971139734,28181.472,21921.72666,24765.536,22523.827999999998,20335.494,16759.436,11582.158,12222.646,13717.118,12649.637999999999,10301.182,8806.710000000001,8860.084,10514.678,12222.646,13450.248,13503.622,9073.58,6885.246,11902.402,12969.882,10194.433999999997,6244.758,3362.562,1814.7160000000001,1280.9759999999997,1387.724,2241.708,3896.3019999999997,6298.132,9020.206,12009.15,10995.044,7205.490000000001,4056.424,1654.594,533.74,480.366,1120.854,2295.082,3576.058,2668.7000000000003,1334.3500000000001,1280.976,1120.854,693.862,266.87,53.373999999999796,0.0,0.0,53.373999999999796,160.122,373.618,853.984,1601.22,4056.4239999999995,7525.7339999999995,9874.19,10834.922,11582.158,13076.63,14784.598000000002,16385.818,17880.29,17399.924,12863.134,7739.23,9180.328,7418.985999999999,4750.286,2295.0819999999985,1174.2279999999992,853.984,800.61,693.8619999999992,693.862,693.862,640.488,640.488,1120.854,1761.342,2935.57,5657.644,8966.832,11902.402,13717.118,14891.346000000001,16439.192,17773.542,13023.256,6404.879999999999,5924.514,3149.066,1494.472,640.488,266.87,106.74799999999959,106.748,160.122,373.618,800.6099999999997,747.2359999999999,213.49599999999998,53.374,0.0,0.0,0.0,0.0,53.374,213.496,853.984,2188.3340000000003,4056.424,5070.53,1494.4719999999998,106.748,0.0,0.0,0.0,0.0,106.74799999999959,373.618,533.7399999999998,320.244,106.748,0.0,0.0,106.74799999999999,106.748,106.748,160.122,320.244,426.992,907.3580000000001,2241.708,4643.538,6885.246,6831.872,2722.0739999999996,1707.968,2188.3340000000003,1601.2199999999993,533.7399999999998,106.748,53.373999999999796,160.122,480.366,1014.106,1334.3500000000001,1494.4719999999998,1494.472,1174.2279999999998,373.618,0.0,0.0,53.374
358,3,JL,solar_photovoltaic,0.0,0.0,0.0,0.0,60.0,900.0,2174.8975490295425,2683.642825000001,4213.585419132498,8565.0,3731.6582128599985,0.0,2772.8375166125006,0.0,0.0,0.0,0.0,0.0,0.0,0.0,0.0,0.0,0.0,0.0,0.0,0.0,0.0,0.0,105.0,990.0,2685.0,5145.0,7290.0,8880.0,9945.0,10440.0,10170.0,9570.0,8130.000000000001,6060.0,3765.0,1560.0,450.0,0.0,0.0,0.0,0.0,0.0,0.0,0.0,0.0,0.0,90.0,960.0,2580.0,5070.0,7110.0,8670.0,9720.0,10035.0,9495.0,8310.0,6930.0,4875.0,2505.0,1080.0,240.0,0.0,0.0,0.0,0.0,0.0,0.0,0.0,0.0,0.0,60.0,720.0,2175.0,4410.0,6840.0,8415.0,9315.0,9375.0,9000.0,7815.0,6615.0,5130.0,3165.0,1425.0,375.0,0.0,0.0,0.0,0.0,0.0,0.0,0.0,0.0,0.0,90.0,975.0,2655.0,5085.0,7350.0,8925.0,9915.0,10095.0,9990.0,9225.0,7890.0,5865.0,3735.0,1575.0,420.0,0.0,0.0,0.0,0.0,0.0,0.0,0.0,0.0,0.0,75.0,930.0,2415.0,4245.0,5025.0,5295.0,6195.0,6435.0,6330.0,6105.0,4905.0,3300.0,1830.0,840.0,210.0,0.0,0.0,0.0,0.0,0.0,0.0,0.0,0.0,0.0,60.0,885.0000000000005,2370.0,4170.0,5715.0,7035.0,7860.0,8130.0,8040.0,7290.0,6090.0,4710.0,2940.0,1410.0,315.0,0.0,0.0,0.0,0.0,0.0
359,3,JL,onshore_wind_turbine,10890.0,9540.0,8370.0,7650.000000000001,7425.0,7245.0,6434.999999999999,9450.0,10080.0,8802.8755022,13590.0,12259.6694466125,13995.0,13185.1808875525,15095.415040620002,17510.620344500003,13777.34155444,15518.277998320002,16879.1572322,18745.884277928417,9889.082792199999,14099.315521432502,14742.266726612499,9539.43159824513,16713.343219587216,17460.0,14434.661668854545,15930.0,14220.0,8235.0,8190.0,12015.0,13050.0,12555.0,10080.0,8190.0,6660.0,5175.0,3959.999999999999,4005.0,4860.0,5805.0,6120.0,6434.999999999999,5130.0,3780.0000000000005,3735.0,3914.9999999999995,3959.9999999999995,3959.9999999999995,4185.0,4590.0,5265.0,3060.0,2475.0,4500.0,5355.0,4275.0,2700.0,1845.0,1485.0,1395.0,1575.0000000000002,2250.0,3645.0,4815.0,5895.0,7829.999999999999,8730.0,7739.999999999999,6165.000000000001,5085.0,4185.0,3375.0,2970.0,3239.9999999999995,3959.9999999999995,2385.0,1035.0,3105.0000000000005,4095.0,3375.0,2295.0,1710.0,1710.0,2160.0,3150.0000000000005,4590.0,5535.0,5130.0,5175.0,7245.0,8820.0,9675.0,9810.0,9450.0,9135.0,8955.0,8730.0,8595.0,7650.000000000001,2655.0,630.0,1440.0,1979.9999999999998,1755.0,1125.0,809.9999999999999,720.0,585.0,450.0,360.0,315.0,360.0,405.0,135.0,0.0,0.0,0.0,0.0,0.0,0.0,0.0,0.0,0.0,0.0,0.0,0.0,0.0,0.0,0.0,0.0,0.0,0.0,0.0,0.0,0.0,0.0,0.0,0.0,0.0,0.0,0.0,0.0,180.0,1125.0,3375.0,5940.0,6795.0,3869.9999999999995,900.0,494.99999999999994,450.0,450.0,450.0,494.99999999999994,630.0,945.0000000000001,1575.0,2565.0,3915.0,4950.0,6300.000000000001,9765.0,12869.999999999998,14805.0,14961.863331041111,0.0
363,4,LN,solar_photovoltaic,0.0,0.0,0.0,0.0,0.0,710.93,2302.795000000001,4711.560380388522,7418.4,9288.454999999998,10447.58,10895.775,10694.859999999999,9783.015,8376.609999999997,6382.915,4172.8499999999985,2055.5150000000003,571.8349999999991,0.0,0.0,0.0,0.0,0.0,0.0,0.0,0.0,0.0,0.0,741.84,2287.3399999999992,4682.865,6970.205,8469.34,9288.455,9396.639999999998,8623.890000000001,9118.449999999999,8144.785000000002,5888.355,3817.3849999999998,1993.6950000000002,432.7399999999998,0.0,0.0,0.0,0.0,0.0,0.0,0.0,0.0,0.0,0.0,355.46500000000003,1329.1299999999999,2596.44,3971.935,5424.705,6738.38,7866.595,7959.325,7866.595,6738.38,5084.695000000001,3384.645,1839.145,463.6499999999999,0.0,0.0,0.0,0.0,0.0,0.0,0.0,0.0,0.0,0.0,772.75,2426.435,4991.965,7294.759999999999,9056.63,10045.75,10586.675000000001,10524.855,9922.11,8577.525000000001,6676.5599999999995,4311.945000000001,2055.5150000000003,540.9250000000001,0.0,0.0,0.0,0.0,0.0,0.0,0.0,0.0,0.0,0.0,695.475,2271.8849999999998,4852.87,7263.849999999999,9118.449999999999,10370.305,10957.595,10725.769999999999,9844.835000000001,7897.505,5440.16,3384.645,1653.685,417.28499999999997,0.0,0.0,0.0,0.0,0.0,0.0,0.0,0.0,0.0,0.0,494.56,1808.2350000000001,3925.57,5934.72,6753.835,7341.125,7990.235000000001,8160.240000000001,7634.77,6661.105,5100.150000000001,3261.005,1591.865,324.555,0.0,0.0,0.0,0.0,0.0,0.0,0.0,0.0,0.0,0.0,417.28499999999997,1282.765,2163.7000000000003,2936.45,4373.764999999999,6151.09,7016.570000000001,6862.02,5965.63,4868.325,3987.3900000000003,2627.3500000000004,1421.8599999999997,355.465,0.0,0.0,0.0,0.0,0.0
364,4,LN,onshore_wind_turbine,1482.23,4926.235000000001,9285.735,13122.095,15214.654999999999,11683.460000000001,5972.515,10724.369999999999,16871.265,20489.649999999998,20882.004999999997,21405.144999999997,23715.68,26680.14,27726.420000000002,27334.064999999995,26680.14,25372.289999999997,22407.83,20358.865,20402.460000000003,20184.485,19138.205,17699.57,16478.91,15868.58,15519.82,14778.705000000002,13688.83,8370.24,6713.63,9678.09,9242.14,7062.389999999999,6800.82,7541.9349999999995,8718.999999999998,10811.56,12555.359999999999,12163.005000000001,8108.67,3705.5750000000003,1700.205,784.7099999999999,392.35499999999996,217.975,217.975,305.165,784.7099999999999,1569.4199999999998,2179.75,2572.105,2179.75,566.735,0.0,0.0,0.0,0.0,0.0,0.0,0.0,0.0,0.0,0.0,0.0,43.595,87.19,348.76,697.52,610.33,435.95,1002.685,3226.0299999999997,5972.515,7236.77,7018.795,6277.679999999999,2877.27,610.3299999999999,1133.47,1438.6349999999993,1787.395,2005.37,2266.94,2354.13,2179.75,2136.155,2310.535,2092.5600000000004,1874.5849999999998,1307.85,392.35499999999996,174.38,87.19,87.19,43.595,43.595,87.19,130.785,348.76,828.305,1002.6849999999998,174.38,43.595,43.595,43.595,43.595,43.595,130.785,174.3799999999992,130.78499999999985,87.1899999999996,87.19,87.19,43.595,0.0,348.76,1525.825,1830.99,1874.5849999999998,697.52,130.785,0.0,0.0,0.0,0.0,0.0,0.0,0.0,0.0,0.0,435.9500000000007,2005.37,4751.855,7411.1500000000015,8457.43,7280.365000000001,5710.945000000001,5972.515,8675.405,9852.470000000001,9939.66,11029.535,13688.83,11421.890000000001,8893.38,6931.6050000000005,4141.525,1220.66,87.19,0.0,0.0,0.0,43.595,87.1899999999996,174.38,305.165,610.3299999999999,1395.04,3138.8399999999992,5057.02,5013.425,5362.1849999999995,5754.54,5100.615000000001,4795.45,6495.655,9067.76
351,1,HL,conventional_hydroelectric,651.8854841500001,383.01451584999995,522.1320254986497,139.06750964864978,-2.2737367544323206e-13,766.9354841499999,1092.45,709.3854841500001,383.01451584999995,383.01451584999995,1092.45,1092.45,766.1290316999996,383.0645158499997,-2.2737367544323206e-13,-2.2737367544323206e-13,-2.2737367544323206e-13,-2.2737367544323206e-13,-2.2737367544323206e-13,383.01451584999995,-2.2737367544323206e-13,766.9354841499999,383.87096829999996,426.40540943634096,487.8664437181226,383.01451584999995,375.5297653950299,-2.2737367544323206e-13,325.51451584999995,1092.45,1092.45,1092.45,709.3854841500001,766.0790316999999,383.01451584999995,528.8974085369114,145.83289268691146,252.46769687108167,383.01451584999995,-2.2737367544323206e-13,-2.2737367544323206e-13,-2.2737367544323206e-13,383.01451584999995,-2.2737367544323206e-13,708.5790316999999,325.51451584999995,1092.45,900.9178119550415,661.1704070780612,577.0318222010822,296.74123732410135,-2.2737367544323206e-13,-2.2737367544323206e-13,-2.2737367544323206e-13,383.01451584999995,1092.45,1092.45,709.3854841500001,1092.45,766.1290316999996,383.0645158499997,-2.2737367544323206e-13,-2.2737367544323206e-13,-2.2737367544323206e-13,-2.2737367544323206e-13,766.9354841499999,607.2400172066307,1092.45,1092.45,1092.45,1092.45,709.3854841500001,326.3209683000001,712.8747484823891,329.8102326323892,-2.2737367544323206e-13,-2.2737367544323206e-13,325.51451584999995,1092.45,1092.45,1092.45,709.3854841500001,383.01451584999995,383.0645158499997,-2.2737367544323206e-13,-2.2737367544323206e-13,-2.2737367544323206e-13,-2.2737367544323206e-13,153.34429560924127,766.0790316999999,383.01451584999995,1092.45,1092.45,1092.45,1092.45,709.3854841500001,443.5164081194199,301.6966420888382,225.2608760582566,-2.2737367544323206e-13,-2.2737367544323206e-13,552.162203821561,1092.45,1092.45,1092.45,709.3854841500001,927.4863900000003,1092.45,709.3854841500001,383.0645158499997,-2.2737367544323206e-13,-2.2737367544323206e-13,383.01451584999995,383.01451584999995,-2.2737367544323206e-13,383.0645158499997,-2.2737367544323206e-13,433.0297362089518,1092.45,1092.45,1039.524836126258,684.4794187059266,301.4149028559266,39.24764293559542,-2.2737367544323206e-13,325.51451584999995,1092.45,1092.45,709.3854841500001,1092.45,1092.45,1092.45,709.3854841500001,326.3209683000001,-2.2737367544323206e-13,-2.2737367544323206e-13,-2.2737367544323206e-13,-2.2737367544323206e-13,383.01451585000007,679.575585256599,296.51106940659906,325.51451584999995,1092.45,928.9232704701608,1012.8364092495732,1092.45,766.1290316999996,383.0645158499997,-2.2737367544323206e-13,325.51451584999995,1092.45,1092.45,1092.45,1092.45,709.3854841500001,1092.45,766.0790316999999,383.01451584999995,-2.2737367544323206e-13,-2.2737367544323206e-13,-2.2737367544323206e-13,766.9354841499999,1092.45,921.5790622920961,872.4488982158517,830.0022753974813,1092.45,1034.9500000000003
356,2,IME,conventional_hydroelectric,303.95,264.68707231999997,225.42414463999998,186.16121696,146.89828927999997,303.95,303.95,264.68707231999997,225.42414463999998,186.16121696,146.89828927999997,157.05171072000002,117.78878304,78.52585535999998,39.26292767999996,-5.684341886080802e-14,-5.684341886080802e-14,-5.684341886080802e-14,78.52585535999998,39.26292767999996,-5.684341886080802e-14,39.21292768000001,-5.684341886080802e-14,235.52756608000007,196.26463840000008,157.00171072000006,117.73878304000004,78.47585536000003,39.21292768000001,-5.684341886080802e-14,157.05171072000002,117.78878304,78.52585535999998,39.26292767999996,-5.684341886080802e-14,-5.684341886080802e-14,88.23837365156419,78.52585535999998,39.26292767999996,-5.684341886080802e-14,-5.684341886080802e-14,39.21292768000001,78.52585535999998,39.26292767999996,-5.684341886080802e-14,39.26292767999996,-5.684341886080802e-14,203.13082903999975,163.86790135999973,124.60497367999972,85.3420459999997,117.78878304,78.52585535999998,39.26292767999996,-5.684341886080802e-14,274.84049376,235.57756608000003,196.31463840000004,157.05171072000002,117.78878304,78.52585535999998,39.26292767999996,-5.684341886080802e-14,-5.684341886080802e-14,78.52585535999998,39.26292767999996,-5.684341886080802e-14,280.7370723199999,303.95,303.95,298.0534214400001,258.7904937600001,219.5275660800001,180.26463840000008,141.00171072000006,101.73878304000004,62.475855360000025,23.212927680000007,303.95,264.68707231999997,225.42414463999998,186.16121696,146.89828927999997,107.63536159999995,68.37243391999993,39.26292767999996,-5.684341886080802e-14,-5.684341886080802e-14,39.26292767999996,-5.684341886080802e-14,39.26292767999996,-5.684341886080802e-14,23.212927680000007,303.95,303.95,264.68707231999997,225.42414463999998,186.16121696,146.89828927999997,107.63536159999995,68.37243391999993,29.109506239999916,303.95,264.68707231999997,225.42414463999998,186.16121696,146.89828927999997,107.63536159999995,68.37243391999993,29.109506239999916,-5.684341886080802e-14,-5.684341886080802e-14,-5.684341886080802e-14,222.46443035999988,183.20150267999986,143.93857499999984,104.67564731999983,181.39309199999997,142.13016431999995,102.86723663999993,196.31463840000004,157.05171072000002,117.78878304,78.52585535999998,39.26292767999996,-5.684341886080802e-14,174.64552959015407,303.95,264.68707231999997,225.42414463999998,186.16121696,146.89828927999997,107.63536159999995,68.37243391999993,29.109506239999916,-5.684341886080802e-14,-5.684341886080802e-14,-5.684341886080802e-14,-5.684341886080802e-14,78.52585535999998,39.26292767999996,-5.684341886080802e-14,-5.684341886080802e-14,143.89053741037446,104.62760973037445,65.36468205037443,303.95,264.68707231999997,225.42414463999998,186.16121696,303.95,303.95,264.68707231999997,225.42414463999998,186.16121696,146.89828927999997,107.63536159999995,68.37243391999993,29.109506239999916,39.26292767999996,-5.684341886080802e-14,-5.684341886080802e-14,62.475855360000025,23.212927680000007,303.95,264.68707231999997,225.42414463999998,287.95000000000005
361,3,JL,conventional_hydroelectric,2378.178834925131,1581.439469850261,1891.8201136442817,1545.6295677467679,1610.5901432600003,2038.75788388,4540.95,4540.95,4540.95,2502.1421161199996,1799.75788388,4540.95,2502.1421161199996,4540.95,4540.95,2502.1421161199996,4540.95,4540.95,2502.1421161199996,1799.75788388,4540.95,4540.95,2502.1421161199996,4540.95,4540.95,4004.716724514942,4077.6157677599995,2038.8078838799993,-9.094947017729282e-13,2741.192116119999,4540.95,2502.1421161199996,463.33423223999944,-9.094947017729282e-13,1566.22270064851,697.2152652600016,134.6149083800019,-9.094947017729282e-13,-9.094947017729282e-13,-9.094947017729282e-13,-9.094947017729282e-13,1386.2461025226585,537.962965045318,2408.4262887679765,2340.804242490637,3443.854036167501,2883.4403319999997,3431.70343441658,3404.3285158382896,3398.7181785782905,3402.7510700000003,3001.783961421709,1754.7856762582892,3155.3947876799994,4540.95,4150.383377711578,3572.4060119999976,2362.7567750194366,3477.7131864999974,1936.02151408,-9.094947017729282e-13,-9.094947017729282e-13,-9.094947017729282e-13,-9.094947017729282e-13,744.3483270226584,3221.178402977339,3015.5772399999987,4055.1921170226583,3792.6825840453166,2889.612251999999,2373.6118102345536,884.0584068184876,350.3289835384867,399.001570258486,377.1991569784859,367.88536947750254,27.723036797501663,1848.6052491175005,4540.95,4540.95,3715.336956499998,1784.7596932226588,1330.5270322453189,-9.094947017729282e-13,-9.094947017729282e-13,-9.094947017729282e-13,-9.094947017729282e-13,-9.094947017729282e-13,546.5995708858345,365.3733842084939,2877.2718675311526,4540.95,4540.95,4540.95,4540.95,2502.1421161199996,463.33423223999944,601.9916871301302,965.649142020261,-9.094947017729282e-13,-9.094947017729282e-13,1799.75788388,4540.95,4540.95,4411.289577669998,3996.6317784858993,3886.507018190002,2566.7555804600006,1165.3207127300002,-9.094947017729282e-13,-9.094947017729282e-13,-9.094947017729282e-13,999.6043014253191,-9.094947017729282e-13,856.3886914253198,3597.5808075453197,1799.75788388,4540.95,4075.07960147791,4540.95,4540.95,4323.232740423419,4105.515480846838,3887.7982212702573,3555.899783706579,4247.935072529999,4540.95,4540.95,3460.9493855699993,2868.8439417886684,2692.7745399073374,653.9666560273372,285.61687156575863,751.3165691857575,-9.094947017729282e-13,-9.094947017729282e-13,-9.094947017729282e-13,2173.62064371867,134.81275983867,1769.1731030573392,4510.365219177339,4417.841099629999,3248.524921265542,3304.1520532655422,4540.95,4540.95,4077.6157677599995,2038.8078838799993,-9.094947017729282e-13,139.17618912170747,2754.710750383987,2716.2309294999995,2664.870770532434,2961.478182814224,3781.656776996012,2579.5321922785092,1030.357147561006,486.7023712435039,340.14286542529135,1001.82344960708,2038.75788388,2782.664409883991,3770.2070394999987,4540.95,4028.448866887661,2621.7876844999964,4540.95,4301.950000000001
377,4,LN,conventional_hydroelectric,1747.95,1747.95,1318.19502024,888.4400404800001,458.68506072000014,337.70497976,1747.95,1639.7734380726245,1210.0184583126245,780.2634785526245,429.70497976,1289.2649392799995,859.5099595199995,429.7549797599995,-4.547473508864641e-13,213.0712044833142,429.7549797599995,-4.547473508864641e-13,-4.547473508864641e-13,-4.547473508864641e-13,-4.547473508864641e-13,1410.2450202399996,1747.95,1747.95,1318.19502024,888.4400404800001,458.68506072000014,28.93008096000017,-4.547473508864641e-13,413.4523900731731,1747.95,1318.19502024,888.4400404800001,784.8996103791667,1004.8969078991662,1295.4166679890636,1289.2649392799995,859.5099595199995,429.7549797599995,-4.547473508864641e-13,-4.547473508864641e-13,-4.547473508864641e-13,513.6672998991673,1289.21493928,859.45995952,429.70497976,1747.95,1747.95,1747.95,1747.95,1318.19502024,888.4400404800001,458.68506072000014,184.49932654537474,861.0398700310495,431.28489027104956,686.9219190371875,1117.2549376447118,1719.0199190399994,1289.2649392799995,859.5099595199995,429.7549797599995,-4.547473508864641e-13,-4.547473508864641e-13,174.76723923999884,1082.4825847962777,652.7276050362777,645.8381338981337,1591.0640862599982,1747.95,1747.95,1747.95,1747.95,1318.19502024,888.4400404800001,458.68506072000014,28.93008096000017,337.70497976,1747.95,1399.3596780188366,969.6046982588366,541.9150469292433,859.5099595199995,429.7549797599995,-4.547473508864641e-13,-4.547473508864641e-13,-4.547473508864641e-13,-4.547473508864641e-13,53.74244082092673,-4.547473508864641e-13,-4.547473508864641e-13,-4.547473508864641e-13,967.265299179073,1747.95,1747.95,1403.4368248941953,1747.95,1747.95,1747.95,1747.95,1710.547265105792,1552.8330839202401,1747.95,1747.95,1318.19502024,1747.95,1344.2323678584135,914.4773880984135,859.5099595199995,429.7549797599995,-4.547473508864641e-13,244.16943588216145,505.4700740021385,259.5853553800207,-4.547473508864641e-13,1410.2450202399996,980.4900404799996,635.31935,768.0027759999996,1747.95,1352.9046308619706,1747.95,1747.95,1318.19502024,888.4400404800001,749.1117786087796,1747.95,1318.19502024,888.4400404800001,1528.6280242645018,1747.95,1747.95,1318.19502024,888.4400404800001,458.68506072000014,28.93008096000017,27.31789953332259,378.3731981066487,1197.21493928,767.45995952,337.70497976,1747.95,1747.95,1318.19502024,1222.4033340642561,859.5099595199995,429.7549797599995,-4.547473508864641e-13,-4.547473508864641e-13,-4.547473508864641e-13,1410.2450202399996,1609.1736257704338,1179.4186460104338,749.6636662504336,1747.95,1318.19502024,888.4400404800001,759.0209925695165,1109.2992046590336,679.5442248990337,249.7892451390337,194.96625000556355,46.61054487210117,767.45995952,337.70497976,1747.95,1747.95,1655.9500000000005
1,1,HL,conventional_steam_coal,0.0,0.0,0.0,0.0,0.0,0.0,0.0,0.0,0.0,0.0,0.0,0.0,0.0,0.0,0.0,0.0,0.0,0.0,0.0,0.0,0.0,0.0,0.0,0.0,0.0,0.0,0.0,0.0,0.0,0.0,0.0,0.0,0.0,0.0,0.0,0.0,0.0,0.0,0.0,0.0,0.0,0.0,0.0,0.0,0.0,0.0,0.0,0.0,0.0,0.0,0.0,0.0,0.0,0.0,0.0,0.0,0.0,0.0,0.0,0.0,0.0,0.0,0.0,0.0,0.0,0.0,0.0,0.0,0.0,0.0,0.0,0.0,0.0,0.0,0.0,0.0,0.0,0.0,0.0,0.0,0.0,0.0,0.0,0.0,0.0,0.0,0.0,0.0,0.0,0.0,0.0,0.0,0.0,0.0,0.0,0.0,0.0,0.0,0.0,0.0,0.0,0.0,0.0,0.0,0.0,0.0,0.0,0.0,0.0,0.0,0.0,0.0,0.0,0.0,0.0,0.0,0.0,0.0,0.0,0.0,0.0,0.0,0.0,0.0,0.0,0.0,0.0,0.0,0.0,0.0,0.0,0.0,0.0,0.0,0.0,0.0,0.0,0.0,0.0,0.0,0.0,0.0,0.0,0.0,0.0,0.0,0.0,0.0,0.0,0.0,0.0,0.0,0.0,0.0,0.0,0.0,0.0,0.0,0.0,0.0,0.0,0.0,0.0,0.0,0.0,0.0,0.0,0.0
2,1,HL,conventional_steam_coal,0.0,0.0,0.0,0.0,0.0,0.0,0.0,0.0,0.0,0.0,0.0,0.0,0.0,0.0,0.0,0.0,0.0,0.0,0.0,0.0,0.0,0.0,0.0,0.0,0.0,0.0,0.0,0.0,0.0,0.0,0.0,0.0,0.0,0.0,0.0,0.0,0.0,0.0,0.0,0.0,0.0,0.0,0.0,0.0,0.0,0.0,0.0,0.0,0.0,0.0,0.0,0.0,0.0,0.0,0.0,0.0,0.0,0.0,0.0,0.0,0.0,0.0,0.0,0.0,0.0,0.0,0.0,0.0,0.0,0.0,0.0,0.0,0.0,0.0,0.0,0.0,0.0,0.0,0.0,0.0,0.0,0.0,0.0,0.0,0.0,0.0,0.0,0.0,0.0,0.0,0.0,0.0,0.0,0.0,0.0,0.0,0.0,0.0,0.0,0.0,0.0,0.0,0.0,0.0,0.0,0.0,0.0,0.0,0.0,0.0,0.0,0.0,0.0,0.0,0.0,0.0,0.0,0.0,0.0,0.0,0.0,0.0,0.0,0.0,0.0,0.0,0.0,0.0,0.0,0.0,0.0,0.0,0.0,0.0,0.0,0.0,0.0,0.0,0.0,0.0,0.0,0.0,0.0,0.0,0.0,0.0,0.0,0.0,0.0,0.0,0.0,0.0,0.0,0.0,0.0,0.0,0.0,0.0,0.0,0.0,0.0,0.0,0.0,0.0,0.0,0.0,0.0,0.0
3,1,HL,cogen_conventional_steam_coal,0.0,0.0,0.0,0.0,0.0,0.0,0.0,0.0,0.0,0.0,0.0,0.0,0.0,0.0,0.0,0.0,0.0,0.0,0.0,0.0,0.0,0.0,0.0,0.0,0.0,0.0,0.0,0.0,0.0,0.0,0.0,0.0,0.0,0.0,0.0,0.0,0.0,0.0,0.0,0.0,0.0,0.0,0.0,0.0,0.0,0.0,0.0,0.0,0.0,0.0,0.0,0.0,0.0,0.0,0.0,0.0,0.0,0.0,0.0,0.0,0.0,0.0,0.0,0.0,0.0,0.0,0.0,0.0,0.0,0.0,0.0,0.0,0.0,0.0,0.0,0.0,0.0,0.0,0.0,0.0,0.0,0.0,0.0,0.0,0.0,0.0,0.0,0.0,0.0,0.0,0.0,0.0,0.0,0.0,0.0,0.0,0.0,0.0,0.0,0.0,0.0,0.0,0.0,0.0,0.0,0.0,0.0,0.0,0.0,0.0,0.0,0.0,0.0,0.0,0.0,0.0,0.0,0.0,0.0,0.0,0.0,0.0,0.0,0.0,0.0,0.0,0.0,0.0,0.0,0.0,0.0,0.0,0.0,0.0,0.0,0.0,0.0,0.0,0.0,0.0,0.0,0.0,0.0,0.0,0.0,0.0,0.0,0.0,0.0,0.0,0.0,0.0,0.0,0.0,0.0,0.0,0.0,0.0,0.0,0.0,0.0,0.0,0.0,0.0,0.0,0.0,0.0,0.0
4,1,HL,cogen_conventional_steam_coal,0.0,0.0,0.0,0.0,0.0,0.0,0.0,0.0,0.0,0.0,0.0,0.0,0.0,0.0,0.0,0.0,0.0,0.0,0.0,0.0,0.0,0.0,0.0,0.0,0.0,0.0,0.0,0.0,0.0,0.0,0.0,0.0,0.0,0.0,0.0,0.0,0.0,0.0,0.0,0.0,0.0,0.0,0.0,0.0,0.0,0.0,0.0,0.0,0.0,0.0,0.0,0.0,0.0,0.0,0.0,0.0,0.0,0.0,0.0,0.0,0.0,0.0,0.0,0.0,0.0,0.0,0.0,0.0,0.0,0.0,0.0,0.0,0.0,0.0,0.0,0.0,0.0,0.0,0.0,0.0,0.0,0.0,0.0,0.0,0.0,0.0,0.0,0.0,0.0,0.0,0.0,0.0,0.0,0.0,0.0,0.0,0.0,0.0,0.0,0.0,0.0,0.0,0.0,0.0,0.0,0.0,0.0,0.0,0.0,0.0,0.0,0.0,0.0,0.0,0.0,0.0,0.0,0.0,0.0,0.0,0.0,0.0,0.0,0.0,0.0,0.0,0.0,0.0,0.0,0.0,0.0,0.0,0.0,0.0,0.0,0.0,0.0,0.0,0.0,0.0,0.0,0.0,0.0,0.0,0.0,0.0,0.0,0.0,0.0,0.0,0.0,0.0,0.0,0.0,0.0,0.0,0.0,0.0,0.0,0.0,0.0,0.0,0.0,0.0,0.0,0.0,0.0,0.0
5,1,HL,cogen_conventional_steam_coal,0.0,0.0,0.0,0.0,0.0,0.0,0.0,0.0,0.0,0.0,0.0,0.0,0.0,0.0,0.0,0.0,0.0,0.0,0.0,0.0,0.0,0.0,0.0,0.0,0.0,0.0,0.0,0.0,0.0,0.0,0.0,0.0,0.0,0.0,0.0,0.0,0.0,0.0,0.0,0.0,0.0,0.0,0.0,0.0,0.0,0.0,0.0,0.0,0.0,0.0,0.0,0.0,0.0,0.0,0.0,0.0,0.0,0.0,0.0,0.0,0.0,0.0,0.0,0.0,0.0,0.0,0.0,0.0,0.0,0.0,0.0,0.0,0.0,0.0,0.0,0.0,0.0,0.0,0.0,0.0,0.0,0.0,0.0,0.0,0.0,0.0,0.0,0.0,0.0,0.0,0.0,0.0,0.0,0.0,0.0,0.0,0.0,0.0,0.0,0.0,0.0,0.0,0.0,0.0,0.0,0.0,0.0,0.0,0.0,0.0,0.0,0.0,0.0,0.0,0.0,0.0,0.0,0.0,0.0,0.0,0.0,0.0,0.0,0.0,0.0,0.0,0.0,0.0,0.0,0.0,0.0,0.0,0.0,0.0,0.0,0.0,0.0,0.0,0.0,0.0,0.0,0.0,0.0,0.0,0.0,0.0,0.0,0.0,0.0,0.0,0.0,0.0,0.0,0.0,0.0,0.0,0.0,0.0,0.0,0.0,0.0,0.0,0.0,0.0,0.0,0.0,0.0,0.0
6,1,HL,conventional_steam_coal,0.0,0.0,0.0,0.0,0.0,0.0,0.0,0.0,0.0,0.0,0.0,0.0,0.0,0.0,0.0,0.0,0.0,0.0,0.0,0.0,0.0,0.0,0.0,0.0,0.0,0.0,0.0,0.0,0.0,0.0,0.0,0.0,0.0,0.0,0.0,0.0,0.0,0.0,0.0,0.0,0.0,0.0,0.0,0.0,0.0,0.0,0.0,0.0,0.0,0.0,0.0,0.0,0.0,0.0,0.0,0.0,0.0,0.0,0.0,0.0,0.0,0.0,0.0,0.0,0.0,0.0,0.0,0.0,0.0,0.0,0.0,0.0,0.0,0.0,0.0,0.0,0.0,0.0,0.0,0.0,0.0,0.0,0.0,0.0,0.0,0.0,0.0,0.0,0.0,0.0,0.0,0.0,0.0,0.0,0.0,0.0,0.0,0.0,0.0,0.0,0.0,0.0,0.0,0.0,0.0,0.0,0.0,0.0,0.0,0.0,0.0,0.0,0.0,0.0,0.0,0.0,0.0,0.0,0.0,0.0,0.0,0.0,0.0,0.0,0.0,0.0,0.0,0.0,0.0,0.0,0.0,0.0,0.0,0.0,0.0,0.0,0.0,0.0,0.0,0.0,0.0,0.0,0.0,0.0,0.0,0.0,0.0,0.0,0.0,0.0,0.0,0.0,0.0,0.0,0.0,0.0,0.0,0.0,0.0,0.0,0.0,0.0,0.0,0.0,0.0,0.0,0.0,0.0
7,1,HL,cogen_conventional_steam_coal,0.0,0.0,0.0,0.0,0.0,0.0,0.0,0.0,0.0,0.0,0.0,0.0,0.0,0.0,0.0,0.0,0.0,0.0,0.0,0.0,0.0,0.0,0.0,0.0,0.0,0.0,0.0,0.0,0.0,0.0,0.0,0.0,0.0,0.0,0.0,0.0,0.0,0.0,0.0,0.0,0.0,0.0,0.0,0.0,0.0,0.0,0.0,0.0,0.0,0.0,0.0,0.0,0.0,0.0,0.0,0.0,0.0,0.0,0.0,0.0,0.0,0.0,0.0,0.0,0.0,0.0,0.0,0.0,0.0,0.0,0.0,0.0,0.0,0.0,0.0,0.0,0.0,0.0,0.0,0.0,0.0,0.0,0.0,0.0,0.0,0.0,0.0,0.0,0.0,0.0,0.0,0.0,0.0,0.0,0.0,0.0,0.0,0.0,0.0,0.0,0.0,0.0,0.0,0.0,0.0,0.0,0.0,0.0,0.0,0.0,0.0,0.0,0.0,0.0,0.0,0.0,0.0,0.0,0.0,0.0,0.0,0.0,0.0,0.0,0.0,0.0,0.0,0.0,0.0,0.0,0.0,0.0,0.0,0.0,0.0,0.0,0.0,0.0,0.0,0.0,0.0,0.0,0.0,0.0,0.0,0.0,0.0,0.0,0.0,0.0,0.0,0.0,0.0,0.0,0.0,0.0,0.0,0.0,0.0,0.0,0.0,0.0,0.0,0.0,0.0,0.0,0.0,0.0
8,1,HL,cogen_conventional_steam_coal,0.0,0.0,0.0,0.0,0.0,0.0,0.0,0.0,0.0,0.0,0.0,0.0,0.0,0.0,0.0,0.0,0.0,0.0,0.0,0.0,0.0,0.0,0.0,0.0,0.0,0.0,0.0,0.0,0.0,0.0,0.0,0.0,0.0,0.0,0.0,0.0,0.0,0.0,0.0,0.0,0.0,0.0,0.0,0.0,0.0,0.0,0.0,0.0,0.0,0.0,0.0,0.0,0.0,0.0,0.0,0.0,0.0,0.0,0.0,0.0,0.0,0.0,0.0,0.0,0.0,0.0,0.0,0.0,0.0,0.0,0.0,0.0,0.0,0.0,0.0,0.0,0.0,0.0,0.0,0.0,0.0,0.0,0.0,0.0,0.0,0.0,0.0,0.0,0.0,0.0,0.0,0.0,0.0,0.0,0.0,0.0,0.0,0.0,0.0,0.0,0.0,0.0,0.0,0.0,0.0,0.0,0.0,0.0,0.0,0.0,0.0,0.0,0.0,0.0,0.0,0.0,0.0,0.0,0.0,0.0,0.0,0.0,0.0,0.0,0.0,0.0,0.0,0.0,0.0,0.0,0.0,0.0,0.0,0.0,0.0,0.0,0.0,0.0,0.0,0.0,0.0,0.0,0.0,0.0,0.0,0.0,0.0,0.0,0.0,0.0,0.0,0.0,0.0,0.0,0.0,0.0,0.0,0.0,0.0,0.0,0.0,0.0,0.0,0.0,0.0,0.0,0.0,0.0
9,1,HL,cogen_conventional_steam_coal,0.0,0.0,0.0,0.0,0.0,0.0,0.0,0.0,0.0,0.0,0.0,0.0,0.0,0.0,0.0,0.0,0.0,0.0,0.0,0.0,0.0,0.0,0.0,0.0,0.0,0.0,0.0,0.0,0.0,0.0,0.0,0.0,0.0,0.0,0.0,0.0,0.0,0.0,0.0,0.0,0.0,0.0,0.0,0.0,0.0,0.0,0.0,0.0,0.0,0.0,0.0,0.0,0.0,0.0,0.0,0.0,0.0,0.0,0.0,0.0,0.0,0.0,0.0,0.0,0.0,0.0,0.0,0.0,0.0,0.0,0.0,0.0,0.0,0.0,0.0,0.0,0.0,0.0,0.0,0.0,0.0,0.0,0.0,0.0,0.0,0.0,0.0,0.0,0.0,0.0,0.0,0.0,0.0,0.0,0.0,0.0,0.0,0.0,0.0,0.0,0.0,0.0,0.0,0.0,0.0,0.0,0.0,0.0,0.0,0.0,0.0,0.0,0.0,0.0,0.0,0.0,0.0,0.0,0.0,0.0,0.0,0.0,0.0,0.0,0.0,0.0,0.0,0.0,0.0,0.0,0.0,0.0,0.0,0.0,0.0,0.0,0.0,0.0,0.0,0.0,0.0,0.0,0.0,0.0,0.0,0.0,0.0,0.0,0.0,0.0,0.0,0.0,0.0,0.0,0.0,0.0,0.0,0.0,0.0,0.0,0.0,0.0,0.0,0.0,0.0,0.0,0.0,0.0
10,1,HL,cogen_conventional_steam_coal,0.0,0.0,0.0,0.0,0.0,0.0,0.0,0.0,0.0,0.0,0.0,0.0,0.0,0.0,0.0,0.0,0.0,0.0,0.0,0.0,0.0,0.0,0.0,0.0,0.0,0.0,0.0,0.0,0.0,0.0,0.0,0.0,0.0,0.0,0.0,0.0,0.0,0.0,0.0,0.0,0.0,0.0,0.0,0.0,0.0,0.0,0.0,0.0,0.0,0.0,0.0,0.0,0.0,0.0,0.0,0.0,0.0,0.0,0.0,0.0,0.0,0.0,0.0,0.0,0.0,0.0,0.0,0.0,0.0,0.0,0.0,0.0,0.0,0.0,0.0,0.0,0.0,0.0,0.0,0.0,0.0,0.0,0.0,0.0,0.0,0.0,0.0,0.0,0.0,0.0,0.0,0.0,0.0,0.0,0.0,0.0,0.0,0.0,0.0,0.0,0.0,0.0,0.0,0.0,0.0,0.0,0.0,0.0,0.0,0.0,0.0,0.0,0.0,0.0,0.0,0.0,0.0,0.0,0.0,0.0,0.0,0.0,0.0,0.0,0.0,0.0,0.0,0.0,0.0,0.0,0.0,0.0,0.0,0.0,0.0,0.0,0.0,0.0,0.0,0.0,0.0,0.0,0.0,0.0,0.0,0.0,0.0,0.0,0.0,0.0,0.0,0.0,0.0,0.0,0.0,0.0,0.0,0.0,0.0,0.0,0.0,0.0,0.0,0.0,0.0,0.0,0.0,0.0
11,1,HL,cogen_conventional_steam_coal,0.0,0.0,0.0,0.0,0.0,0.0,0.0,0.0,0.0,0.0,0.0,0.0,0.0,0.0,0.0,0.0,0.0,0.0,0.0,0.0,0.0,0.0,0.0,0.0,0.0,0.0,0.0,0.0,0.0,0.0,0.0,0.0,0.0,0.0,0.0,0.0,0.0,0.0,0.0,0.0,0.0,0.0,0.0,0.0,0.0,0.0,0.0,0.0,0.0,0.0,0.0,0.0,0.0,0.0,0.0,0.0,0.0,0.0,0.0,0.0,0.0,0.0,0.0,0.0,0.0,0.0,0.0,0.0,0.0,0.0,0.0,0.0,0.0,0.0,0.0,0.0,0.0,0.0,0.0,0.0,0.0,0.0,0.0,0.0,0.0,0.0,0.0,0.0,0.0,0.0,0.0,0.0,0.0,0.0,0.0,0.0,0.0,0.0,0.0,0.0,0.0,0.0,0.0,0.0,0.0,0.0,0.0,0.0,0.0,0.0,0.0,0.0,0.0,0.0,0.0,0.0,0.0,0.0,0.0,0.0,0.0,0.0,0.0,0.0,0.0,0.0,0.0,0.0,0.0,0.0,0.0,0.0,0.0,0.0,0.0,0.0,0.0,0.0,0.0,0.0,0.0,0.0,0.0,0.0,0.0,0.0,0.0,0.0,0.0,0.0,0.0,0.0,0.0,0.0,0.0,0.0,0.0,0.0,0.0,0.0,0.0,0.0,0.0,0.0,0.0,0.0,0.0,0.0
12,1,HL,cogen_conventional_steam_coal,0.0,0.0,0.0,0.0,0.0,0.0,0.0,0.0,0.0,0.0,0.0,0.0,0.0,0.0,0.0,0.0,0.0,0.0,0.0,0.0,0.0,0.0,0.0,0.0,0.0,0.0,0.0,0.0,0.0,0.0,0.0,0.0,0.0,0.0,0.0,0.0,0.0,0.0,0.0,0.0,0.0,0.0,0.0,0.0,0.0,0.0,0.0,0.0,0.0,0.0,0.0,0.0,0.0,0.0,0.0,0.0,0.0,0.0,0.0,0.0,0.0,0.0,0.0,0.0,0.0,0.0,0.0,0.0,0.0,0.0,0.0,0.0,0.0,0.0,0.0,0.0,0.0,0.0,0.0,0.0,0.0,0.0,0.0,0.0,0.0,0.0,0.0,0.0,0.0,0.0,0.0,0.0,0.0,0.0,0.0,0.0,0.0,0.0,0.0,0.0,0.0,0.0,0.0,0.0,0.0,0.0,0.0,0.0,0.0,0.0,0.0,0.0,0.0,0.0,0.0,0.0,0.0,0.0,0.0,0.0,0.0,0.0,0.0,0.0,0.0,0.0,0.0,0.0,0.0,0.0,0.0,0.0,0.0,0.0,0.0,0.0,0.0,0.0,0.0,0.0,0.0,0.0,0.0,0.0,0.0,0.0,0.0,0.0,0.0,0.0,0.0,0.0,0.0,0.0,0.0,0.0,0.0,0.0,0.0,0.0,0.0,0.0,0.0,0.0,0.0,0.0,0.0,0.0
13,1,HL,cogen_conventional_steam_coal,0.0,0.0,0.0,0.0,0.0,0.0,0.0,0.0,0.0,0.0,0.0,0.0,0.0,0.0,0.0,0.0,0.0,0.0,0.0,0.0,0.0,0.0,0.0,0.0,0.0,0.0,0.0,0.0,0.0,0.0,0.0,0.0,0.0,0.0,0.0,0.0,0.0,0.0,0.0,0.0,0.0,0.0,0.0,0.0,0.0,0.0,0.0,0.0,0.0,0.0,0.0,0.0,0.0,0.0,0.0,0.0,0.0,0.0,0.0,0.0,0.0,0.0,0.0,0.0,0.0,0.0,0.0,0.0,0.0,0.0,0.0,0.0,0.0,0.0,0.0,0.0,0.0,0.0,0.0,0.0,0.0,0.0,0.0,0.0,0.0,0.0,0.0,0.0,0.0,0.0,0.0,0.0,0.0,0.0,0.0,0.0,0.0,0.0,0.0,0.0,0.0,0.0,0.0,0.0,0.0,0.0,0.0,0.0,0.0,0.0,0.0,0.0,0.0,0.0,0.0,0.0,0.0,0.0,0.0,0.0,0.0,0.0,0.0,0.0,0.0,0.0,0.0,0.0,0.0,0.0,0.0,0.0,0.0,0.0,0.0,0.0,0.0,0.0,0.0,0.0,0.0,0.0,0.0,0.0,0.0,0.0,0.0,0.0,0.0,0.0,0.0,0.0,0.0,0.0,0.0,0.0,0.0,0.0,0.0,0.0,0.0,0.0,0.0,0.0,0.0,0.0,0.0,0.0
14,1,HL,cogen_conventional_steam_coal,0.0,0.0,0.0,0.0,0.0,0.0,0.0,0.0,0.0,0.0,0.0,0.0,0.0,0.0,0.0,0.0,0.0,0.0,0.0,0.0,0.0,0.0,0.0,0.0,0.0,0.0,0.0,0.0,0.0,0.0,0.0,0.0,0.0,0.0,0.0,0.0,0.0,0.0,0.0,0.0,0.0,0.0,0.0,0.0,0.0,0.0,0.0,0.0,0.0,0.0,0.0,0.0,0.0,0.0,0.0,0.0,0.0,0.0,0.0,0.0,0.0,0.0,0.0,0.0,0.0,0.0,0.0,0.0,0.0,0.0,0.0,0.0,0.0,0.0,0.0,0.0,0.0,0.0,0.0,0.0,0.0,0.0,0.0,0.0,0.0,0.0,0.0,0.0,0.0,0.0,0.0,0.0,0.0,0.0,0.0,0.0,0.0,0.0,0.0,0.0,0.0,0.0,0.0,0.0,0.0,0.0,0.0,0.0,0.0,0.0,0.0,0.0,0.0,0.0,0.0,0.0,0.0,0.0,0.0,0.0,0.0,0.0,0.0,0.0,0.0,0.0,0.0,0.0,0.0,0.0,0.0,0.0,0.0,0.0,0.0,0.0,0.0,0.0,0.0,0.0,0.0,0.0,0.0,0.0,0.0,0.0,0.0,0.0,0.0,0.0,0.0,0.0,0.0,0.0,0.0,0.0,0.0,0.0,0.0,0.0,0.0,0.0,0.0,0.0,0.0,0.0,0.0,0.0
15,1,HL,cogen_conventional_steam_coal,0.0,0.0,0.0,0.0,0.0,0.0,0.0,0.0,0.0,0.0,0.0,0.0,0.0,0.0,0.0,0.0,0.0,0.0,0.0,0.0,0.0,0.0,0.0,0.0,0.0,0.0,0.0,0.0,0.0,0.0,0.0,0.0,0.0,0.0,0.0,0.0,0.0,0.0,0.0,0.0,0.0,0.0,0.0,0.0,0.0,0.0,0.0,0.0,0.0,0.0,0.0,0.0,0.0,0.0,0.0,0.0,0.0,0.0,0.0,0.0,0.0,0.0,0.0,0.0,0.0,0.0,0.0,0.0,0.0,0.0,0.0,0.0,0.0,0.0,0.0,0.0,0.0,0.0,0.0,0.0,0.0,0.0,0.0,0.0,0.0,0.0,0.0,0.0,0.0,0.0,0.0,0.0,0.0,0.0,0.0,0.0,0.0,0.0,0.0,0.0,0.0,0.0,0.0,0.0,0.0,0.0,0.0,0.0,0.0,0.0,0.0,0.0,0.0,0.0,0.0,0.0,0.0,0.0,0.0,0.0,0.0,0.0,0.0,0.0,0.0,0.0,0.0,0.0,0.0,0.0,0.0,0.0,0.0,0.0,0.0,0.0,0.0,0.0,0.0,0.0,0.0,0.0,0.0,0.0,0.0,0.0,0.0,0.0,0.0,0.0,0.0,0.0,0.0,0.0,0.0,0.0,0.0,0.0,0.0,0.0,0.0,0.0,0.0,0.0,0.0,0.0,0.0,0.0
16,1,HL,conventional_steam_coal,0.0,0.0,0.0,0.0,0.0,0.0,0.0,0.0,0.0,0.0,0.0,0.0,0.0,0.0,0.0,0.0,0.0,0.0,0.0,0.0,0.0,0.0,0.0,0.0,0.0,0.0,0.0,0.0,0.0,0.0,0.0,0.0,0.0,0.0,0.0,0.0,0.0,0.0,0.0,0.0,0.0,0.0,0.0,0.0,0.0,0.0,0.0,0.0,0.0,0.0,0.0,0.0,0.0,0.0,0.0,0.0,0.0,0.0,0.0,0.0,0.0,0.0,0.0,0.0,0.0,0.0,0.0,0.0,0.0,0.0,0.0,0.0,0.0,0.0,0.0,0.0,0.0,0.0,0.0,0.0,0.0,0.0,0.0,0.0,0.0,0.0,0.0,0.0,0.0,0.0,0.0,0.0,0.0,0.0,0.0,0.0,0.0,0.0,0.0,0.0,0.0,0.0,0.0,0.0,0.0,0.0,0.0,0.0,0.0,0.0,0.0,0.0,0.0,0.0,0.0,0.0,0.0,0.0,0.0,0.0,0.0,0.0,0.0,0.0,0.0,0.0,0.0,0.0,0.0,0.0,0.0,0.0,0.0,0.0,0.0,0.0,0.0,0.0,0.0,0.0,0.0,0.0,0.0,0.0,0.0,0.0,0.0,0.0,0.0,0.0,0.0,0.0,0.0,0.0,0.0,0.0,0.0,0.0,0.0,0.0,0.0,0.0,0.0,0.0,0.0,0.0,0.0,0.0
17,1,HL,cogen_conventional_steam_coal,0.0,0.0,0.0,0.0,0.0,0.0,0.0,0.0,0.0,0.0,0.0,0.0,0.0,0.0,0.0,0.0,0.0,0.0,0.0,0.0,0.0,0.0,0.0,0.0,0.0,0.0,0.0,0.0,0.0,0.0,0.0,0.0,0.0,0.0,0.0,0.0,0.0,0.0,0.0,0.0,0.0,0.0,0.0,0.0,0.0,0.0,0.0,0.0,0.0,0.0,0.0,0.0,0.0,0.0,0.0,0.0,0.0,0.0,0.0,0.0,0.0,0.0,0.0,0.0,0.0,0.0,0.0,0.0,0.0,0.0,0.0,0.0,0.0,0.0,0.0,0.0,0.0,0.0,0.0,0.0,0.0,0.0,0.0,0.0,0.0,0.0,0.0,0.0,0.0,0.0,0.0,0.0,0.0,0.0,0.0,0.0,0.0,0.0,0.0,0.0,0.0,0.0,0.0,0.0,0.0,0.0,0.0,0.0,0.0,0.0,0.0,0.0,0.0,0.0,0.0,0.0,0.0,0.0,0.0,0.0,0.0,0.0,0.0,0.0,0.0,0.0,0.0,0.0,0.0,0.0,0.0,0.0,0.0,0.0,0.0,0.0,0.0,0.0,0.0,0.0,0.0,0.0,0.0,0.0,0.0,0.0,0.0,0.0,0.0,0.0,0.0,0.0,0.0,0.0,0.0,0.0,0.0,0.0,0.0,0.0,0.0,0.0,0.0,0.0,0.0,0.0,0.0,0.0
18,1,HL,cogen_conventional_steam_coal,0.0,0.0,0.0,0.0,0.0,0.0,0.0,0.0,0.0,0.0,0.0,0.0,0.0,0.0,0.0,0.0,0.0,0.0,0.0,0.0,0.0,0.0,0.0,0.0,0.0,0.0,0.0,0.0,0.0,0.0,0.0,0.0,0.0,0.0,0.0,0.0,0.0,0.0,0.0,0.0,0.0,0.0,0.0,0.0,0.0,0.0,0.0,0.0,0.0,0.0,0.0,0.0,0.0,0.0,0.0,0.0,0.0,0.0,0.0,0.0,0.0,0.0,0.0,0.0,0.0,0.0,0.0,0.0,0.0,0.0,0.0,0.0,0.0,0.0,0.0,0.0,0.0,0.0,0.0,0.0,0.0,0.0,0.0,0.0,0.0,0.0,0.0,0.0,0.0,0.0,0.0,0.0,0.0,0.0,0.0,0.0,0.0,0.0,0.0,0.0,0.0,0.0,0.0,0.0,0.0,0.0,0.0,0.0,0.0,0.0,0.0,0.0,0.0,0.0,0.0,0.0,0.0,0.0,0.0,0.0,0.0,0.0,0.0,0.0,0.0,0.0,0.0,0.0,0.0,0.0,0.0,0.0,0.0,0.0,0.0,0.0,0.0,0.0,0.0,0.0,0.0,0.0,0.0,0.0,0.0,0.0,0.0,0.0,0.0,0.0,0.0,0.0,0.0,0.0,0.0,0.0,0.0,0.0,0.0,0.0,0.0,0.0,0.0,0.0,0.0,0.0,0.0,0.0
19,1,HL,cogen_conventional_steam_coal,0.0,0.0,0.0,0.0,0.0,0.0,0.0,0.0,0.0,0.0,0.0,0.0,0.0,0.0,0.0,0.0,0.0,0.0,0.0,0.0,0.0,0.0,0.0,0.0,0.0,0.0,0.0,0.0,0.0,0.0,0.0,0.0,0.0,0.0,0.0,0.0,0.0,0.0,0.0,0.0,0.0,0.0,0.0,0.0,0.0,0.0,0.0,0.0,0.0,0.0,0.0,0.0,0.0,0.0,0.0,0.0,0.0,0.0,0.0,0.0,0.0,0.0,0.0,0.0,0.0,0.0,0.0,0.0,0.0,0.0,0.0,0.0,0.0,0.0,0.0,0.0,0.0,0.0,0.0,0.0,0.0,0.0,0.0,0.0,0.0,0.0,0.0,0.0,0.0,0.0,0.0,0.0,0.0,0.0,0.0,0.0,0.0,0.0,0.0,0.0,0.0,0.0,0.0,0.0,0.0,0.0,0.0,0.0,0.0,0.0,0.0,0.0,0.0,0.0,0.0,0.0,0.0,0.0,0.0,0.0,0.0,0.0,0.0,0.0,0.0,0.0,0.0,0.0,0.0,0.0,0.0,0.0,0.0,0.0,0.0,0.0,0.0,0.0,0.0,0.0,0.0,0.0,0.0,0.0,0.0,0.0,0.0,0.0,0.0,0.0,0.0,0.0,0.0,0.0,0.0,0.0,0.0,0.0,0.0,0.0,0.0,0.0,0.0,0.0,0.0,0.0,0.0,0.0
20,1,HL,cogen_conventional_steam_coal,0.0,0.0,0.0,0.0,0.0,0.0,0.0,0.0,0.0,0.0,0.0,0.0,0.0,0.0,0.0,0.0,0.0,0.0,0.0,0.0,0.0,0.0,0.0,0.0,0.0,0.0,0.0,0.0,0.0,0.0,0.0,0.0,0.0,0.0,0.0,0.0,0.0,0.0,0.0,0.0,0.0,0.0,0.0,0.0,0.0,0.0,0.0,0.0,0.0,0.0,0.0,0.0,0.0,0.0,0.0,0.0,0.0,0.0,0.0,0.0,0.0,0.0,0.0,0.0,0.0,0.0,0.0,0.0,0.0,0.0,0.0,0.0,0.0,0.0,0.0,0.0,0.0,0.0,0.0,0.0,0.0,0.0,0.0,0.0,0.0,0.0,0.0,0.0,0.0,0.0,0.0,0.0,0.0,0.0,0.0,0.0,0.0,0.0,0.0,0.0,0.0,0.0,0.0,0.0,0.0,0.0,0.0,0.0,0.0,0.0,0.0,0.0,0.0,0.0,0.0,0.0,0.0,0.0,0.0,0.0,0.0,0.0,0.0,0.0,0.0,0.0,0.0,0.0,0.0,0.0,0.0,0.0,0.0,0.0,0.0,0.0,0.0,0.0,0.0,0.0,0.0,0.0,0.0,0.0,0.0,0.0,0.0,0.0,0.0,0.0,0.0,0.0,0.0,0.0,0.0,0.0,0.0,0.0,0.0,0.0,0.0,0.0,0.0,0.0,0.0,0.0,0.0,0.0
21,1,HL,cogen_conventional_steam_coal,0.0,0.0,0.0,0.0,0.0,0.0,0.0,0.0,0.0,0.0,0.0,0.0,0.0,0.0,0.0,0.0,0.0,0.0,0.0,0.0,0.0,0.0,0.0,0.0,0.0,0.0,0.0,0.0,0.0,0.0,0.0,0.0,0.0,0.0,0.0,0.0,0.0,0.0,0.0,0.0,0.0,0.0,0.0,0.0,0.0,0.0,0.0,0.0,0.0,0.0,0.0,0.0,0.0,0.0,0.0,0.0,0.0,0.0,0.0,0.0,0.0,0.0,0.0,0.0,0.0,0.0,0.0,0.0,0.0,0.0,0.0,0.0,0.0,0.0,0.0,0.0,0.0,0.0,0.0,0.0,0.0,0.0,0.0,0.0,0.0,0.0,0.0,0.0,0.0,0.0,0.0,0.0,0.0,0.0,0.0,0.0,0.0,0.0,0.0,0.0,0.0,0.0,0.0,0.0,0.0,0.0,0.0,0.0,0.0,0.0,0.0,0.0,0.0,0.0,0.0,0.0,0.0,0.0,0.0,0.0,0.0,0.0,0.0,0.0,0.0,0.0,0.0,0.0,0.0,0.0,0.0,0.0,0.0,0.0,0.0,0.0,0.0,0.0,0.0,0.0,0.0,0.0,0.0,0.0,0.0,0.0,0.0,0.0,0.0,0.0,0.0,0.0,0.0,0.0,0.0,0.0,0.0,0.0,0.0,0.0,0.0,0.0,0.0,0.0,0.0,0.0,0.0,0.0
22,1,HL,cogen_conventional_steam_coal,0.0,0.0,0.0,0.0,0.0,0.0,0.0,0.0,0.0,0.0,0.0,0.0,0.0,0.0,0.0,0.0,0.0,0.0,0.0,0.0,0.0,0.0,0.0,0.0,0.0,0.0,0.0,0.0,0.0,0.0,0.0,0.0,0.0,0.0,0.0,0.0,0.0,0.0,0.0,0.0,0.0,0.0,0.0,0.0,0.0,0.0,0.0,0.0,0.0,0.0,0.0,0.0,0.0,0.0,0.0,0.0,0.0,0.0,0.0,0.0,0.0,0.0,0.0,0.0,0.0,0.0,0.0,0.0,0.0,0.0,0.0,0.0,0.0,0.0,0.0,0.0,0.0,0.0,0.0,0.0,0.0,0.0,0.0,0.0,0.0,0.0,0.0,0.0,0.0,0.0,0.0,0.0,0.0,0.0,0.0,0.0,0.0,0.0,0.0,0.0,0.0,0.0,0.0,0.0,0.0,0.0,0.0,0.0,0.0,0.0,0.0,0.0,0.0,0.0,0.0,0.0,0.0,0.0,0.0,0.0,0.0,0.0,0.0,0.0,0.0,0.0,0.0,0.0,0.0,0.0,0.0,0.0,0.0,0.0,0.0,0.0,0.0,0.0,0.0,0.0,0.0,0.0,0.0,0.0,0.0,0.0,0.0,0.0,0.0,0.0,0.0,0.0,0.0,0.0,0.0,0.0,0.0,0.0,0.0,0.0,0.0,0.0,0.0,0.0,0.0,0.0,0.0,0.0
23,1,HL,cogen_conventional_steam_coal,0.0,0.0,0.0,0.0,0.0,0.0,0.0,0.0,0.0,0.0,0.0,0.0,0.0,0.0,0.0,0.0,0.0,0.0,0.0,0.0,0.0,0.0,0.0,0.0,0.0,0.0,0.0,0.0,0.0,0.0,0.0,0.0,0.0,0.0,0.0,0.0,0.0,0.0,0.0,0.0,0.0,0.0,0.0,0.0,0.0,0.0,0.0,0.0,0.0,0.0,0.0,0.0,0.0,0.0,0.0,0.0,0.0,0.0,0.0,0.0,0.0,0.0,0.0,0.0,0.0,0.0,0.0,0.0,0.0,0.0,0.0,0.0,0.0,0.0,0.0,0.0,0.0,0.0,0.0,0.0,0.0,0.0,0.0,0.0,0.0,0.0,0.0,0.0,0.0,0.0,0.0,0.0,0.0,0.0,0.0,0.0,0.0,0.0,0.0,0.0,0.0,0.0,0.0,0.0,0.0,0.0,0.0,0.0,0.0,0.0,0.0,0.0,0.0,0.0,0.0,0.0,0.0,0.0,0.0,0.0,0.0,0.0,0.0,0.0,0.0,0.0,0.0,0.0,0.0,0.0,0.0,0.0,0.0,0.0,0.0,0.0,0.0,0.0,0.0,0.0,0.0,0.0,0.0,0.0,0.0,0.0,0.0,0.0,0.0,0.0,0.0,0.0,0.0,0.0,0.0,0.0,0.0,0.0,0.0,0.0,0.0,0.0,0.0,0.0,0.0,0.0,0.0,0.0
24,1,HL,cogen_conventional_steam_coal,0.0,0.0,0.0,0.0,0.0,0.0,0.0,0.0,0.0,0.0,0.0,0.0,0.0,0.0,0.0,0.0,0.0,0.0,0.0,0.0,0.0,0.0,0.0,0.0,0.0,0.0,0.0,0.0,0.0,0.0,0.0,0.0,0.0,0.0,0.0,0.0,0.0,0.0,0.0,0.0,0.0,0.0,0.0,0.0,0.0,0.0,0.0,0.0,0.0,0.0,0.0,0.0,0.0,0.0,0.0,0.0,0.0,0.0,0.0,0.0,0.0,0.0,0.0,0.0,0.0,0.0,0.0,0.0,0.0,0.0,0.0,0.0,0.0,0.0,0.0,0.0,0.0,0.0,0.0,0.0,0.0,0.0,0.0,0.0,0.0,0.0,0.0,0.0,0.0,0.0,0.0,0.0,0.0,0.0,0.0,0.0,0.0,0.0,0.0,0.0,0.0,0.0,0.0,0.0,0.0,0.0,0.0,0.0,0.0,0.0,0.0,0.0,0.0,0.0,0.0,0.0,0.0,0.0,0.0,0.0,0.0,0.0,0.0,0.0,0.0,0.0,0.0,0.0,0.0,0.0,0.0,0.0,0.0,0.0,0.0,0.0,0.0,0.0,0.0,0.0,0.0,0.0,0.0,0.0,0.0,0.0,0.0,0.0,0.0,0.0,0.0,0.0,0.0,0.0,0.0,0.0,0.0,0.0,0.0,0.0,0.0,0.0,0.0,0.0,0.0,0.0,0.0,0.0
25,1,HL,cogen_conventional_steam_coal,0.0,0.0,0.0,0.0,0.0,0.0,0.0,0.0,0.0,0.0,0.0,0.0,0.0,0.0,0.0,0.0,0.0,0.0,0.0,0.0,0.0,0.0,0.0,0.0,0.0,0.0,0.0,0.0,0.0,0.0,0.0,0.0,0.0,0.0,0.0,0.0,0.0,0.0,0.0,0.0,0.0,0.0,0.0,0.0,0.0,0.0,0.0,0.0,0.0,0.0,0.0,0.0,0.0,0.0,0.0,0.0,0.0,0.0,0.0,0.0,0.0,0.0,0.0,0.0,0.0,0.0,0.0,0.0,0.0,0.0,0.0,0.0,0.0,0.0,0.0,0.0,0.0,0.0,0.0,0.0,0.0,0.0,0.0,0.0,0.0,0.0,0.0,0.0,0.0,0.0,0.0,0.0,0.0,0.0,0.0,0.0,0.0,0.0,0.0,0.0,0.0,0.0,0.0,0.0,0.0,0.0,0.0,0.0,0.0,0.0,0.0,0.0,0.0,0.0,0.0,0.0,0.0,0.0,0.0,0.0,0.0,0.0,0.0,0.0,0.0,0.0,0.0,0.0,0.0,0.0,0.0,0.0,0.0,0.0,0.0,0.0,0.0,0.0,0.0,0.0,0.0,0.0,0.0,0.0,0.0,0.0,0.0,0.0,0.0,0.0,0.0,0.0,0.0,0.0,0.0,0.0,0.0,0.0,0.0,0.0,0.0,0.0,0.0,0.0,0.0,0.0,0.0,0.0
26,1,HL,cogen_conventional_steam_coal,0.0,0.0,0.0,0.0,0.0,0.0,0.0,0.0,0.0,0.0,0.0,0.0,0.0,0.0,0.0,0.0,0.0,0.0,0.0,0.0,0.0,0.0,0.0,0.0,0.0,0.0,0.0,0.0,0.0,0.0,0.0,0.0,0.0,0.0,0.0,0.0,0.0,0.0,0.0,0.0,0.0,0.0,0.0,0.0,0.0,0.0,0.0,0.0,0.0,0.0,0.0,0.0,0.0,0.0,0.0,0.0,0.0,0.0,0.0,0.0,0.0,0.0,0.0,0.0,0.0,0.0,0.0,0.0,0.0,0.0,0.0,0.0,0.0,0.0,0.0,0.0,0.0,0.0,0.0,0.0,0.0,0.0,0.0,0.0,0.0,0.0,0.0,0.0,0.0,0.0,0.0,0.0,0.0,0.0,0.0,0.0,0.0,0.0,0.0,0.0,0.0,0.0,0.0,0.0,0.0,0.0,0.0,0.0,0.0,0.0,0.0,0.0,0.0,0.0,0.0,0.0,0.0,0.0,0.0,0.0,0.0,0.0,0.0,0.0,0.0,0.0,0.0,0.0,0.0,0.0,0.0,0.0,0.0,0.0,0.0,0.0,0.0,0.0,0.0,0.0,0.0,0.0,0.0,0.0,0.0,0.0,0.0,0.0,0.0,0.0,0.0,0.0,0.0,0.0,0.0,0.0,0.0,0.0,0.0,0.0,0.0,0.0,0.0,0.0,0.0,0.0,0.0,0.0
27,1,HL,cogen_conventional_steam_coal,0.0,0.0,0.0,0.0,0.0,0.0,0.0,0.0,0.0,0.0,0.0,0.0,0.0,0.0,0.0,0.0,0.0,0.0,0.0,0.0,0.0,0.0,0.0,0.0,0.0,0.0,0.0,0.0,0.0,0.0,0.0,0.0,0.0,0.0,0.0,0.0,0.0,0.0,0.0,0.0,0.0,0.0,0.0,0.0,0.0,0.0,0.0,0.0,0.0,0.0,0.0,0.0,0.0,0.0,0.0,0.0,0.0,0.0,0.0,0.0,0.0,0.0,0.0,0.0,0.0,0.0,0.0,0.0,0.0,0.0,0.0,0.0,0.0,0.0,0.0,0.0,0.0,0.0,0.0,0.0,0.0,0.0,0.0,0.0,0.0,0.0,0.0,0.0,0.0,0.0,0.0,0.0,0.0,0.0,0.0,0.0,0.0,0.0,0.0,0.0,0.0,0.0,0.0,0.0,0.0,0.0,0.0,0.0,0.0,0.0,0.0,0.0,0.0,0.0,0.0,0.0,0.0,0.0,0.0,0.0,0.0,0.0,0.0,0.0,0.0,0.0,0.0,0.0,0.0,0.0,0.0,0.0,0.0,0.0,0.0,0.0,0.0,0.0,0.0,0.0,0.0,0.0,0.0,0.0,0.0,0.0,0.0,0.0,0.0,0.0,0.0,0.0,0.0,0.0,0.0,0.0,0.0,0.0,0.0,0.0,0.0,0.0,0.0,0.0,0.0,0.0,0.0,0.0
28,1,HL,cogen_conventional_steam_coal,0.0,0.0,0.0,0.0,0.0,0.0,0.0,0.0,0.0,0.0,0.0,0.0,0.0,0.0,0.0,0.0,0.0,0.0,0.0,0.0,0.0,0.0,0.0,0.0,0.0,0.0,0.0,0.0,0.0,0.0,0.0,0.0,0.0,0.0,0.0,0.0,0.0,0.0,0.0,0.0,0.0,0.0,0.0,0.0,0.0,0.0,0.0,0.0,0.0,0.0,0.0,0.0,0.0,0.0,0.0,0.0,0.0,0.0,0.0,0.0,0.0,0.0,0.0,0.0,0.0,0.0,0.0,0.0,0.0,0.0,0.0,0.0,0.0,0.0,0.0,0.0,0.0,0.0,0.0,0.0,0.0,0.0,0.0,0.0,0.0,0.0,0.0,0.0,0.0,0.0,0.0,0.0,0.0,0.0,0.0,0.0,0.0,0.0,0.0,0.0,0.0,0.0,0.0,0.0,0.0,0.0,0.0,0.0,0.0,0.0,0.0,0.0,0.0,0.0,0.0,0.0,0.0,0.0,0.0,0.0,0.0,0.0,0.0,0.0,0.0,0.0,0.0,0.0,0.0,0.0,0.0,0.0,0.0,0.0,0.0,0.0,0.0,0.0,0.0,0.0,0.0,0.0,0.0,0.0,0.0,0.0,0.0,0.0,0.0,0.0,0.0,0.0,0.0,0.0,0.0,0.0,0.0,0.0,0.0,0.0,0.0,0.0,0.0,0.0,0.0,0.0,0.0,0.0
29,1,HL,cogen_conventional_steam_coal,0.0,0.0,0.0,0.0,0.0,0.0,0.0,0.0,0.0,0.0,0.0,0.0,0.0,0.0,0.0,0.0,0.0,0.0,0.0,0.0,0.0,0.0,0.0,0.0,0.0,0.0,0.0,0.0,0.0,0.0,0.0,0.0,0.0,0.0,0.0,0.0,0.0,0.0,0.0,0.0,0.0,0.0,0.0,0.0,0.0,0.0,0.0,0.0,0.0,0.0,0.0,0.0,0.0,0.0,0.0,0.0,0.0,0.0,0.0,0.0,0.0,0.0,0.0,0.0,0.0,0.0,0.0,0.0,0.0,0.0,0.0,0.0,0.0,0.0,0.0,0.0,0.0,0.0,0.0,0.0,0.0,0.0,0.0,0.0,0.0,0.0,0.0,0.0,0.0,0.0,0.0,0.0,0.0,0.0,0.0,0.0,0.0,0.0,0.0,0.0,0.0,0.0,0.0,0.0,0.0,0.0,0.0,0.0,0.0,0.0,0.0,0.0,0.0,0.0,0.0,0.0,0.0,0.0,0.0,0.0,0.0,0.0,0.0,0.0,0.0,0.0,0.0,0.0,0.0,0.0,0.0,0.0,0.0,0.0,0.0,0.0,0.0,0.0,0.0,0.0,0.0,0.0,0.0,0.0,0.0,0.0,0.0,0.0,0.0,0.0,0.0,0.0,0.0,0.0,0.0,0.0,0.0,0.0,0.0,0.0,0.0,0.0,0.0,0.0,0.0,0.0,0.0,0.0
30,1,HL,cogen_conventional_steam_coal,0.0,0.0,0.0,0.0,0.0,0.0,0.0,0.0,0.0,0.0,0.0,0.0,0.0,0.0,0.0,0.0,0.0,0.0,0.0,0.0,0.0,0.0,0.0,0.0,0.0,0.0,0.0,0.0,0.0,0.0,0.0,0.0,0.0,0.0,0.0,0.0,0.0,0.0,0.0,0.0,0.0,0.0,0.0,0.0,0.0,0.0,0.0,0.0,0.0,0.0,0.0,0.0,0.0,0.0,0.0,0.0,0.0,0.0,0.0,0.0,0.0,0.0,0.0,0.0,0.0,0.0,0.0,0.0,0.0,0.0,0.0,0.0,0.0,0.0,0.0,0.0,0.0,0.0,0.0,0.0,0.0,0.0,0.0,0.0,0.0,0.0,0.0,0.0,0.0,0.0,0.0,0.0,0.0,0.0,0.0,0.0,0.0,0.0,0.0,0.0,0.0,0.0,0.0,0.0,0.0,0.0,0.0,0.0,0.0,0.0,0.0,0.0,0.0,0.0,0.0,0.0,0.0,0.0,0.0,0.0,0.0,0.0,0.0,0.0,0.0,0.0,0.0,0.0,0.0,0.0,0.0,0.0,0.0,0.0,0.0,0.0,0.0,0.0,0.0,0.0,0.0,0.0,0.0,0.0,0.0,0.0,0.0,0.0,0.0,0.0,0.0,0.0,0.0,0.0,0.0,0.0,0.0,0.0,0.0,0.0,0.0,0.0,0.0,0.0,0.0,0.0,0.0,0.0
31,1,HL,cogen_conventional_steam_coal,0.0,0.0,0.0,0.0,0.0,0.0,0.0,0.0,0.0,0.0,0.0,0.0,0.0,0.0,0.0,0.0,0.0,0.0,0.0,0.0,0.0,0.0,0.0,0.0,0.0,0.0,0.0,0.0,0.0,0.0,0.0,0.0,0.0,0.0,0.0,0.0,0.0,0.0,0.0,0.0,0.0,0.0,0.0,0.0,0.0,0.0,0.0,0.0,0.0,0.0,0.0,0.0,0.0,0.0,0.0,0.0,0.0,0.0,0.0,0.0,0.0,0.0,0.0,0.0,0.0,0.0,0.0,0.0,0.0,0.0,0.0,0.0,0.0,0.0,0.0,0.0,0.0,0.0,0.0,0.0,0.0,0.0,0.0,0.0,0.0,0.0,0.0,0.0,0.0,0.0,0.0,0.0,0.0,0.0,0.0,0.0,0.0,0.0,0.0,0.0,0.0,0.0,0.0,0.0,0.0,0.0,0.0,0.0,0.0,0.0,0.0,0.0,0.0,0.0,0.0,0.0,0.0,0.0,0.0,0.0,0.0,0.0,0.0,0.0,0.0,0.0,0.0,0.0,0.0,0.0,0.0,0.0,0.0,0.0,0.0,0.0,0.0,0.0,0.0,0.0,0.0,0.0,0.0,0.0,0.0,0.0,0.0,0.0,0.0,0.0,0.0,0.0,0.0,0.0,0.0,0.0,0.0,0.0,0.0,0.0,0.0,0.0,0.0,0.0,0.0,0.0,0.0,0.0
32,1,HL,cogen_conventional_steam_coal,0.0,0.0,0.0,0.0,0.0,0.0,0.0,0.0,0.0,0.0,0.0,0.0,0.0,0.0,0.0,0.0,0.0,0.0,0.0,0.0,0.0,0.0,0.0,0.0,0.0,0.0,0.0,0.0,0.0,0.0,0.0,0.0,0.0,0.0,0.0,0.0,0.0,0.0,0.0,0.0,0.0,0.0,0.0,0.0,0.0,0.0,0.0,0.0,0.0,0.0,0.0,0.0,0.0,0.0,0.0,0.0,0.0,0.0,0.0,0.0,0.0,0.0,0.0,0.0,0.0,0.0,0.0,0.0,0.0,0.0,0.0,0.0,0.0,0.0,0.0,0.0,0.0,0.0,0.0,0.0,0.0,0.0,0.0,0.0,0.0,0.0,0.0,0.0,0.0,0.0,0.0,0.0,0.0,0.0,0.0,0.0,0.0,0.0,0.0,0.0,0.0,0.0,0.0,0.0,0.0,0.0,0.0,0.0,0.0,0.0,0.0,0.0,0.0,0.0,0.0,0.0,0.0,0.0,0.0,0.0,0.0,0.0,0.0,0.0,0.0,0.0,0.0,0.0,0.0,0.0,0.0,0.0,0.0,0.0,0.0,0.0,0.0,0.0,0.0,0.0,0.0,0.0,0.0,0.0,0.0,0.0,0.0,0.0,0.0,0.0,0.0,0.0,0.0,0.0,0.0,0.0,0.0,0.0,0.0,0.0,0.0,0.0,0.0,0.0,0.0,0.0,0.0,0.0
33,1,HL,cogen_conventional_steam_coal,0.0,0.0,0.0,0.0,0.0,0.0,0.0,0.0,0.0,0.0,0.0,0.0,0.0,0.0,0.0,0.0,0.0,0.0,0.0,0.0,0.0,0.0,0.0,0.0,0.0,0.0,0.0,0.0,0.0,0.0,0.0,0.0,0.0,0.0,0.0,0.0,0.0,0.0,0.0,0.0,0.0,0.0,0.0,0.0,0.0,0.0,0.0,0.0,0.0,0.0,0.0,0.0,0.0,0.0,0.0,0.0,0.0,0.0,0.0,0.0,0.0,0.0,0.0,0.0,0.0,0.0,0.0,0.0,0.0,0.0,0.0,0.0,0.0,0.0,0.0,0.0,0.0,0.0,0.0,0.0,0.0,0.0,0.0,0.0,0.0,0.0,0.0,0.0,0.0,0.0,0.0,0.0,0.0,0.0,0.0,0.0,0.0,0.0,0.0,0.0,0.0,0.0,0.0,0.0,0.0,0.0,0.0,0.0,0.0,0.0,0.0,0.0,0.0,0.0,0.0,0.0,0.0,0.0,0.0,0.0,0.0,0.0,0.0,0.0,0.0,0.0,0.0,0.0,0.0,0.0,0.0,0.0,0.0,0.0,0.0,0.0,0.0,0.0,0.0,0.0,0.0,0.0,0.0,0.0,0.0,0.0,0.0,0.0,0.0,0.0,0.0,0.0,0.0,0.0,0.0,0.0,0.0,0.0,0.0,0.0,0.0,0.0,0.0,0.0,0.0,0.0,0.0,0.0
34,1,HL,cogen_conventional_steam_coal,0.0,0.0,0.0,0.0,0.0,0.0,0.0,0.0,0.0,0.0,0.0,0.0,0.0,0.0,0.0,0.0,0.0,0.0,0.0,0.0,0.0,0.0,0.0,0.0,0.0,0.0,0.0,0.0,0.0,0.0,0.0,0.0,0.0,0.0,0.0,0.0,0.0,0.0,0.0,0.0,0.0,0.0,0.0,0.0,0.0,0.0,0.0,0.0,0.0,0.0,0.0,0.0,0.0,0.0,0.0,0.0,0.0,0.0,0.0,0.0,0.0,0.0,0.0,0.0,0.0,0.0,0.0,0.0,0.0,0.0,0.0,0.0,0.0,0.0,0.0,0.0,0.0,0.0,0.0,0.0,0.0,0.0,0.0,0.0,0.0,0.0,0.0,0.0,0.0,0.0,0.0,0.0,0.0,0.0,0.0,0.0,0.0,0.0,0.0,0.0,0.0,0.0,0.0,0.0,0.0,0.0,0.0,0.0,0.0,0.0,0.0,0.0,0.0,0.0,0.0,0.0,0.0,0.0,0.0,0.0,0.0,0.0,0.0,0.0,0.0,0.0,0.0,0.0,0.0,0.0,0.0,0.0,0.0,0.0,0.0,0.0,0.0,0.0,0.0,0.0,0.0,0.0,0.0,0.0,0.0,0.0,0.0,0.0,0.0,0.0,0.0,0.0,0.0,0.0,0.0,0.0,0.0,0.0,0.0,0.0,0.0,0.0,0.0,0.0,0.0,0.0,0.0,0.0
35,1,HL,cogen_conventional_steam_coal,0.0,0.0,0.0,0.0,0.0,0.0,0.0,0.0,0.0,0.0,0.0,0.0,0.0,0.0,0.0,0.0,0.0,0.0,0.0,0.0,0.0,0.0,0.0,0.0,0.0,0.0,0.0,0.0,0.0,0.0,0.0,0.0,0.0,0.0,0.0,0.0,0.0,0.0,0.0,0.0,0.0,0.0,0.0,0.0,0.0,0.0,0.0,0.0,0.0,0.0,0.0,0.0,0.0,0.0,0.0,0.0,0.0,0.0,0.0,0.0,0.0,0.0,0.0,0.0,0.0,0.0,0.0,0.0,0.0,0.0,0.0,0.0,0.0,0.0,0.0,0.0,0.0,0.0,0.0,0.0,0.0,0.0,0.0,0.0,0.0,0.0,0.0,0.0,0.0,0.0,0.0,0.0,0.0,0.0,0.0,0.0,0.0,0.0,0.0,0.0,0.0,0.0,0.0,0.0,0.0,0.0,0.0,0.0,0.0,0.0,0.0,0.0,0.0,0.0,0.0,0.0,0.0,0.0,0.0,0.0,0.0,0.0,0.0,0.0,0.0,0.0,0.0,0.0,0.0,0.0,0.0,0.0,0.0,0.0,0.0,0.0,0.0,0.0,0.0,0.0,0.0,0.0,0.0,0.0,0.0,0.0,0.0,0.0,0.0,0.0,0.0,0.0,0.0,0.0,0.0,0.0,0.0,0.0,0.0,0.0,0.0,0.0,0.0,0.0,0.0,0.0,0.0,0.0
36,1,HL,cogen_conventional_steam_coal,0.0,0.0,0.0,0.0,0.0,0.0,0.0,0.0,0.0,0.0,0.0,0.0,0.0,0.0,0.0,0.0,0.0,0.0,0.0,0.0,0.0,0.0,0.0,0.0,0.0,0.0,0.0,0.0,0.0,0.0,0.0,0.0,0.0,0.0,0.0,0.0,0.0,0.0,0.0,0.0,0.0,0.0,0.0,0.0,0.0,0.0,0.0,0.0,0.0,0.0,0.0,0.0,0.0,0.0,0.0,0.0,0.0,0.0,0.0,0.0,0.0,0.0,0.0,0.0,0.0,0.0,0.0,0.0,0.0,0.0,0.0,0.0,0.0,0.0,0.0,0.0,0.0,0.0,0.0,0.0,0.0,0.0,0.0,0.0,0.0,0.0,0.0,0.0,0.0,0.0,0.0,0.0,0.0,0.0,0.0,0.0,0.0,0.0,0.0,0.0,0.0,0.0,0.0,0.0,0.0,0.0,0.0,0.0,0.0,0.0,0.0,0.0,0.0,0.0,0.0,0.0,0.0,0.0,0.0,0.0,0.0,0.0,0.0,0.0,0.0,0.0,0.0,0.0,0.0,0.0,0.0,0.0,0.0,0.0,0.0,0.0,0.0,0.0,0.0,0.0,0.0,0.0,0.0,0.0,0.0,0.0,0.0,0.0,0.0,0.0,0.0,0.0,0.0,0.0,0.0,0.0,0.0,0.0,0.0,0.0,0.0,0.0,0.0,0.0,0.0,0.0,0.0,0.0
37,1,HL,cogen_conventional_steam_coal,0.0,0.0,0.0,0.0,0.0,0.0,0.0,0.0,0.0,0.0,0.0,0.0,0.0,0.0,0.0,0.0,0.0,0.0,0.0,0.0,0.0,0.0,0.0,0.0,0.0,0.0,0.0,0.0,0.0,0.0,0.0,0.0,0.0,0.0,0.0,0.0,0.0,0.0,0.0,0.0,0.0,0.0,0.0,0.0,0.0,0.0,0.0,0.0,0.0,0.0,0.0,0.0,0.0,0.0,0.0,0.0,0.0,0.0,0.0,0.0,0.0,0.0,0.0,0.0,0.0,0.0,0.0,0.0,0.0,0.0,0.0,0.0,0.0,0.0,0.0,0.0,0.0,0.0,0.0,0.0,0.0,0.0,0.0,0.0,0.0,0.0,0.0,0.0,0.0,0.0,0.0,0.0,0.0,0.0,0.0,0.0,0.0,0.0,0.0,0.0,0.0,0.0,0.0,0.0,0.0,0.0,0.0,0.0,0.0,0.0,0.0,0.0,0.0,0.0,0.0,0.0,0.0,0.0,0.0,0.0,0.0,0.0,0.0,0.0,0.0,0.0,0.0,0.0,0.0,0.0,0.0,0.0,0.0,0.0,0.0,0.0,0.0,0.0,0.0,0.0,0.0,0.0,0.0,0.0,0.0,0.0,0.0,0.0,0.0,0.0,0.0,0.0,0.0,0.0,0.0,0.0,0.0,0.0,0.0,0.0,0.0,0.0,0.0,0.0,0.0,0.0,0.0,0.0
38,1,HL,cogen_conventional_steam_coal,0.0,0.0,0.0,0.0,0.0,0.0,0.0,0.0,0.0,0.0,0.0,0.0,0.0,0.0,0.0,0.0,0.0,0.0,0.0,0.0,0.0,0.0,0.0,0.0,0.0,0.0,0.0,0.0,0.0,0.0,0.0,0.0,0.0,0.0,0.0,0.0,0.0,0.0,0.0,0.0,0.0,0.0,0.0,0.0,0.0,0.0,0.0,0.0,0.0,0.0,0.0,0.0,0.0,0.0,0.0,0.0,0.0,0.0,0.0,0.0,0.0,0.0,0.0,0.0,0.0,0.0,0.0,0.0,0.0,0.0,0.0,0.0,0.0,0.0,0.0,0.0,0.0,0.0,0.0,0.0,0.0,0.0,0.0,0.0,0.0,0.0,0.0,0.0,0.0,0.0,0.0,0.0,0.0,0.0,0.0,0.0,0.0,0.0,0.0,0.0,0.0,0.0,0.0,0.0,0.0,0.0,0.0,0.0,0.0,0.0,0.0,0.0,0.0,0.0,0.0,0.0,0.0,0.0,0.0,0.0,0.0,0.0,0.0,0.0,0.0,0.0,0.0,0.0,0.0,0.0,0.0,0.0,0.0,0.0,0.0,0.0,0.0,0.0,0.0,0.0,0.0,0.0,0.0,0.0,0.0,0.0,0.0,0.0,0.0,0.0,0.0,0.0,0.0,0.0,0.0,0.0,0.0,0.0,0.0,0.0,0.0,0.0,0.0,0.0,0.0,0.0,0.0,0.0
39,1,HL,cogen_conventional_steam_coal,0.0,0.0,0.0,0.0,0.0,0.0,0.0,0.0,0.0,0.0,0.0,0.0,0.0,0.0,0.0,0.0,0.0,0.0,0.0,0.0,0.0,0.0,0.0,0.0,0.0,0.0,0.0,0.0,0.0,0.0,0.0,0.0,0.0,0.0,0.0,0.0,0.0,0.0,0.0,0.0,0.0,0.0,0.0,0.0,0.0,0.0,0.0,0.0,0.0,0.0,0.0,0.0,0.0,0.0,0.0,0.0,0.0,0.0,0.0,0.0,0.0,0.0,0.0,0.0,0.0,0.0,0.0,0.0,0.0,0.0,0.0,0.0,0.0,0.0,0.0,0.0,0.0,0.0,0.0,0.0,0.0,0.0,0.0,0.0,0.0,0.0,0.0,0.0,0.0,0.0,0.0,0.0,0.0,0.0,0.0,0.0,0.0,0.0,0.0,0.0,0.0,0.0,0.0,0.0,0.0,0.0,0.0,0.0,0.0,0.0,0.0,0.0,0.0,0.0,0.0,0.0,0.0,0.0,0.0,0.0,0.0,0.0,0.0,0.0,0.0,0.0,0.0,0.0,0.0,0.0,0.0,0.0,0.0,0.0,0.0,0.0,0.0,0.0,0.0,0.0,0.0,0.0,0.0,0.0,0.0,0.0,0.0,0.0,0.0,0.0,0.0,0.0,0.0,0.0,0.0,0.0,0.0,0.0,0.0,0.0,0.0,0.0,0.0,0.0,0.0,0.0,0.0,0.0
40,1,HL,cogen_conventional_steam_coal,0.0,0.0,0.0,0.0,0.0,0.0,0.0,0.0,0.0,0.0,0.0,0.0,0.0,0.0,0.0,0.0,0.0,0.0,0.0,0.0,0.0,0.0,0.0,0.0,0.0,0.0,0.0,0.0,0.0,0.0,0.0,0.0,0.0,0.0,0.0,0.0,0.0,0.0,0.0,0.0,0.0,0.0,0.0,0.0,0.0,0.0,0.0,0.0,0.0,0.0,0.0,0.0,0.0,0.0,0.0,0.0,0.0,0.0,0.0,0.0,0.0,0.0,0.0,0.0,0.0,0.0,0.0,0.0,0.0,0.0,0.0,0.0,0.0,0.0,0.0,0.0,0.0,0.0,0.0,0.0,0.0,0.0,0.0,0.0,0.0,0.0,0.0,0.0,0.0,0.0,0.0,0.0,0.0,0.0,0.0,0.0,0.0,0.0,0.0,0.0,0.0,0.0,0.0,0.0,0.0,0.0,0.0,0.0,0.0,0.0,0.0,0.0,0.0,0.0,0.0,0.0,0.0,0.0,0.0,0.0,0.0,0.0,0.0,0.0,0.0,0.0,0.0,0.0,0.0,0.0,0.0,0.0,0.0,0.0,0.0,0.0,0.0,0.0,0.0,0.0,0.0,0.0,0.0,0.0,0.0,0.0,0.0,0.0,0.0,0.0,0.0,0.0,0.0,0.0,0.0,0.0,0.0,0.0,0.0,0.0,0.0,0.0,0.0,0.0,0.0,0.0,0.0,0.0
41,1,HL,cogen_conventional_steam_coal,0.0,0.0,0.0,0.0,0.0,0.0,0.0,0.0,0.0,0.0,0.0,0.0,0.0,0.0,0.0,0.0,0.0,0.0,0.0,0.0,0.0,0.0,0.0,0.0,0.0,0.0,0.0,0.0,0.0,0.0,0.0,0.0,0.0,0.0,0.0,0.0,0.0,0.0,0.0,0.0,0.0,0.0,0.0,0.0,0.0,0.0,0.0,0.0,0.0,0.0,0.0,0.0,0.0,0.0,0.0,0.0,0.0,0.0,0.0,0.0,0.0,0.0,0.0,0.0,0.0,0.0,0.0,0.0,0.0,0.0,0.0,0.0,0.0,0.0,0.0,0.0,0.0,0.0,0.0,0.0,0.0,0.0,0.0,0.0,0.0,0.0,0.0,0.0,0.0,0.0,0.0,0.0,0.0,0.0,0.0,0.0,0.0,0.0,0.0,0.0,0.0,0.0,0.0,0.0,0.0,0.0,0.0,0.0,0.0,0.0,0.0,0.0,0.0,0.0,0.0,0.0,0.0,0.0,0.0,0.0,0.0,0.0,0.0,0.0,0.0,0.0,0.0,0.0,0.0,0.0,0.0,0.0,0.0,0.0,0.0,0.0,0.0,0.0,0.0,0.0,0.0,0.0,0.0,0.0,0.0,0.0,0.0,0.0,0.0,0.0,0.0,0.0,0.0,0.0,0.0,0.0,0.0,0.0,0.0,0.0,0.0,0.0,0.0,0.0,0.0,0.0,0.0,0.0
42,1,HL,cogen_conventional_steam_coal,0.0,0.0,0.0,0.0,0.0,0.0,0.0,0.0,0.0,0.0,0.0,0.0,0.0,0.0,0.0,0.0,0.0,0.0,0.0,0.0,0.0,0.0,0.0,0.0,0.0,0.0,0.0,0.0,0.0,0.0,0.0,0.0,0.0,0.0,0.0,0.0,0.0,0.0,0.0,0.0,0.0,0.0,0.0,0.0,0.0,0.0,0.0,0.0,0.0,0.0,0.0,0.0,0.0,0.0,0.0,0.0,0.0,0.0,0.0,0.0,0.0,0.0,0.0,0.0,0.0,0.0,0.0,0.0,0.0,0.0,0.0,0.0,0.0,0.0,0.0,0.0,0.0,0.0,0.0,0.0,0.0,0.0,0.0,0.0,0.0,0.0,0.0,0.0,0.0,0.0,0.0,0.0,0.0,0.0,0.0,0.0,0.0,0.0,0.0,0.0,0.0,0.0,0.0,0.0,0.0,0.0,0.0,0.0,0.0,0.0,0.0,0.0,0.0,0.0,0.0,0.0,0.0,0.0,0.0,0.0,0.0,0.0,0.0,0.0,0.0,0.0,0.0,0.0,0.0,0.0,0.0,0.0,0.0,0.0,0.0,0.0,0.0,0.0,0.0,0.0,0.0,0.0,0.0,0.0,0.0,0.0,0.0,0.0,0.0,0.0,0.0,0.0,0.0,0.0,0.0,0.0,0.0,0.0,0.0,0.0,0.0,0.0,0.0,0.0,0.0,0.0,0.0,0.0
43,1,HL,cogen_conventional_steam_coal,0.0,0.0,0.0,0.0,0.0,0.0,0.0,0.0,0.0,0.0,0.0,0.0,0.0,0.0,0.0,0.0,0.0,0.0,0.0,0.0,0.0,0.0,0.0,0.0,0.0,0.0,0.0,0.0,0.0,0.0,0.0,0.0,0.0,0.0,0.0,0.0,0.0,0.0,0.0,0.0,0.0,0.0,0.0,0.0,0.0,0.0,0.0,0.0,0.0,0.0,0.0,0.0,0.0,0.0,0.0,0.0,0.0,0.0,0.0,0.0,0.0,0.0,0.0,0.0,0.0,0.0,0.0,0.0,0.0,0.0,0.0,0.0,0.0,0.0,0.0,0.0,0.0,0.0,0.0,0.0,0.0,0.0,0.0,0.0,0.0,0.0,0.0,0.0,0.0,0.0,0.0,0.0,0.0,0.0,0.0,0.0,0.0,0.0,0.0,0.0,0.0,0.0,0.0,0.0,0.0,0.0,0.0,0.0,0.0,0.0,0.0,0.0,0.0,0.0,0.0,0.0,0.0,0.0,0.0,0.0,0.0,0.0,0.0,0.0,0.0,0.0,0.0,0.0,0.0,0.0,0.0,0.0,0.0,0.0,0.0,0.0,0.0,0.0,0.0,0.0,0.0,0.0,0.0,0.0,0.0,0.0,0.0,0.0,0.0,0.0,0.0,0.0,0.0,0.0,0.0,0.0,0.0,0.0,0.0,0.0,0.0,0.0,0.0,0.0,0.0,0.0,0.0,0.0
44,1,HL,conventional_steam_coal,0.0,0.0,0.0,0.0,0.0,0.0,0.0,0.0,0.0,0.0,0.0,0.0,0.0,0.0,0.0,0.0,0.0,0.0,0.0,0.0,0.0,0.0,0.0,0.0,0.0,0.0,0.0,0.0,0.0,0.0,0.0,0.0,0.0,0.0,0.0,0.0,0.0,0.0,0.0,0.0,0.0,0.0,0.0,0.0,0.0,0.0,0.0,0.0,0.0,0.0,0.0,0.0,0.0,0.0,0.0,0.0,0.0,0.0,0.0,0.0,0.0,0.0,0.0,0.0,0.0,0.0,0.0,0.0,0.0,0.0,0.0,0.0,0.0,0.0,0.0,0.0,0.0,0.0,0.0,0.0,0.0,0.0,0.0,0.0,0.0,0.0,0.0,0.0,0.0,0.0,0.0,0.0,0.0,0.0,0.0,0.0,0.0,0.0,0.0,0.0,0.0,0.0,0.0,0.0,0.0,0.0,0.0,0.0,0.0,0.0,0.0,0.0,0.0,0.0,0.0,0.0,0.0,0.0,0.0,0.0,0.0,0.0,0.0,0.0,0.0,0.0,0.0,0.0,0.0,0.0,0.0,0.0,0.0,0.0,0.0,0.0,0.0,0.0,0.0,0.0,0.0,0.0,0.0,0.0,0.0,0.0,0.0,0.0,0.0,0.0,0.0,0.0,0.0,0.0,0.0,0.0,0.0,0.0,0.0,0.0,0.0,0.0,0.0,0.0,0.0,0.0,0.0,0.0
45,1,HL,cogen_conventional_steam_coal,0.0,0.0,0.0,0.0,0.0,0.0,0.0,0.0,0.0,0.0,0.0,0.0,0.0,0.0,0.0,0.0,0.0,0.0,0.0,0.0,0.0,0.0,0.0,0.0,0.0,0.0,0.0,0.0,0.0,0.0,0.0,0.0,0.0,0.0,0.0,0.0,0.0,0.0,0.0,0.0,0.0,0.0,0.0,0.0,0.0,0.0,0.0,0.0,0.0,0.0,0.0,0.0,0.0,0.0,0.0,0.0,0.0,0.0,0.0,0.0,0.0,0.0,0.0,0.0,0.0,0.0,0.0,0.0,0.0,0.0,0.0,0.0,0.0,0.0,0.0,0.0,0.0,0.0,0.0,0.0,0.0,0.0,0.0,0.0,0.0,0.0,0.0,0.0,0.0,0.0,0.0,0.0,0.0,0.0,0.0,0.0,0.0,0.0,0.0,0.0,0.0,0.0,0.0,0.0,0.0,0.0,0.0,0.0,0.0,0.0,0.0,0.0,0.0,0.0,0.0,0.0,0.0,0.0,0.0,0.0,0.0,0.0,0.0,0.0,0.0,0.0,0.0,0.0,0.0,0.0,0.0,0.0,0.0,0.0,0.0,0.0,0.0,0.0,0.0,0.0,0.0,0.0,0.0,0.0,0.0,0.0,0.0,0.0,0.0,0.0,0.0,0.0,0.0,0.0,0.0,0.0,0.0,0.0,0.0,0.0,0.0,0.0,0.0,0.0,0.0,0.0,0.0,0.0
46,1,HL,cogen_conventional_steam_coal,0.0,0.0,0.0,0.0,0.0,0.0,0.0,0.0,0.0,0.0,0.0,0.0,0.0,0.0,0.0,0.0,0.0,0.0,0.0,0.0,0.0,0.0,0.0,0.0,0.0,0.0,0.0,0.0,0.0,0.0,0.0,0.0,0.0,0.0,0.0,0.0,0.0,0.0,0.0,0.0,0.0,0.0,0.0,0.0,0.0,0.0,0.0,0.0,0.0,0.0,0.0,0.0,0.0,0.0,0.0,0.0,0.0,0.0,0.0,0.0,0.0,0.0,0.0,0.0,0.0,0.0,0.0,0.0,0.0,0.0,0.0,0.0,0.0,0.0,0.0,0.0,0.0,0.0,0.0,0.0,0.0,0.0,0.0,0.0,0.0,0.0,0.0,0.0,0.0,0.0,0.0,0.0,0.0,0.0,0.0,0.0,0.0,0.0,0.0,0.0,0.0,0.0,0.0,0.0,0.0,0.0,0.0,0.0,0.0,0.0,0.0,0.0,0.0,0.0,0.0,0.0,0.0,0.0,0.0,0.0,0.0,0.0,0.0,0.0,0.0,0.0,0.0,0.0,0.0,0.0,0.0,0.0,0.0,0.0,0.0,0.0,0.0,0.0,0.0,0.0,0.0,0.0,0.0,0.0,0.0,0.0,0.0,0.0,0.0,0.0,0.0,0.0,0.0,0.0,0.0,0.0,0.0,0.0,0.0,0.0,0.0,0.0,0.0,0.0,0.0,0.0,0.0,0.0
47,1,HL,cogen_conventional_steam_coal,0.0,0.0,0.0,0.0,0.0,0.0,0.0,0.0,0.0,0.0,0.0,0.0,0.0,0.0,0.0,0.0,0.0,0.0,0.0,0.0,0.0,0.0,0.0,0.0,0.0,0.0,0.0,0.0,0.0,0.0,0.0,0.0,0.0,0.0,0.0,0.0,0.0,0.0,0.0,0.0,0.0,0.0,0.0,0.0,0.0,0.0,0.0,0.0,0.0,0.0,0.0,0.0,0.0,0.0,0.0,0.0,0.0,0.0,0.0,0.0,0.0,0.0,0.0,0.0,0.0,0.0,0.0,0.0,0.0,0.0,0.0,0.0,0.0,0.0,0.0,0.0,0.0,0.0,0.0,0.0,0.0,0.0,0.0,0.0,0.0,0.0,0.0,0.0,0.0,0.0,0.0,0.0,0.0,0.0,0.0,0.0,0.0,0.0,0.0,0.0,0.0,0.0,0.0,0.0,0.0,0.0,0.0,0.0,0.0,0.0,0.0,0.0,0.0,0.0,0.0,0.0,0.0,0.0,0.0,0.0,0.0,0.0,0.0,0.0,0.0,0.0,0.0,0.0,0.0,0.0,0.0,0.0,0.0,0.0,0.0,0.0,0.0,0.0,0.0,0.0,0.0,0.0,0.0,0.0,0.0,0.0,0.0,0.0,0.0,0.0,0.0,0.0,0.0,0.0,0.0,0.0,0.0,0.0,0.0,0.0,0.0,0.0,0.0,0.0,0.0,0.0,0.0,0.0
48,1,HL,cogen_conventional_steam_coal,0.0,0.0,0.0,0.0,0.0,0.0,0.0,0.0,0.0,0.0,0.0,0.0,0.0,0.0,0.0,0.0,0.0,0.0,0.0,0.0,0.0,0.0,0.0,0.0,0.0,0.0,0.0,0.0,0.0,0.0,0.0,0.0,0.0,0.0,0.0,0.0,0.0,0.0,0.0,0.0,0.0,0.0,0.0,0.0,0.0,0.0,0.0,0.0,0.0,0.0,0.0,0.0,0.0,0.0,0.0,0.0,0.0,0.0,0.0,0.0,0.0,0.0,0.0,0.0,0.0,0.0,0.0,0.0,0.0,0.0,0.0,0.0,0.0,0.0,0.0,0.0,0.0,0.0,0.0,0.0,0.0,0.0,0.0,0.0,0.0,0.0,0.0,0.0,0.0,0.0,0.0,0.0,0.0,0.0,0.0,0.0,0.0,0.0,0.0,0.0,0.0,0.0,0.0,0.0,0.0,0.0,0.0,0.0,0.0,0.0,0.0,0.0,0.0,0.0,0.0,0.0,0.0,0.0,0.0,0.0,0.0,0.0,0.0,0.0,0.0,0.0,0.0,0.0,0.0,0.0,0.0,0.0,0.0,0.0,0.0,0.0,0.0,0.0,0.0,0.0,0.0,0.0,0.0,0.0,0.0,0.0,0.0,0.0,0.0,0.0,0.0,0.0,0.0,0.0,0.0,0.0,0.0,0.0,0.0,0.0,0.0,0.0,0.0,0.0,0.0,0.0,0.0,0.0
49,1,HL,cogen_conventional_steam_coal,0.0,0.0,0.0,0.0,0.0,0.0,0.0,0.0,0.0,0.0,0.0,0.0,0.0,0.0,0.0,0.0,0.0,0.0,0.0,0.0,0.0,0.0,0.0,0.0,0.0,0.0,0.0,0.0,0.0,0.0,0.0,0.0,0.0,0.0,0.0,0.0,0.0,0.0,0.0,0.0,0.0,0.0,0.0,0.0,0.0,0.0,0.0,0.0,0.0,0.0,0.0,0.0,0.0,0.0,0.0,0.0,0.0,0.0,0.0,0.0,0.0,0.0,0.0,0.0,0.0,0.0,0.0,0.0,0.0,0.0,0.0,0.0,0.0,0.0,0.0,0.0,0.0,0.0,0.0,0.0,0.0,0.0,0.0,0.0,0.0,0.0,0.0,0.0,0.0,0.0,0.0,0.0,0.0,0.0,0.0,0.0,0.0,0.0,0.0,0.0,0.0,0.0,0.0,0.0,0.0,0.0,0.0,0.0,0.0,0.0,0.0,0.0,0.0,0.0,0.0,0.0,0.0,0.0,0.0,0.0,0.0,0.0,0.0,0.0,0.0,0.0,0.0,0.0,0.0,0.0,0.0,0.0,0.0,0.0,0.0,0.0,0.0,0.0,0.0,0.0,0.0,0.0,0.0,0.0,0.0,0.0,0.0,0.0,0.0,0.0,0.0,0.0,0.0,0.0,0.0,0.0,0.0,0.0,0.0,0.0,0.0,0.0,0.0,0.0,0.0,0.0,0.0,0.0
50,1,HL,cogen_conventional_steam_coal,0.0,0.0,0.0,0.0,0.0,0.0,0.0,0.0,0.0,0.0,0.0,0.0,0.0,0.0,0.0,0.0,0.0,0.0,0.0,0.0,0.0,0.0,0.0,0.0,0.0,0.0,0.0,0.0,0.0,0.0,0.0,0.0,0.0,0.0,0.0,0.0,0.0,0.0,0.0,0.0,0.0,0.0,0.0,0.0,0.0,0.0,0.0,0.0,0.0,0.0,0.0,0.0,0.0,0.0,0.0,0.0,0.0,0.0,0.0,0.0,0.0,0.0,0.0,0.0,0.0,0.0,0.0,0.0,0.0,0.0,0.0,0.0,0.0,0.0,0.0,0.0,0.0,0.0,0.0,0.0,0.0,0.0,0.0,0.0,0.0,0.0,0.0,0.0,0.0,0.0,0.0,0.0,0.0,0.0,0.0,0.0,0.0,0.0,0.0,0.0,0.0,0.0,0.0,0.0,0.0,0.0,0.0,0.0,0.0,0.0,0.0,0.0,0.0,0.0,0.0,0.0,0.0,0.0,0.0,0.0,0.0,0.0,0.0,0.0,0.0,0.0,0.0,0.0,0.0,0.0,0.0,0.0,0.0,0.0,0.0,0.0,0.0,0.0,0.0,0.0,0.0,0.0,0.0,0.0,0.0,0.0,0.0,0.0,0.0,0.0,0.0,0.0,0.0,0.0,0.0,0.0,0.0,0.0,0.0,0.0,0.0,0.0,0.0,0.0,0.0,0.0,0.0,0.0
51,1,HL,cogen_conventional_steam_coal,0.0,0.0,0.0,0.0,0.0,0.0,0.0,0.0,0.0,0.0,0.0,0.0,0.0,0.0,0.0,0.0,0.0,0.0,0.0,0.0,0.0,0.0,0.0,0.0,0.0,0.0,0.0,0.0,0.0,0.0,0.0,0.0,0.0,0.0,0.0,0.0,0.0,0.0,0.0,0.0,0.0,0.0,0.0,0.0,0.0,0.0,0.0,0.0,0.0,0.0,0.0,0.0,0.0,0.0,0.0,0.0,0.0,0.0,0.0,0.0,0.0,0.0,0.0,0.0,0.0,0.0,0.0,0.0,0.0,0.0,0.0,0.0,0.0,0.0,0.0,0.0,0.0,0.0,0.0,0.0,0.0,0.0,0.0,0.0,0.0,0.0,0.0,0.0,0.0,0.0,0.0,0.0,0.0,0.0,0.0,0.0,0.0,0.0,0.0,0.0,0.0,0.0,0.0,0.0,0.0,0.0,0.0,0.0,0.0,0.0,0.0,0.0,0.0,0.0,0.0,0.0,0.0,0.0,0.0,0.0,0.0,0.0,0.0,0.0,0.0,0.0,0.0,0.0,0.0,0.0,0.0,0.0,0.0,0.0,0.0,0.0,0.0,0.0,0.0,0.0,0.0,0.0,0.0,0.0,0.0,0.0,0.0,0.0,0.0,0.0,0.0,0.0,0.0,0.0,0.0,0.0,0.0,0.0,0.0,0.0,0.0,0.0,0.0,0.0,0.0,0.0,0.0,0.0
52,1,HL,cogen_conventional_steam_coal,0.0,0.0,0.0,0.0,0.0,0.0,0.0,0.0,0.0,0.0,0.0,0.0,0.0,0.0,0.0,0.0,0.0,0.0,0.0,0.0,0.0,0.0,0.0,0.0,0.0,0.0,0.0,0.0,0.0,0.0,0.0,0.0,0.0,0.0,0.0,0.0,0.0,0.0,0.0,0.0,0.0,0.0,0.0,0.0,0.0,0.0,0.0,0.0,0.0,0.0,0.0,0.0,0.0,0.0,0.0,0.0,0.0,0.0,0.0,0.0,0.0,0.0,0.0,0.0,0.0,0.0,0.0,0.0,0.0,0.0,0.0,0.0,0.0,0.0,0.0,0.0,0.0,0.0,0.0,0.0,0.0,0.0,0.0,0.0,0.0,0.0,0.0,0.0,0.0,0.0,0.0,0.0,0.0,0.0,0.0,0.0,0.0,0.0,0.0,0.0,0.0,0.0,0.0,0.0,0.0,0.0,0.0,0.0,0.0,0.0,0.0,0.0,0.0,0.0,0.0,0.0,0.0,0.0,0.0,0.0,0.0,0.0,0.0,0.0,0.0,0.0,0.0,0.0,0.0,0.0,0.0,0.0,0.0,0.0,0.0,0.0,0.0,0.0,0.0,0.0,0.0,0.0,0.0,0.0,0.0,0.0,0.0,0.0,0.0,0.0,0.0,0.0,0.0,0.0,0.0,0.0,0.0,0.0,0.0,0.0,0.0,0.0,0.0,0.0,0.0,0.0,0.0,0.0
53,1,HL,cogen_conventional_steam_coal,0.0,0.0,0.0,0.0,0.0,0.0,0.0,0.0,0.0,0.0,0.0,0.0,0.0,0.0,0.0,0.0,0.0,0.0,0.0,0.0,0.0,0.0,0.0,0.0,0.0,0.0,0.0,0.0,0.0,0.0,0.0,0.0,0.0,0.0,0.0,0.0,0.0,0.0,0.0,0.0,0.0,0.0,0.0,0.0,0.0,0.0,0.0,0.0,0.0,0.0,0.0,0.0,0.0,0.0,0.0,0.0,0.0,0.0,0.0,0.0,0.0,0.0,0.0,0.0,0.0,0.0,0.0,0.0,0.0,0.0,0.0,0.0,0.0,0.0,0.0,0.0,0.0,0.0,0.0,0.0,0.0,0.0,0.0,0.0,0.0,0.0,0.0,0.0,0.0,0.0,0.0,0.0,0.0,0.0,0.0,0.0,0.0,0.0,0.0,0.0,0.0,0.0,0.0,0.0,0.0,0.0,0.0,0.0,0.0,0.0,0.0,0.0,0.0,0.0,0.0,0.0,0.0,0.0,0.0,0.0,0.0,0.0,0.0,0.0,0.0,0.0,0.0,0.0,0.0,0.0,0.0,0.0,0.0,0.0,0.0,0.0,0.0,0.0,0.0,0.0,0.0,0.0,0.0,0.0,0.0,0.0,0.0,0.0,0.0,0.0,0.0,0.0,0.0,0.0,0.0,0.0,0.0,0.0,0.0,0.0,0.0,0.0,0.0,0.0,0.0,0.0,0.0,0.0
54,1,HL,cogen_conventional_steam_coal,0.0,0.0,0.0,0.0,0.0,0.0,0.0,0.0,0.0,0.0,0.0,0.0,0.0,0.0,0.0,0.0,0.0,0.0,0.0,0.0,0.0,0.0,0.0,0.0,0.0,0.0,0.0,0.0,0.0,0.0,0.0,0.0,0.0,0.0,0.0,0.0,0.0,0.0,0.0,0.0,0.0,0.0,0.0,0.0,0.0,0.0,0.0,0.0,0.0,0.0,0.0,0.0,0.0,0.0,0.0,0.0,0.0,0.0,0.0,0.0,0.0,0.0,0.0,0.0,0.0,0.0,0.0,0.0,0.0,0.0,0.0,0.0,0.0,0.0,0.0,0.0,0.0,0.0,0.0,0.0,0.0,0.0,0.0,0.0,0.0,0.0,0.0,0.0,0.0,0.0,0.0,0.0,0.0,0.0,0.0,0.0,0.0,0.0,0.0,0.0,0.0,0.0,0.0,0.0,0.0,0.0,0.0,0.0,0.0,0.0,0.0,0.0,0.0,0.0,0.0,0.0,0.0,0.0,0.0,0.0,0.0,0.0,0.0,0.0,0.0,0.0,0.0,0.0,0.0,0.0,0.0,0.0,0.0,0.0,0.0,0.0,0.0,0.0,0.0,0.0,0.0,0.0,0.0,0.0,0.0,0.0,0.0,0.0,0.0,0.0,0.0,0.0,0.0,0.0,0.0,0.0,0.0,0.0,0.0,0.0,0.0,0.0,0.0,0.0,0.0,0.0,0.0,0.0
55,1,HL,cogen_conventional_steam_coal,0.0,0.0,0.0,0.0,0.0,0.0,0.0,0.0,0.0,0.0,0.0,0.0,0.0,0.0,0.0,0.0,0.0,0.0,0.0,0.0,0.0,0.0,0.0,0.0,0.0,0.0,0.0,0.0,0.0,0.0,0.0,0.0,0.0,0.0,0.0,0.0,0.0,0.0,0.0,0.0,0.0,0.0,0.0,0.0,0.0,0.0,0.0,0.0,0.0,0.0,0.0,0.0,0.0,0.0,0.0,0.0,0.0,0.0,0.0,0.0,0.0,0.0,0.0,0.0,0.0,0.0,0.0,0.0,0.0,0.0,0.0,0.0,0.0,0.0,0.0,0.0,0.0,0.0,0.0,0.0,0.0,0.0,0.0,0.0,0.0,0.0,0.0,0.0,0.0,0.0,0.0,0.0,0.0,0.0,0.0,0.0,0.0,0.0,0.0,0.0,0.0,0.0,0.0,0.0,0.0,0.0,0.0,0.0,0.0,0.0,0.0,0.0,0.0,0.0,0.0,0.0,0.0,0.0,0.0,0.0,0.0,0.0,0.0,0.0,0.0,0.0,0.0,0.0,0.0,0.0,0.0,0.0,0.0,0.0,0.0,0.0,0.0,0.0,0.0,0.0,0.0,0.0,0.0,0.0,0.0,0.0,0.0,0.0,0.0,0.0,0.0,0.0,0.0,0.0,0.0,0.0,0.0,0.0,0.0,0.0,0.0,0.0,0.0,0.0,0.0,0.0,0.0,0.0
56,1,HL,cogen_conventional_steam_coal,0.0,0.0,0.0,0.0,0.0,0.0,0.0,0.0,0.0,0.0,0.0,0.0,0.0,0.0,0.0,0.0,0.0,0.0,0.0,0.0,0.0,0.0,0.0,0.0,0.0,0.0,0.0,0.0,0.0,0.0,0.0,0.0,0.0,0.0,0.0,0.0,0.0,0.0,0.0,0.0,0.0,0.0,0.0,0.0,0.0,0.0,0.0,0.0,0.0,0.0,0.0,0.0,0.0,0.0,0.0,0.0,0.0,0.0,0.0,0.0,0.0,0.0,0.0,0.0,0.0,0.0,0.0,0.0,0.0,0.0,0.0,0.0,0.0,0.0,0.0,0.0,0.0,0.0,0.0,0.0,0.0,0.0,0.0,0.0,0.0,0.0,0.0,0.0,0.0,0.0,0.0,0.0,0.0,0.0,0.0,0.0,0.0,0.0,0.0,0.0,0.0,0.0,0.0,0.0,0.0,0.0,0.0,0.0,0.0,0.0,0.0,0.0,0.0,0.0,0.0,0.0,0.0,0.0,0.0,0.0,0.0,0.0,0.0,0.0,0.0,0.0,0.0,0.0,0.0,0.0,0.0,0.0,0.0,0.0,0.0,0.0,0.0,0.0,0.0,0.0,0.0,0.0,0.0,0.0,0.0,0.0,0.0,0.0,0.0,0.0,0.0,0.0,0.0,0.0,0.0,0.0,0.0,0.0,0.0,0.0,0.0,0.0,0.0,0.0,0.0,0.0,0.0,0.0
57,1,HL,cogen_conventional_steam_coal,0.0,0.0,0.0,0.0,0.0,0.0,0.0,0.0,0.0,0.0,0.0,0.0,0.0,0.0,0.0,0.0,0.0,0.0,0.0,0.0,0.0,0.0,0.0,0.0,0.0,0.0,0.0,0.0,0.0,0.0,0.0,0.0,0.0,0.0,0.0,0.0,0.0,0.0,0.0,0.0,0.0,0.0,0.0,0.0,0.0,0.0,0.0,0.0,0.0,0.0,0.0,0.0,0.0,0.0,0.0,0.0,0.0,0.0,0.0,0.0,0.0,0.0,0.0,0.0,0.0,0.0,0.0,0.0,0.0,0.0,0.0,0.0,0.0,0.0,0.0,0.0,0.0,0.0,0.0,0.0,0.0,0.0,0.0,0.0,0.0,0.0,0.0,0.0,0.0,0.0,0.0,0.0,0.0,0.0,0.0,0.0,0.0,0.0,0.0,0.0,0.0,0.0,0.0,0.0,0.0,0.0,0.0,0.0,0.0,0.0,0.0,0.0,125.125,125.125,125.125,125.125,125.125,125.125,125.125,0.0,0.0,0.0,0.0,0.0,0.0,0.0,125.125,0.0,0.0,0.0,0.0,0.0,0.0,0.0,0.0,0.0,125.125,125.125,125.125,125.125,125.125,125.125,125.125,0.0,0.0,0.0,0.0,0.0,0.0,0.0,0.0,0.0,0.0,0.0,0.0,0.0,0.0,0.0,0.0,0.0,0.0,0.0,0.0,0.0,0.0,0.0,0.0,0.0
58,1,HL,cogen_conventional_steam_coal,0.0,0.0,0.0,0.0,0.0,0.0,0.0,0.0,0.0,0.0,0.0,0.0,0.0,0.0,0.0,0.0,0.0,0.0,0.0,0.0,0.0,0.0,0.0,0.0,0.0,0.0,0.0,0.0,0.0,0.0,0.0,0.0,0.0,0.0,0.0,0.0,0.0,0.0,0.0,0.0,0.0,0.0,0.0,0.0,0.0,0.0,0.0,0.0,0.0,0.0,0.0,0.0,0.0,0.0,0.0,0.0,0.0,0.0,0.0,0.0,0.0,0.0,0.0,0.0,0.0,0.0,0.0,0.0,0.0,0.0,0.0,0.0,0.0,0.0,0.0,0.0,0.0,0.0,0.0,0.0,0.0,0.0,0.0,0.0,0.0,0.0,0.0,0.0,0.0,0.0,0.0,0.0,0.0,0.0,0.0,0.0,0.0,0.0,0.0,0.0,0.0,0.0,0.0,0.0,0.0,0.0,0.0,0.0,0.0,0.0,0.0,0.0,125.125,125.125,125.125,125.125,125.125,125.125,125.125,0.0,0.0,0.0,0.0,0.0,0.0,0.0,0.0,0.0,0.0,0.0,0.0,0.0,0.0,0.0,0.0,0.0,125.125,125.125,125.125,125.125,125.125,125.125,125.125,0.0,0.0,0.0,0.0,0.0,0.0,125.125,0.0,0.0,0.0,0.0,0.0,0.0,0.0,0.0,0.0,0.0,0.0,0.0,0.0,0.0,0.0,0.0,0.0,0.0
59,1,HL,cogen_conventional_steam_coal,0.0,0.0,0.0,0.0,0.0,0.0,0.0,0.0,0.0,0.0,0.0,0.0,0.0,0.0,0.0,0.0,0.0,0.0,0.0,0.0,0.0,0.0,0.0,0.0,0.0,0.0,0.0,0.0,0.0,0.0,0.0,0.0,0.0,0.0,0.0,0.0,0.0,0.0,0.0,0.0,0.0,0.0,0.0,0.0,0.0,0.0,0.0,0.0,0.0,0.0,0.0,0.0,0.0,0.0,0.0,0.0,0.0,0.0,0.0,0.0,0.0,0.0,0.0,0.0,0.0,0.0,0.0,0.0,0.0,0.0,0.0,0.0,0.0,0.0,0.0,0.0,0.0,0.0,0.0,0.0,0.0,0.0,0.0,0.0,0.0,0.0,0.0,0.0,0.0,0.0,0.0,0.0,0.0,0.0,0.0,0.0,0.0,0.0,0.0,0.0,0.0,0.0,0.0,0.0,0.0,0.0,0.0,0.0,0.0,0.0,0.0,0.0,125.125,125.125,125.125,125.125,125.125,125.125,125.125,0.0,0.0,0.0,0.0,0.0,0.0,0.0,0.0,0.0,0.0,0.0,0.0,0.0,0.0,0.0,0.0,0.0,125.125,125.125,125.125,125.125,125.125,125.125,125.125,0.0,0.0,0.0,0.0,0.0,0.0,125.125,0.0,0.0,0.0,0.0,0.0,0.0,0.0,0.0,0.0,0.0,0.0,0.0,0.0,0.0,0.0,0.0,0.0,0.0
60,1,HL,cogen_conventional_steam_coal,0.0,0.0,0.0,0.0,0.0,0.0,0.0,0.0,0.0,0.0,0.0,0.0,0.0,0.0,0.0,0.0,0.0,0.0,0.0,0.0,0.0,0.0,0.0,0.0,0.0,0.0,0.0,0.0,0.0,0.0,0.0,0.0,0.0,0.0,0.0,0.0,0.0,0.0,0.0,0.0,0.0,0.0,0.0,0.0,0.0,0.0,0.0,0.0,0.0,0.0,0.0,0.0,0.0,0.0,0.0,0.0,0.0,0.0,0.0,0.0,0.0,0.0,0.0,0.0,0.0,0.0,0.0,0.0,0.0,0.0,0.0,0.0,0.0,0.0,0.0,0.0,0.0,0.0,0.0,0.0,0.0,0.0,0.0,0.0,0.0,0.0,0.0,0.0,0.0,0.0,0.0,0.0,0.0,0.0,0.0,0.0,0.0,0.0,0.0,0.0,0.0,0.0,0.0,0.0,0.0,0.0,0.0,0.0,0.0,0.0,0.0,0.0,125.125,125.125,125.125,125.125,125.125,125.125,125.125,0.0,0.0,0.0,0.0,0.0,0.0,0.0,107.0689521934014,0.0,0.0,0.0,0.0,0.0,0.0,0.0,0.0,0.0,125.125,125.125,125.125,125.125,125.125,125.125,125.125,0.0,0.0,0.0,0.0,0.0,0.0,0.0,0.0,0.0,0.0,0.0,0.0,0.0,0.0,0.0,0.0,0.0,0.0,0.0,0.0,0.0,0.0,0.0,0.0,0.0
61,1,HL,cogen_conventional_steam_coal,0.0,0.0,0.0,0.0,0.0,0.0,0.0,0.0,0.0,0.0,0.0,0.0,0.0,0.0,0.0,0.0,0.0,0.0,0.0,0.0,0.0,0.0,0.0,0.0,0.0,0.0,0.0,0.0,0.0,0.0,0.0,0.0,0.0,0.0,0.0,0.0,0.0,0.0,0.0,0.0,0.0,0.0,0.0,0.0,0.0,0.0,0.0,0.0,0.0,0.0,0.0,0.0,0.0,0.0,0.0,0.0,0.0,0.0,0.0,0.0,0.0,0.0,0.0,0.0,0.0,0.0,0.0,0.0,0.0,0.0,0.0,0.0,0.0,0.0,0.0,0.0,0.0,0.0,0.0,0.0,0.0,0.0,0.0,0.0,0.0,0.0,0.0,0.0,125.125,125.125,125.125,125.125,125.125,0.0,0.0,0.0,0.0,0.0,0.0,0.0,0.0,125.125,125.125,0.0,0.0,0.0,0.0,0.0,0.0,0.0,0.0,0.0,125.125,125.125,125.125,125.125,125.125,125.125,125.125,0.0,0.0,0.0,0.0,0.0,125.125,125.125,125.125,0.0,0.0,0.0,0.0,0.0,0.0,0.0,0.0,0.0,125.125,125.125,125.125,125.125,125.125,125.125,125.125,125.125,45.98881204483769,0.0,0.0,0.0,0.0,125.125,125.125,0.0,0.0,0.0,0.0,0.0,0.0,0.0,0.0,0.0,0.0,0.0,0.0,0.0,0.0,0.0,0.0,0.0
62,1,HL,conventional_steam_coal,0.0,0.0,0.0,0.0,0.0,0.0,0.0,0.0,0.0,0.0,0.0,0.0,0.0,0.0,0.0,0.0,0.0,0.0,0.0,0.0,0.0,0.0,0.0,0.0,0.0,0.0,0.0,0.0,0.0,0.0,0.0,0.0,0.0,0.0,0.0,0.0,0.0,0.0,0.0,0.0,0.0,0.0,0.0,0.0,0.0,0.0,0.0,0.0,0.0,0.0,0.0,0.0,0.0,0.0,0.0,0.0,0.0,0.0,0.0,0.0,0.0,0.0,0.0,0.0,0.0,0.0,0.0,0.0,0.0,0.0,0.0,0.0,0.0,0.0,0.0,0.0,0.0,0.0,0.0,0.0,0.0,0.0,0.0,0.0,0.0,0.0,0.0,0.0,214.5,214.5,214.5,214.5,214.5,0.0,0.0,0.0,0.0,0.0,0.0,0.0,0.0,141.41596240163517,214.5,0.0,0.0,0.0,0.0,0.0,0.0,0.0,0.0,0.0,214.5,214.5,214.5,214.5,214.5,214.5,214.5,180.43801876186967,0.0,0.0,0.0,0.0,105.69951551526378,214.5,214.5,0.0,0.0,0.0,0.0,0.0,0.0,0.0,0.0,0.0,214.5,214.5,214.5,214.5,214.5,214.5,214.5,214.5,214.5,0.0,207.49480912425054,0.0,0.0,214.5,214.5,0.0,0.0,0.0,0.0,0.0,0.0,0.0,0.0,0.0,0.0,0.0,0.0,0.0,0.0,0.0,0.0,0.0
63,1,HL,conventional_steam_coal,0.0,0.0,0.0,0.0,0.0,0.0,0.0,0.0,0.0,0.0,0.0,0.0,0.0,0.0,0.0,0.0,0.0,0.0,0.0,0.0,0.0,0.0,0.0,0.0,0.0,0.0,0.0,0.0,0.0,0.0,0.0,0.0,0.0,0.0,0.0,0.0,0.0,0.0,0.0,0.0,0.0,0.0,0.0,0.0,0.0,0.0,0.0,0.0,0.0,0.0,0.0,0.0,0.0,0.0,0.0,0.0,0.0,0.0,0.0,0.0,0.0,0.0,0.0,0.0,0.0,0.0,0.0,0.0,0.0,0.0,0.0,0.0,0.0,0.0,0.0,0.0,0.0,0.0,0.0,0.0,0.0,0.0,0.0,0.0,0.0,0.0,0.0,0.0,214.5,214.5,214.5,214.5,214.5,0.0,0.0,0.0,0.0,0.0,0.0,0.0,0.0,214.5,214.5,0.0,0.0,0.0,0.0,0.0,0.0,0.0,0.0,0.0,214.5,214.5,214.5,214.5,214.5,214.5,214.5,214.5,0.0,0.0,0.0,37.889842499999986,214.5,214.5,214.5,0.0,0.0,0.0,0.0,0.0,0.0,0.0,0.0,0.0,214.5,214.5,214.5,214.5,214.5,214.5,214.5,214.5,214.5,95.78825007382426,0.0,0.0,0.0,214.5,214.5,0.0,0.0,0.0,0.0,0.0,0.0,0.0,0.0,0.0,0.0,0.0,0.0,0.0,0.0,0.0,0.0,0.0
64,1,HL,cogen_conventional_steam_coal,0.0,0.0,0.0,0.0,0.0,0.0,0.0,0.0,0.0,0.0,0.0,0.0,0.0,0.0,0.0,0.0,0.0,0.0,0.0,0.0,0.0,0.0,0.0,0.0,0.0,0.0,0.0,0.0,0.0,0.0,0.0,0.0,0.0,0.0,0.0,0.0,0.0,0.0,0.0,0.0,0.0,0.0,0.0,0.0,0.0,0.0,0.0,0.0,0.0,0.0,0.0,0.0,0.0,0.0,0.0,0.0,0.0,0.0,0.0,0.0,0.0,0.0,0.0,0.0,0.0,125.125,125.125,125.125,125.125,69.32648766001319,0.0,0.0,0.0,0.0,0.0,0.0,0.0,0.0,118.35728316934933,0.0,0.0,0.0,0.0,0.0,0.0,0.0,0.0,0.0,125.125,125.125,125.125,125.125,125.125,125.125,0.0,0.0,0.0,0.0,0.0,0.0,0.0,125.125,125.125,0.0,0.0,0.0,0.0,0.0,0.0,0.0,0.0,0.0,125.125,125.125,125.125,125.125,125.125,125.125,125.125,125.125,125.125,125.125,125.125,125.125,125.125,125.125,125.125,0.0,0.0,0.0,0.0,0.0,0.0,0.0,0.0,0.0,125.125,125.125,125.125,125.125,125.125,125.125,125.125,125.125,125.125,125.125,125.125,125.125,125.125,125.125,125.125,0.0,0.0,0.0,0.0,0.0,0.0,0.0,0.0,0.0,0.0,0.0,0.0,0.0,0.0,0.0,0.0,0.0
65,1,HL,cogen_conventional_steam_coal,0.0,0.0,0.0,0.0,0.0,0.0,0.0,0.0,0.0,0.0,0.0,0.0,0.0,0.0,0.0,0.0,0.0,0.0,0.0,0.0,0.0,0.0,0.0,0.0,0.0,0.0,0.0,0.0,0.0,0.0,0.0,0.0,0.0,0.0,0.0,0.0,0.0,0.0,0.0,0.0,0.0,0.0,0.0,0.0,0.0,0.0,0.0,0.0,0.0,0.0,0.0,0.0,0.0,0.0,0.0,0.0,0.0,0.0,0.0,0.0,0.0,0.0,0.0,0.0,0.0,0.0,0.0,0.0,0.0,0.0,0.0,0.0,0.0,0.0,0.0,0.0,0.0,0.0,0.0,0.0,0.0,0.0,0.0,0.0,0.0,0.0,0.0,0.0,125.125,125.125,125.125,125.125,125.125,58.57472053577766,0.0,0.0,0.0,0.0,0.0,0.0,0.0,125.125,125.125,0.0,0.0,0.0,0.0,0.0,0.0,0.0,0.0,0.0,125.125,125.125,125.125,125.125,125.125,125.125,125.125,125.125,125.125,125.125,120.4520984296696,125.125,125.125,125.125,125.125,0.0,0.0,0.0,0.0,0.0,0.0,0.0,0.0,0.0,125.125,125.125,125.125,125.125,125.125,125.125,125.125,125.125,125.125,125.125,125.125,125.125,125.125,125.125,125.125,0.0,0.0,0.0,0.0,0.0,0.0,0.0,0.0,0.0,0.0,0.0,0.0,0.0,0.0,0.0,0.0,0.0
66,1,HL,cogen_conventional_steam_coal,0.0,0.0,0.0,0.0,0.0,0.0,0.0,0.0,0.0,0.0,0.0,0.0,0.0,0.0,0.0,0.0,0.0,0.0,0.0,0.0,0.0,0.0,0.0,0.0,0.0,0.0,0.0,0.0,0.0,0.0,0.0,0.0,0.0,0.0,0.0,0.0,0.0,0.0,0.0,0.0,0.0,0.0,0.0,0.0,0.0,0.0,0.0,0.0,0.0,0.0,0.0,0.0,0.0,0.0,0.0,0.0,0.0,0.0,0.0,0.0,0.0,0.0,0.0,0.0,125.125,125.125,125.125,125.125,125.125,125.125,0.0,0.0,0.0,0.0,0.0,0.0,125.125,125.125,125.125,0.0,0.0,0.0,0.0,0.0,0.0,0.0,0.0,125.125,125.125,125.125,125.125,125.125,125.125,125.125,125.125,0.0,0.0,0.0,0.0,0.0,125.125,125.125,125.125,0.0,0.0,0.0,0.0,0.0,0.0,0.0,0.0,125.125,125.125,125.125,125.125,125.125,125.125,125.125,125.125,125.125,125.125,125.125,125.125,125.125,125.125,125.125,125.125,125.125,0.0,0.0,0.0,0.0,0.0,125.125,0.0,125.125,125.125,125.125,125.125,125.125,125.125,125.125,125.125,125.125,125.125,125.125,125.125,125.125,125.125,125.125,125.125,88.11339718163134,0.0,0.0,0.0,0.0,0.0,0.0,0.0,0.0,0.0,67.51514649999899,0.0,0.0,0.0,0.0,0.0,0.0
67,1,HL,cogen_conventional_steam_coal,0.0,0.0,0.0,0.0,0.0,0.0,0.0,0.0,0.0,0.0,0.0,0.0,0.0,0.0,0.0,0.0,0.0,0.0,0.0,0.0,0.0,0.0,0.0,0.0,0.0,0.0,0.0,0.0,0.0,0.0,0.0,0.0,0.0,0.0,0.0,0.0,0.0,0.0,0.0,0.0,0.0,0.0,0.0,0.0,0.0,0.0,0.0,0.0,0.0,0.0,0.0,0.0,0.0,0.0,0.0,0.0,0.0,0.0,0.0,0.0,0.0,0.0,0.0,0.0,125.125,125.125,125.125,125.125,125.125,125.125,0.0,0.0,0.0,0.0,0.0,0.0,0.0,125.125,125.125,107.10978053577963,0.0,0.0,0.0,0.0,0.0,0.0,0.0,125.125,125.125,125.125,125.125,125.125,125.125,125.125,125.125,0.0,0.0,0.0,0.0,0.0,125.125,125.125,125.125,0.0,0.0,0.0,0.0,0.0,0.0,0.0,0.0,125.125,125.125,125.125,125.125,125.125,125.125,125.125,125.125,125.125,125.125,125.125,125.125,125.125,125.125,125.125,125.125,111.95063634340221,0.0,0.0,0.0,0.0,0.0,0.0,0.0,125.125,125.125,125.125,125.125,125.125,125.125,125.125,125.125,125.125,125.125,125.125,125.125,125.125,125.125,125.125,125.125,0.0,0.0,0.0,0.0,0.0,0.0,0.0,0.0,0.0,0.0,0.0,0.0,0.0,0.0,0.0,0.0,0.0
68,1,HL,cogen_conventional_steam_coal,0.0,0.0,0.0,0.0,0.0,0.0,0.0,0.0,0.0,0.0,0.0,0.0,0.0,0.0,0.0,0.0,0.0,0.0,0.0,0.0,0.0,0.0,0.0,0.0,0.0,0.0,0.0,0.0,0.0,0.0,0.0,0.0,0.0,0.0,0.0,0.0,0.0,0.0,0.0,0.0,0.0,0.0,0.0,0.0,0.0,0.0,125.125,0.0,0.0,0.0,0.0,27.188271974101553,125.125,125.125,125.125,125.125,0.0,0.0,0.0,0.0,0.0,0.0,0.0,0.0,125.125,125.125,125.125,125.125,125.125,125.125,0.0,0.0,0.0,0.0,0.0,0.0,125.125,125.125,125.125,0.0,0.0,0.0,0.0,0.0,0.0,0.0,0.0,125.125,125.125,125.125,125.125,125.125,125.125,125.125,125.125,0.0,0.0,0.0,0.0,0.0,0.0,125.125,125.125,0.0,0.0,0.0,0.0,0.0,0.0,0.0,0.0,125.125,125.125,125.125,125.125,125.125,125.125,125.125,125.125,125.125,125.125,125.125,125.125,125.125,125.125,125.125,125.125,0.0,0.0,0.0,0.0,0.0,0.0,125.125,0.0,125.125,125.125,125.125,125.125,125.125,125.125,125.125,125.125,125.125,125.125,125.125,125.125,125.125,125.125,125.125,125.125,0.0,0.0,0.0,0.0,0.0,0.0,0.0,0.0,0.0,0.0,125.125,0.0,0.0,0.0,0.0,0.0,0.0
69,1,HL,cogen_conventional_steam_coal,0.0,0.0,0.0,0.0,0.0,0.0,0.0,0.0,0.0,0.0,0.0,0.0,0.0,0.0,0.0,0.0,0.0,0.0,0.0,0.0,0.0,0.0,0.0,0.0,0.0,0.0,0.0,0.0,0.0,0.0,0.0,0.0,0.0,0.0,0.0,0.0,0.0,0.0,0.0,0.0,0.0,0.0,0.0,0.0,0.0,0.0,125.125,0.0,0.0,0.0,0.0,0.0,125.125,125.125,125.125,125.125,0.0,0.0,0.0,0.0,0.0,0.0,0.0,0.0,125.125,125.125,125.125,125.125,125.125,125.125,0.0,0.0,0.0,0.0,0.0,0.0,125.125,125.125,125.125,0.0,0.0,0.0,0.0,0.0,0.0,0.0,0.0,59.974485609241356,125.125,125.125,125.125,125.125,125.125,125.125,125.125,0.0,0.0,0.0,0.0,0.0,0.0,125.125,125.125,0.0,0.0,0.0,0.0,0.0,0.0,0.0,0.0,0.0,125.125,125.125,125.125,125.125,125.125,125.125,125.125,125.125,125.125,125.125,125.125,125.125,125.125,125.125,125.125,0.0,0.0,0.0,0.0,0.0,0.0,0.0,116.79600918640449,125.125,125.125,125.125,125.125,125.125,125.125,125.125,125.125,125.125,125.125,125.125,125.125,125.125,125.125,125.125,125.125,0.0,0.0,0.0,0.0,0.0,0.0,0.0,0.0,0.0,0.0,125.125,0.0,0.0,0.0,0.0,0.0,0.0
70,1,HL,cogen_conventional_steam_coal,0.0,0.0,0.0,0.0,0.0,0.0,0.0,0.0,0.0,0.0,0.0,0.0,0.0,0.0,0.0,0.0,0.0,0.0,0.0,0.0,0.0,0.0,0.0,0.0,0.0,0.0,0.0,0.0,0.0,0.0,0.0,0.0,0.0,0.0,0.0,0.0,0.0,0.0,0.0,0.0,0.0,0.0,0.0,0.0,0.0,0.0,124.60626622532857,0.0,0.0,0.0,0.0,0.0,125.125,125.125,125.125,125.125,0.0,0.0,0.0,0.0,0.0,0.0,0.0,0.0,125.125,125.125,125.125,125.125,125.125,125.125,0.0,0.0,0.0,0.0,0.0,0.0,0.0,125.125,125.125,0.0,0.0,0.0,0.0,0.0,0.0,0.0,0.0,125.125,125.125,125.125,125.125,125.125,125.125,125.125,125.125,0.0,0.0,0.0,0.0,0.0,125.125,125.125,125.125,0.0,0.0,0.0,0.0,0.0,0.0,0.0,0.0,9.251183486732089,125.125,125.125,125.125,125.125,125.125,125.125,125.125,125.125,125.125,125.125,125.125,125.125,125.125,125.125,125.125,0.0,0.0,0.0,0.0,0.0,0.0,0.0,125.125,125.125,125.125,125.125,125.125,125.125,125.125,125.125,125.125,125.125,125.125,125.125,125.125,125.125,125.125,125.125,125.125,125.125,0.0,0.0,0.0,0.0,0.0,0.0,0.0,0.0,0.0,0.0,0.0,0.0,0.0,0.0,0.0,0.0
71,1,HL,conventional_steam_coal,0.0,0.0,0.0,0.0,0.0,0.0,0.0,0.0,0.0,0.0,0.0,0.0,0.0,0.0,0.0,0.0,0.0,0.0,0.0,0.0,0.0,0.0,0.0,0.0,0.0,0.0,0.0,0.0,0.0,0.0,0.0,0.0,0.0,0.0,0.0,0.0,0.0,0.0,0.0,0.0,0.0,0.0,0.0,0.0,0.0,0.0,214.5,0.0,0.0,0.0,0.0,214.5,214.5,214.5,214.5,214.5,0.0,0.0,0.0,0.0,0.0,0.0,0.0,0.0,214.5,214.5,214.5,214.5,214.5,214.5,0.0,0.0,0.0,0.0,0.0,0.0,0.0,214.5,214.5,0.0,0.0,0.0,0.0,0.0,0.0,0.0,0.0,0.0,214.5,214.5,214.5,214.5,214.5,214.5,214.5,0.0,0.0,0.0,0.0,0.0,214.5,214.5,214.5,0.0,0.0,0.0,0.0,0.0,0.0,0.0,0.0,214.5,214.5,214.5,214.5,214.5,214.5,214.5,214.5,214.5,214.5,214.5,214.5,214.5,214.5,214.5,214.5,214.5,0.0,0.0,0.0,0.0,0.0,0.0,0.0,214.5,214.5,214.5,214.5,214.5,214.5,214.5,214.5,214.5,214.5,214.5,214.5,214.5,214.5,214.5,214.5,0.0,0.0,0.0,0.0,0.0,0.0,0.0,0.0,0.0,0.0,0.0,0.0,0.0,0.0,0.0,0.0,0.0
72,1,HL,conventional_steam_coal,0.0,0.0,0.0,0.0,0.0,0.0,0.0,0.0,0.0,0.0,0.0,0.0,0.0,0.0,0.0,0.0,0.0,0.0,0.0,0.0,0.0,0.0,0.0,0.0,0.0,0.0,0.0,0.0,0.0,0.0,0.0,0.0,0.0,0.0,0.0,0.0,0.0,0.0,0.0,0.0,0.0,0.0,0.0,0.0,0.0,0.0,0.0,0.0,0.0,0.0,0.0,0.0,0.0,0.0,0.0,0.0,0.0,0.0,0.0,0.0,0.0,0.0,0.0,0.0,214.5,214.5,214.5,214.5,214.5,214.5,0.0,0.0,0.0,0.0,0.0,0.0,214.5,214.5,214.5,0.0,0.0,0.0,0.0,0.0,0.0,0.0,0.0,214.5,214.5,214.5,214.5,214.5,214.5,214.5,132.55291290755918,0.0,0.0,0.0,0.0,0.0,160.61830396941946,214.5,214.5,0.0,0.0,0.0,0.0,0.0,0.0,0.0,0.0,214.5,214.5,214.5,214.5,214.5,214.5,214.5,214.5,214.5,214.5,214.5,214.5,214.5,214.5,214.5,214.5,0.0,0.0,0.0,0.0,0.0,0.0,150.75462678279848,214.5,214.5,214.5,214.5,214.5,214.5,214.5,214.5,214.5,214.5,214.5,214.5,214.5,214.5,214.5,214.5,214.5,0.0,0.0,0.0,0.0,0.0,0.0,0.0,0.0,0.0,0.0,0.0,0.0,0.0,0.0,0.0,0.0,0.0
73,1,HL,cogen_conventional_steam_coal,0.0,0.0,0.0,0.0,0.0,0.0,0.0,0.0,0.0,0.0,0.0,0.0,0.0,0.0,0.0,0.0,0.0,0.0,0.0,0.0,0.0,0.0,0.0,0.0,0.0,0.0,0.0,0.0,0.0,0.0,0.0,0.0,0.0,0.0,0.0,0.0,0.0,0.0,0.0,0.0,0.0,0.0,0.0,0.0,0.0,0.0,0.0,0.0,0.0,0.0,0.0,0.0,24.5,24.5,24.5,24.5,0.0,0.0,0.0,0.0,0.0,0.0,0.0,0.0,24.5,24.5,24.5,24.5,24.5,24.5,0.0,0.0,0.0,0.0,0.0,0.0,15.504177367610964,24.5,24.5,0.0,0.0,0.0,0.0,0.0,0.0,0.0,0.0,0.0,24.5,24.5,24.5,24.5,24.5,24.5,0.0,0.0,0.0,0.0,0.0,0.0,0.0,24.5,24.5,0.0,0.0,0.0,0.0,0.0,0.0,0.0,0.0,0.0,24.5,24.5,24.5,24.5,24.5,24.5,24.5,24.5,24.5,24.5,24.5,24.5,24.5,24.5,24.5,24.5,0.0,0.0,0.0,0.0,0.0,0.0,0.0,24.5,24.5,24.5,24.5,24.5,24.5,24.5,24.5,24.5,24.5,24.5,24.5,24.5,24.5,24.5,24.5,0.0,0.0,0.0,0.0,0.0,0.0,0.0,0.0,0.0,0.0,0.0,0.0,0.0,0.0,0.0,0.0,0.0
74,1,HL,cogen_conventional_steam_coal,0.0,0.0,0.0,0.0,0.0,0.0,0.0,0.0,0.0,0.0,0.0,0.0,0.0,0.0,0.0,0.0,0.0,0.0,0.0,0.0,0.0,0.0,0.0,0.0,0.0,0.0,0.0,0.0,0.0,0.0,0.0,0.0,0.0,0.0,0.0,0.0,0.0,0.0,0.0,0.0,0.0,235.95000000000005,235.95000000000005,235.95000000000005,235.95000000000005,235.95000000000005,235.95000000000005,235.95000000000005,235.95000000000005,235.95000000000005,235.95000000000005,235.95000000000005,235.95000000000005,235.95000000000005,235.95000000000005,235.95000000000005,0.0,0.0,0.0,0.0,0.0,0.0,0.0,0.0,235.95000000000005,235.95000000000005,235.95000000000005,235.95000000000005,235.95000000000005,235.95000000000005,235.95000000000005,0.0,0.0,0.0,0.0,0.0,235.95000000000005,235.95000000000005,235.95000000000005,235.95000000000005,0.0,0.0,0.0,0.0,0.0,0.0,0.0,235.95000000000005,235.95000000000005,235.95000000000005,235.95000000000005,235.95000000000005,235.95000000000005,235.95000000000005,235.95000000000005,0.0,0.0,0.0,0.0,148.82511002767546,235.95000000000005,235.95000000000005,235.95000000000005,17.338726178438662,0.0,0.0,0.0,0.0,0.0,0.0,0.0,235.95000000000005,235.95000000000005,235.95000000000005,235.95000000000005,235.95000000000005,235.95000000000005,235.95000000000005,235.95000000000005,235.95000000000005,235.95000000000005,235.95000000000005,235.95000000000005,235.95000000000005,235.95000000000005,235.95000000000005,235.95000000000005,235.95000000000005,235.95000000000005,235.95000000000005,235.95000000000005,235.95000000000005,168.87138787177423,235.95000000000005,235.95000000000005,235.95000000000005,235.95000000000005,235.95000000000005,235.95000000000005,235.95000000000005,235.95000000000005,235.95000000000005,235.95000000000005,235.95000000000005,235.95000000000005,235.95000000000005,235.95000000000005,235.95000000000005,235.95000000000005,235.95000000000005,235.95000000000005,235.95000000000005,235.95000000000005,0.0,0.0,0.0,0.0,0.0,0.0,0.0,235.95000000000005,235.95000000000005,235.95000000000005,0.0,51.24143595787177,0.0,0.0,0.0
75,1,HL,cogen_conventional_steam_coal,0.0,0.0,0.0,0.0,0.0,24.5,0.0,0.0,0.0,0.0,0.0,0.0,0.0,0.0,0.0,0.0,0.0,24.5,24.5,24.5,24.5,24.5,24.5,24.5,24.5,24.5,24.5,24.5,24.5,24.5,0.0,0.0,0.0,0.0,0.0,0.0,0.0,0.0,0.0,0.0,0.0,24.5,24.5,24.5,24.5,24.5,24.5,24.5,24.5,24.5,24.5,24.5,24.5,24.5,24.5,24.5,0.0,0.0,0.0,0.0,0.0,0.0,0.0,0.0,24.5,24.5,24.5,24.5,24.5,24.5,24.5,24.5,24.5,24.5,24.5,24.5,24.5,24.5,24.5,24.5,0.0,0.0,0.0,0.0,0.0,0.0,0.0,24.5,24.5,24.5,24.5,24.5,24.5,24.5,24.5,24.5,24.5,24.5,24.5,24.5,24.5,24.5,24.5,24.5,0.0,0.0,0.0,0.0,0.0,0.0,0.0,24.5,24.5,24.5,24.5,24.5,24.5,24.5,24.5,24.5,24.5,24.5,24.5,24.5,24.5,24.5,24.5,24.5,24.5,24.5,24.5,24.5,24.5,24.5,24.5,24.5,24.5,24.5,24.5,24.5,24.5,24.5,24.5,24.5,24.5,24.5,24.5,24.5,24.5,24.5,24.5,24.5,24.5,0.0,0.0,0.0,0.0,0.0,0.0,0.0,24.5,24.5,24.5,24.5,24.5,24.5,24.5,0.0
76,1,HL,cogen_conventional_steam_coal,0.0,0.0,0.0,0.0,0.0,24.5,0.0,0.0,0.0,0.0,0.0,0.0,0.0,0.0,0.0,0.0,0.0,24.5,24.5,24.5,24.5,24.5,24.5,24.5,24.5,24.5,24.5,24.5,24.5,24.5,0.0,0.0,0.0,0.0,0.0,0.0,0.0,0.0,0.0,0.0,0.0,24.5,24.5,24.5,24.5,24.5,24.5,24.5,24.5,24.5,24.5,24.5,24.5,24.5,24.5,24.5,0.0,0.0,0.0,0.0,0.0,0.0,0.0,0.0,24.5,24.5,24.5,24.5,24.5,24.5,24.5,24.5,24.5,24.5,24.5,24.5,24.5,24.5,24.5,24.5,0.0,0.0,0.0,0.0,0.0,0.0,0.0,24.5,24.5,24.5,24.5,24.5,24.5,24.5,24.5,24.5,24.5,24.5,24.5,24.5,24.5,24.5,24.5,24.5,0.0,0.0,0.0,0.0,0.0,0.0,0.0,24.5,24.5,24.5,24.5,24.5,24.5,24.5,24.5,24.5,24.5,24.5,24.5,24.5,24.5,24.5,24.5,24.5,24.5,24.5,24.5,24.5,24.5,24.5,24.5,24.5,24.5,24.5,24.5,24.5,24.5,24.5,24.5,24.5,24.5,24.5,24.5,24.5,24.5,24.5,24.5,24.5,24.5,0.0,0.0,0.0,0.0,0.0,0.0,0.0,24.5,24.5,24.5,24.5,24.5,24.5,24.5,0.0
77,1,HL,cogen_conventional_steam_coal,0.0,145.67466865134872,0.0,235.95000000000005,235.95000000000005,235.95000000000005,119.70950349999771,0.0,0.0,0.0,0.0,0.0,0.0,0.0,0.0,0.0,0.0,235.95000000000005,235.95000000000005,235.95000000000005,235.95000000000005,235.95000000000005,235.95000000000005,235.95000000000005,235.95000000000005,235.95000000000005,235.95000000000005,235.95000000000005,235.95000000000005,235.95000000000005,172.52070512719183,0.0,0.0,0.0,0.0,0.0,0.0,0.0,0.0,0.0,235.95000000000005,235.95000000000005,235.95000000000005,235.95000000000005,235.95000000000005,235.95000000000005,235.95000000000005,235.95000000000005,235.95000000000005,235.95000000000005,235.95000000000005,235.95000000000005,235.95000000000005,235.95000000000005,235.95000000000005,235.95000000000005,235.95000000000005,0.0,0.0,0.0,0.0,0.0,0.0,0.0,235.95000000000005,235.95000000000005,235.95000000000005,235.95000000000005,235.95000000000005,235.95000000000005,235.95000000000005,235.95000000000005,235.95000000000005,235.95000000000005,235.95000000000005,235.95000000000005,235.95000000000005,235.95000000000005,235.95000000000005,235.95000000000005,0.0,235.95000000000005,0.0,235.95000000000005,235.95000000000005,235.95000000000005,235.95000000000005,235.95000000000005,235.95000000000005,235.95000000000005,235.95000000000005,235.95000000000005,235.95000000000005,235.95000000000005,235.95000000000005,235.95000000000005,235.95000000000005,235.95000000000005,235.95000000000005,235.95000000000005,235.95000000000005,235.95000000000005,235.95000000000005,235.95000000000005,235.95000000000005,235.95000000000005,235.95000000000005,235.95000000000005,235.95000000000005,235.95000000000005,235.95000000000005,235.95000000000005,235.95000000000005,235.95000000000005,235.95000000000005,235.95000000000005,235.95000000000005,235.95000000000005,235.95000000000005,235.95000000000005,235.95000000000005,235.95000000000005,235.95000000000005,235.95000000000005,235.95000000000005,235.95000000000005,235.95000000000005,235.95000000000005,235.95000000000005,235.95000000000005,235.95000000000005,235.95000000000005,235.95000000000005,235.95000000000005,235.95000000000005,235.95000000000005,235.95000000000005,235.95000000000005,235.95000000000005,235.95000000000005,235.95000000000005,235.95000000000005,235.95000000000005,235.95000000000005,235.95000000000005,235.95000000000005,235.95000000000005,235.95000000000005,235.95000000000005,235.95000000000005,235.95000000000005,235.95000000000005,235.95000000000005,235.95000000000005,232.02233175252036,0.0,235.95000000000005,235.95000000000005,235.95000000000005,235.95000000000005,235.95000000000005,235.95000000000005,235.95000000000005,235.95000000000005,235.95000000000005,235.95000000000005,235.95000000000005,0.0
78,1,HL,cogen_conventional_steam_coal,0.0,235.95000000000005,0.0,235.95000000000005,235.95000000000005,235.95000000000005,235.95000000000005,0.0,0.0,0.0,0.0,0.0,0.0,0.0,0.0,0.0,0.0,235.95000000000005,235.95000000000005,235.95000000000005,235.95000000000005,235.95000000000005,235.95000000000005,235.95000000000005,235.95000000000005,235.95000000000005,235.95000000000005,235.95000000000005,235.95000000000005,235.95000000000005,0.0,0.0,0.0,0.0,0.0,0.0,0.0,0.0,0.0,0.0,235.95000000000005,235.95000000000005,235.95000000000005,235.95000000000005,235.95000000000005,235.95000000000005,235.95000000000005,235.95000000000005,235.95000000000005,235.95000000000005,235.95000000000005,235.95000000000005,235.95000000000005,235.95000000000005,235.95000000000005,235.95000000000005,235.95000000000005,0.0,0.0,0.0,0.0,0.0,0.0,0.0,235.95000000000005,235.95000000000005,235.95000000000005,235.95000000000005,235.95000000000005,235.95000000000005,235.95000000000005,235.95000000000005,235.95000000000005,235.95000000000005,235.95000000000005,235.95000000000005,235.95000000000005,235.95000000000005,235.95000000000005,235.95000000000005,0.0,0.0,235.95000000000005,235.95000000000005,235.95000000000005,235.95000000000005,235.95000000000005,235.95000000000005,235.95000000000005,235.95000000000005,235.95000000000005,235.95000000000005,235.95000000000005,235.95000000000005,235.95000000000005,235.95000000000005,235.95000000000005,235.95000000000005,235.95000000000005,235.95000000000005,235.95000000000005,235.95000000000005,235.95000000000005,235.95000000000005,235.95000000000005,235.95000000000005,235.95000000000005,235.95000000000005,235.95000000000005,235.95000000000005,235.95000000000005,235.95000000000005,235.95000000000005,235.95000000000005,235.95000000000005,235.95000000000005,235.95000000000005,235.95000000000005,235.95000000000005,235.95000000000005,235.95000000000005,235.95000000000005,235.95000000000005,235.95000000000005,235.95000000000005,235.95000000000005,235.95000000000005,235.95000000000005,235.95000000000005,235.95000000000005,235.95000000000005,235.95000000000005,235.95000000000005,235.95000000000005,235.95000000000005,235.95000000000005,235.95000000000005,235.95000000000005,235.95000000000005,235.95000000000005,235.95000000000005,235.95000000000005,235.95000000000005,235.95000000000005,235.95000000000005,235.95000000000005,235.95000000000005,235.95000000000005,235.95000000000005,235.95000000000005,235.95000000000005,235.95000000000005,235.95000000000005,235.95000000000005,235.95000000000005,0.0,235.95000000000005,221.6600271926402,235.95000000000005,235.95000000000005,235.95000000000005,235.95000000000005,235.95000000000005,235.95000000000005,235.95000000000005,235.95000000000005,235.95000000000005,0.0
79,1,HL,cogen_conventional_steam_coal,0.0,235.95000000000005,0.0,235.95000000000005,235.95000000000005,235.95000000000005,0.0,0.0,0.0,0.0,0.0,0.0,0.0,0.0,0.0,0.0,0.0,235.95000000000005,235.95000000000005,235.95000000000005,235.95000000000005,235.95000000000005,235.95000000000005,235.95000000000005,235.95000000000005,235.95000000000005,235.95000000000005,235.95000000000005,235.95000000000005,235.95000000000005,0.0,0.0,0.0,0.0,0.0,0.0,0.0,0.0,0.0,0.0,235.95000000000005,235.95000000000005,235.95000000000005,235.95000000000005,235.95000000000005,235.95000000000005,235.95000000000005,235.95000000000005,235.95000000000005,235.95000000000005,235.95000000000005,235.95000000000005,235.95000000000005,235.95000000000005,235.95000000000005,235.95000000000005,50.68827285663059,0.0,0.0,0.0,0.0,0.0,0.0,0.0,235.95000000000005,235.95000000000005,235.95000000000005,235.95000000000005,235.95000000000005,235.95000000000005,235.95000000000005,235.95000000000005,235.95000000000005,235.95000000000005,235.95000000000005,235.95000000000005,235.95000000000005,235.95000000000005,235.95000000000005,235.95000000000005,0.0,15.52208599999949,218.4118025816315,235.95000000000005,235.95000000000005,235.95000000000005,235.95000000000005,235.95000000000005,235.95000000000005,235.95000000000005,235.95000000000005,235.95000000000005,235.95000000000005,235.95000000000005,235.95000000000005,235.95000000000005,235.95000000000005,235.95000000000005,235.95000000000005,235.95000000000005,235.95000000000005,235.95000000000005,235.95000000000005,235.95000000000005,235.95000000000005,235.95000000000005,235.95000000000005,235.95000000000005,235.95000000000005,235.95000000000005,235.95000000000005,235.95000000000005,235.95000000000005,235.95000000000005,235.95000000000005,235.95000000000005,235.95000000000005,235.95000000000005,235.95000000000005,235.95000000000005,235.95000000000005,235.95000000000005,235.95000000000005,235.95000000000005,235.95000000000005,235.95000000000005,235.95000000000005,235.95000000000005,235.95000000000005,235.95000000000005,235.95000000000005,235.95000000000005,235.95000000000005,235.95000000000005,235.95000000000005,235.95000000000005,235.95000000000005,235.95000000000005,235.95000000000005,235.95000000000005,235.95000000000005,235.95000000000005,235.95000000000005,235.95000000000005,235.95000000000005,235.95000000000005,235.95000000000005,235.95000000000005,235.95000000000005,235.95000000000005,235.95000000000005,235.95000000000005,235.95000000000005,235.95000000000005,235.95000000000005,0.0,235.95000000000005,235.95000000000005,235.95000000000005,235.95000000000005,235.95000000000005,235.95000000000005,235.95000000000005,235.95000000000005,235.95000000000005,235.95000000000005,235.95000000000005,0.0
80,1,HL,cogen_conventional_steam_coal,0.0,0.0,0.0,175.1894504451485,235.95000000000005,235.95000000000005,235.95000000000005,0.0,0.0,0.0,0.0,0.0,0.0,0.0,0.0,0.0,0.0,235.95000000000005,235.95000000000005,235.95000000000005,235.95000000000005,235.95000000000005,235.95000000000005,235.95000000000005,235.95000000000005,235.95000000000005,235.95000000000005,235.95000000000005,235.95000000000005,235.95000000000005,235.95000000000005,0.0,0.0,0.0,0.0,0.0,0.0,0.0,0.0,0.0,159.64705515503692,235.95000000000005,235.95000000000005,235.95000000000005,235.95000000000005,235.95000000000005,235.95000000000005,235.95000000000005,235.95000000000005,235.95000000000005,235.95000000000005,235.95000000000005,235.95000000000005,235.95000000000005,235.95000000000005,235.95000000000005,0.0,0.0,0.0,0.0,0.0,0.0,0.0,0.0,235.95000000000005,235.95000000000005,235.95000000000005,235.95000000000005,235.95000000000005,235.95000000000005,235.95000000000005,235.95000000000005,235.95000000000005,235.95000000000005,235.95000000000005,235.95000000000005,235.95000000000005,235.95000000000005,235.95000000000005,235.95000000000005,0.0,235.95000000000005,235.95000000000005,235.95000000000005,159.2509844746935,235.95000000000005,235.95000000000005,235.95000000000005,235.95000000000005,235.95000000000005,235.95000000000005,235.95000000000005,235.95000000000005,235.95000000000005,235.95000000000005,235.95000000000005,235.95000000000005,235.95000000000005,235.95000000000005,235.95000000000005,235.95000000000005,235.95000000000005,235.95000000000005,235.95000000000005,235.95000000000005,235.95000000000005,235.95000000000005,235.95000000000005,235.95000000000005,235.95000000000005,235.95000000000005,235.95000000000005,235.95000000000005,235.95000000000005,235.95000000000005,235.95000000000005,235.95000000000005,235.95000000000005,235.95000000000005,235.95000000000005,235.95000000000005,235.95000000000005,235.95000000000005,235.95000000000005,235.95000000000005,235.95000000000005,235.95000000000005,235.95000000000005,235.95000000000005,235.95000000000005,235.95000000000005,235.95000000000005,235.95000000000005,235.95000000000005,235.95000000000005,235.95000000000005,235.95000000000005,235.95000000000005,235.95000000000005,235.95000000000005,235.95000000000005,235.95000000000005,235.95000000000005,235.95000000000005,235.95000000000005,235.95000000000005,235.95000000000005,235.95000000000005,235.95000000000005,235.95000000000005,235.95000000000005,235.95000000000005,235.95000000000005,206.88320590252079,235.95000000000005,0.0,235.95000000000005,0.0,235.95000000000005,235.95000000000005,235.95000000000005,235.95000000000005,235.95000000000005,235.95000000000005,235.95000000000005,235.95000000000005,235.95000000000005,0.0
81,1,HL,cogen_conventional_steam_coal,0.0,235.95000000000005,216.69219070269833,0.0,235.95000000000005,235.95000000000005,235.95000000000005,0.0,0.0,0.0,0.0,0.0,0.0,0.0,0.0,0.0,0.0,235.95000000000005,235.95000000000005,235.95000000000005,235.95000000000005,235.95000000000005,235.95000000000005,235.95000000000005,235.95000000000005,235.95000000000005,235.95000000000005,235.95000000000005,235.95000000000005,235.95000000000005,235.95000000000005,0.0,0.0,0.0,0.0,0.0,0.0,0.0,0.0,0.0,0.0,235.95000000000005,235.95000000000005,235.95000000000005,235.95000000000005,235.95000000000005,235.95000000000005,235.95000000000005,235.95000000000005,235.95000000000005,235.95000000000005,235.95000000000005,235.95000000000005,235.95000000000005,235.95000000000005,235.95000000000005,0.0,0.0,0.0,0.0,0.0,0.0,0.0,1.801197083490024,235.95000000000005,235.95000000000005,235.95000000000005,235.95000000000005,235.95000000000005,235.95000000000005,235.95000000000005,235.95000000000005,235.95000000000005,235.95000000000005,235.95000000000005,235.95000000000005,235.95000000000005,235.95000000000005,235.95000000000005,235.95000000000005,62.580280283818354,0.0,235.95000000000005,235.95000000000005,0.0,235.95000000000005,235.95000000000005,235.95000000000005,235.95000000000005,235.95000000000005,235.95000000000005,235.95000000000005,235.95000000000005,235.95000000000005,235.95000000000005,235.95000000000005,235.95000000000005,235.95000000000005,235.95000000000005,235.95000000000005,235.95000000000005,235.95000000000005,235.95000000000005,235.95000000000005,235.95000000000005,235.95000000000005,235.95000000000005,235.95000000000005,235.95000000000005,235.95000000000005,235.95000000000005,235.95000000000005,235.95000000000005,235.95000000000005,235.95000000000005,235.95000000000005,235.95000000000005,235.95000000000005,235.95000000000005,235.95000000000005,235.95000000000005,235.95000000000005,235.95000000000005,235.95000000000005,235.95000000000005,235.95000000000005,235.95000000000005,235.95000000000005,235.95000000000005,235.95000000000005,235.95000000000005,235.95000000000005,235.95000000000005,235.95000000000005,235.95000000000005,235.95000000000005,235.95000000000005,235.95000000000005,235.95000000000005,235.95000000000005,235.95000000000005,235.95000000000005,235.95000000000005,235.95000000000005,235.95000000000005,235.95000000000005,235.95000000000005,235.95000000000005,235.95000000000005,235.95000000000005,235.95000000000005,235.95000000000005,235.95000000000005,235.95000000000005,235.95000000000005,0.0,235.95000000000005,0.0,235.95000000000005,235.95000000000005,235.95000000000005,235.95000000000005,235.95000000000005,235.95000000000005,235.95000000000005,235.95000000000005,235.95000000000005,0.0
82,2,IME,cogen_conventional_steam_coal,0.0,0.0,0.0,0.0,0.0,0.0,0.0,0.0,0.0,0.0,0.0,0.0,0.0,0.0,0.0,0.0,0.0,0.0,0.0,0.0,0.0,0.0,0.0,0.0,0.0,0.0,0.0,0.0,0.0,0.0,0.0,0.0,0.0,0.0,0.0,0.0,0.0,0.0,0.0,0.0,0.0,0.0,0.0,0.0,0.0,0.0,0.0,0.0,0.0,0.0,0.0,0.0,0.0,0.0,0.0,0.0,0.0,0.0,0.0,0.0,0.0,0.0,0.0,0.0,0.0,0.0,0.0,0.0,0.0,0.0,0.0,0.0,0.0,0.0,0.0,0.0,0.0,0.0,0.0,0.0,0.0,0.0,0.0,0.0,0.0,0.0,0.0,0.0,0.0,0.0,0.0,0.0,0.0,0.0,0.0,0.0,0.0,0.0,0.0,0.0,0.0,0.0,0.0,0.0,0.0,0.0,0.0,0.0,0.0,0.0,0.0,0.0,48.2625,48.2625,48.2625,48.2625,48.2625,48.2625,48.2625,48.2625,48.2625,48.2625,48.2625,48.2625,0.0,0.0,48.2625,48.2625,0.0,0.0,0.0,0.0,0.0,0.0,0.0,0.0,48.2625,48.2625,48.2625,48.2625,48.2625,48.2625,48.2625,48.2625,48.2625,48.2625,48.2625,0.0,0.0,0.0,48.2625,0.0,0.0,0.0,0.0,0.0,0.0,0.0,0.0,0.0,0.0,48.2625,48.2625,48.2625,48.2625,48.2625,48.2625,48.2625
83,2,IME,cogen_conventional_steam_coal,0.0,0.0,0.0,0.0,0.0,0.0,0.0,0.0,0.0,0.0,0.0,0.0,0.0,0.0,0.0,0.0,0.0,0.0,0.0,0.0,0.0,0.0,0.0,0.0,0.0,0.0,0.0,0.0,0.0,0.0,0.0,0.0,0.0,0.0,0.0,0.0,0.0,0.0,0.0,0.0,0.0,0.0,0.0,0.0,0.0,0.0,0.0,0.0,0.0,0.0,0.0,0.0,0.0,0.0,0.0,0.0,0.0,0.0,0.0,0.0,0.0,0.0,0.0,0.0,0.0,0.0,0.0,0.0,0.0,0.0,0.0,0.0,0.0,0.0,0.0,0.0,0.0,0.0,0.0,0.0,0.0,0.0,0.0,0.0,0.0,0.0,0.0,0.0,0.0,0.0,0.0,0.0,0.0,0.0,0.0,0.0,0.0,0.0,0.0,0.0,0.0,0.0,0.0,0.0,0.0,0.0,0.0,0.0,0.0,0.0,0.0,0.0,48.2625,48.2625,48.2625,48.2625,48.2625,48.2625,48.2625,48.2625,48.2625,48.2625,48.2625,48.2625,0.0,0.0,48.2625,48.2625,0.0,0.0,0.0,0.0,0.0,0.0,0.0,0.0,48.2625,48.2625,48.2625,48.2625,48.2625,48.2625,48.2625,48.2625,48.2625,48.2625,48.2625,0.0,0.0,0.0,48.2625,0.0,0.0,0.0,0.0,0.0,0.0,0.0,0.0,0.0,0.0,48.2625,48.2625,48.2625,48.2625,48.2625,48.2625,48.2625
84,2,IME,cogen_conventional_steam_coal,0.0,0.0,0.0,0.0,0.0,0.0,0.0,0.0,0.0,0.0,0.0,0.0,0.0,0.0,0.0,0.0,0.0,0.0,0.0,0.0,0.0,0.0,0.0,0.0,0.0,0.0,0.0,0.0,0.0,0.0,0.0,0.0,0.0,0.0,0.0,0.0,0.0,0.0,0.0,0.0,0.0,0.0,0.0,0.0,0.0,0.0,0.0,0.0,0.0,0.0,0.0,0.0,0.0,0.0,0.0,0.0,0.0,0.0,0.0,0.0,0.0,0.0,0.0,0.0,0.0,0.0,0.0,0.0,0.0,0.0,0.0,0.0,0.0,0.0,0.0,0.0,0.0,0.0,0.0,0.0,0.0,0.0,0.0,0.0,0.0,0.0,0.0,0.0,0.0,0.0,0.0,0.0,0.0,0.0,0.0,0.0,0.0,0.0,0.0,0.0,0.0,0.0,0.0,0.0,0.0,0.0,0.0,0.0,0.0,0.0,0.0,0.0,53.625,53.625,53.625,53.625,53.625,53.625,53.625,53.625,53.625,53.625,53.625,53.625,0.0,0.0,53.625,53.625,0.0,0.0,0.0,0.0,0.0,0.0,0.0,0.0,53.625,53.625,53.625,53.625,53.625,53.625,53.625,53.625,53.625,53.625,53.625,0.0,0.0,0.0,53.625,0.0,0.0,0.0,0.0,0.0,0.0,0.0,0.0,0.0,0.0,53.625,53.625,53.625,53.625,53.625,53.625,53.625
85,2,IME,cogen_conventional_steam_coal,0.0,0.0,0.0,0.0,0.0,0.0,0.0,0.0,0.0,0.0,0.0,0.0,0.0,0.0,0.0,0.0,0.0,0.0,0.0,0.0,0.0,0.0,0.0,0.0,0.0,0.0,0.0,0.0,0.0,0.0,0.0,0.0,0.0,0.0,0.0,0.0,0.0,0.0,0.0,0.0,0.0,0.0,0.0,0.0,0.0,0.0,0.0,0.0,0.0,0.0,0.0,0.0,0.0,0.0,0.0,0.0,0.0,0.0,0.0,0.0,0.0,0.0,0.0,0.0,0.0,0.0,0.0,0.0,0.0,0.0,0.0,0.0,0.0,0.0,0.0,0.0,0.0,0.0,0.0,0.0,0.0,0.0,0.0,0.0,0.0,0.0,0.0,0.0,0.0,0.0,0.0,0.0,0.0,0.0,0.0,0.0,0.0,0.0,0.0,0.0,0.0,0.0,0.0,0.0,0.0,0.0,0.0,0.0,0.0,0.0,0.0,0.0,53.625,53.625,53.625,53.625,53.625,53.625,53.625,53.625,53.625,53.625,53.625,53.625,0.0,0.0,53.625,53.625,0.0,0.0,0.0,0.0,0.0,0.0,0.0,0.0,53.625,53.625,53.625,53.625,53.625,53.625,53.625,53.625,53.625,53.625,53.625,0.0,0.0,0.0,53.625,0.0,0.0,0.0,0.0,0.0,0.0,0.0,0.0,0.0,0.0,53.625,53.625,53.625,53.625,53.625,53.625,53.625
86,2,IME,conventional_steam_coal,0.0,0.0,0.0,0.0,0.0,0.0,0.0,0.0,0.0,0.0,0.0,0.0,0.0,0.0,0.0,0.0,0.0,0.0,0.0,0.0,0.0,0.0,0.0,0.0,0.0,0.0,0.0,0.0,0.0,0.0,0.0,0.0,0.0,0.0,0.0,0.0,0.0,0.0,0.0,0.0,0.0,0.0,0.0,0.0,0.0,0.0,0.0,0.0,0.0,0.0,0.0,0.0,0.0,0.0,0.0,0.0,0.0,0.0,0.0,0.0,0.0,0.0,0.0,0.0,0.0,0.0,0.0,0.0,0.0,0.0,0.0,0.0,0.0,0.0,0.0,0.0,0.0,0.0,0.0,0.0,0.0,0.0,0.0,0.0,0.0,0.0,0.0,0.0,0.0,0.0,0.0,0.0,0.0,0.0,0.0,0.0,0.0,0.0,0.0,0.0,0.0,0.0,0.0,0.0,0.0,0.0,0.0,0.0,0.0,0.0,0.0,0.0,71.5,71.5,71.5,71.5,71.5,71.5,71.5,71.5,71.5,71.5,71.5,71.5,0.0,0.0,71.5,71.5,0.0,0.0,0.0,0.0,0.0,0.0,0.0,0.0,71.5,71.5,71.5,71.5,71.5,71.5,71.5,71.5,71.5,71.5,71.5,0.0,0.0,0.0,71.5,0.0,0.0,0.0,0.0,0.0,0.0,0.0,0.0,0.0,0.0,71.5,71.5,71.5,71.5,71.5,71.5,71.5
87,2,IME,conventional_steam_coal,0.0,0.0,0.0,0.0,0.0,0.0,0.0,0.0,0.0,0.0,0.0,0.0,0.0,0.0,0.0,0.0,0.0,0.0,0.0,0.0,0.0,0.0,0.0,0.0,0.0,0.0,0.0,0.0,0.0,0.0,0.0,0.0,0.0,0.0,0.0,0.0,0.0,0.0,0.0,0.0,0.0,0.0,0.0,0.0,0.0,0.0,0.0,0.0,0.0,0.0,0.0,0.0,0.0,0.0,0.0,0.0,0.0,0.0,0.0,0.0,0.0,0.0,0.0,0.0,0.0,0.0,0.0,0.0,0.0,0.0,0.0,0.0,0.0,0.0,0.0,0.0,0.0,0.0,0.0,0.0,0.0,0.0,0.0,0.0,0.0,0.0,0.0,0.0,0.0,0.0,0.0,0.0,0.0,0.0,0.0,0.0,0.0,0.0,0.0,0.0,0.0,0.0,0.0,0.0,0.0,0.0,0.0,0.0,0.0,0.0,0.0,0.0,71.5,71.5,71.5,71.5,71.5,71.5,71.5,71.5,71.5,71.5,71.5,71.5,0.0,0.0,71.5,71.5,0.0,0.0,0.0,0.0,0.0,0.0,0.0,0.0,71.5,71.5,71.5,71.5,71.5,71.5,71.5,71.5,71.5,71.5,71.5,0.0,0.0,0.0,71.5,0.0,0.0,0.0,0.0,0.0,0.0,0.0,0.0,0.0,0.0,71.5,71.5,71.5,71.5,71.5,71.5,71.5
88,2,IME,cogen_conventional_steam_coal,0.0,0.0,0.0,0.0,0.0,0.0,0.0,0.0,0.0,0.0,0.0,0.0,0.0,0.0,0.0,0.0,0.0,0.0,0.0,0.0,0.0,0.0,0.0,0.0,0.0,0.0,0.0,0.0,0.0,0.0,0.0,0.0,0.0,0.0,0.0,0.0,0.0,0.0,0.0,0.0,0.0,0.0,0.0,0.0,0.0,0.0,0.0,0.0,0.0,0.0,0.0,0.0,0.0,0.0,0.0,0.0,0.0,0.0,0.0,0.0,0.0,0.0,0.0,0.0,0.0,0.0,0.0,0.0,0.0,0.0,0.0,0.0,0.0,0.0,0.0,0.0,0.0,0.0,0.0,0.0,0.0,0.0,0.0,0.0,0.0,0.0,0.0,0.0,0.0,0.0,0.0,0.0,0.0,0.0,0.0,0.0,0.0,0.0,0.0,0.0,0.0,0.0,0.0,0.0,0.0,0.0,0.0,0.0,0.0,0.0,0.0,0.0,0.0,0.0,0.0,0.0,0.0,0.0,0.0,0.0,0.0,0.0,0.0,0.0,0.0,0.0,0.0,0.0,0.0,0.0,0.0,0.0,0.0,0.0,0.0,0.0,0.0,0.0,0.0,0.0,0.0,0.0,0.0,0.0,0.0,0.0,0.0,0.0,0.0,0.0,0.0,0.0,0.0,0.0,0.0,0.0,0.0,0.0,0.0,0.0,0.0,0.0,0.0,0.0,0.0,0.0,0.0,0.0
89,2,IME,cogen_conventional_steam_coal,0.0,0.0,0.0,0.0,0.0,0.0,0.0,0.0,0.0,0.0,0.0,0.0,0.0,0.0,0.0,0.0,0.0,0.0,0.0,0.0,0.0,0.0,0.0,0.0,0.0,0.0,0.0,0.0,0.0,0.0,0.0,0.0,0.0,0.0,0.0,0.0,0.0,0.0,0.0,0.0,0.0,0.0,0.0,0.0,0.0,0.0,0.0,0.0,0.0,0.0,0.0,0.0,0.0,0.0,0.0,0.0,0.0,0.0,0.0,0.0,0.0,0.0,0.0,0.0,0.0,0.0,0.0,0.0,0.0,0.0,0.0,0.0,0.0,0.0,0.0,0.0,0.0,0.0,0.0,0.0,0.0,0.0,0.0,0.0,0.0,0.0,0.0,0.0,0.0,0.0,0.0,0.0,0.0,0.0,0.0,0.0,0.0,0.0,0.0,0.0,0.0,0.0,0.0,0.0,0.0,0.0,0.0,0.0,0.0,0.0,0.0,0.0,0.0,0.0,0.0,0.0,0.0,0.0,0.0,0.0,0.0,0.0,0.0,0.0,0.0,0.0,0.0,0.0,0.0,0.0,0.0,0.0,0.0,0.0,0.0,0.0,0.0,0.0,0.0,0.0,0.0,0.0,0.0,0.0,0.0,0.0,0.0,0.0,0.0,0.0,0.0,0.0,0.0,0.0,0.0,0.0,0.0,0.0,0.0,0.0,0.0,0.0,0.0,0.0,0.0,0.0,0.0,0.0
90,2,IME,conventional_steam_coal,0.0,0.0,0.0,0.0,0.0,0.0,0.0,0.0,0.0,0.0,0.0,0.0,0.0,0.0,0.0,0.0,0.0,0.0,0.0,0.0,0.0,0.0,0.0,0.0,0.0,0.0,0.0,0.0,0.0,0.0,0.0,0.0,0.0,0.0,0.0,0.0,0.0,0.0,0.0,0.0,0.0,0.0,0.0,0.0,0.0,0.0,0.0,0.0,0.0,0.0,0.0,0.0,0.0,0.0,0.0,0.0,0.0,0.0,0.0,0.0,0.0,0.0,0.0,0.0,0.0,0.0,0.0,0.0,0.0,0.0,0.0,0.0,0.0,0.0,0.0,0.0,0.0,0.0,0.0,0.0,0.0,0.0,0.0,0.0,0.0,0.0,0.0,0.0,0.0,0.0,0.0,0.0,0.0,0.0,0.0,0.0,0.0,0.0,0.0,0.0,0.0,0.0,0.0,0.0,0.0,0.0,0.0,0.0,0.0,0.0,0.0,0.0,10.725000000000001,10.725000000000001,10.725000000000001,10.725000000000001,10.725000000000001,10.725000000000001,10.725000000000001,10.725000000000001,10.725000000000001,10.725000000000001,10.725000000000001,10.725000000000001,0.0,0.0,10.725000000000001,10.725000000000001,0.0,0.0,0.0,0.0,0.0,0.0,0.0,0.0,10.725000000000001,10.725000000000001,10.725000000000001,10.725000000000001,10.725000000000001,10.725000000000001,10.725000000000001,10.725000000000001,10.725000000000001,10.725000000000001,10.725000000000001,0.0,0.0,0.0,10.725000000000001,0.0,0.0,0.0,0.0,0.0,0.0,0.0,0.0,0.0,0.0,10.725000000000001,10.725000000000001,10.725000000000001,10.725000000000001,10.725000000000001,10.725000000000001,10.725000000000001
91,2,IME,conventional_steam_coal,0.0,0.0,0.0,0.0,0.0,0.0,0.0,0.0,0.0,0.0,0.0,0.0,0.0,0.0,0.0,0.0,0.0,0.0,0.0,0.0,0.0,0.0,0.0,0.0,0.0,0.0,0.0,0.0,0.0,0.0,0.0,0.0,0.0,0.0,0.0,0.0,0.0,0.0,0.0,0.0,0.0,0.0,0.0,0.0,0.0,0.0,0.0,0.0,0.0,0.0,0.0,0.0,0.0,0.0,0.0,0.0,0.0,0.0,0.0,0.0,0.0,0.0,0.0,0.0,0.0,0.0,0.0,0.0,0.0,0.0,0.0,0.0,0.0,0.0,0.0,0.0,0.0,0.0,0.0,0.0,0.0,0.0,0.0,0.0,0.0,0.0,0.0,0.0,0.0,0.0,0.0,0.0,0.0,0.0,0.0,0.0,0.0,0.0,0.0,0.0,0.0,0.0,0.0,0.0,0.0,0.0,0.0,0.0,0.0,0.0,0.0,0.0,10.725000000000001,10.725000000000001,10.725000000000001,10.725000000000001,10.725000000000001,10.725000000000001,10.725000000000001,10.725000000000001,10.725000000000001,10.725000000000001,10.725000000000001,10.725000000000001,0.0,0.0,10.725000000000001,10.725000000000001,0.0,0.0,0.0,0.0,0.0,0.0,0.0,0.0,10.725000000000001,10.725000000000001,10.725000000000001,10.725000000000001,10.725000000000001,10.725000000000001,10.725000000000001,10.725000000000001,10.725000000000001,10.725000000000001,10.725000000000001,0.0,0.0,0.0,10.725000000000001,0.0,0.0,0.0,0.0,0.0,0.0,0.0,0.0,0.0,0.0,10.725000000000001,10.725000000000001,10.725000000000001,10.725000000000001,10.725000000000001,10.725000000000001,10.725000000000001
92,2,IME,cogen_conventional_steam_coal,0.0,0.0,0.0,0.0,0.0,0.0,0.0,0.0,0.0,0.0,0.0,0.0,0.0,0.0,0.0,0.0,0.0,0.0,0.0,0.0,0.0,0.0,0.0,0.0,0.0,0.0,0.0,0.0,0.0,0.0,0.0,0.0,0.0,0.0,0.0,0.0,0.0,0.0,0.0,0.0,0.0,0.0,0.0,0.0,0.0,0.0,0.0,0.0,0.0,0.0,0.0,0.0,0.0,0.0,0.0,0.0,0.0,0.0,0.0,0.0,0.0,0.0,0.0,0.0,0.0,0.0,0.0,0.0,0.0,0.0,0.0,0.0,0.0,0.0,0.0,0.0,0.0,0.0,0.0,0.0,0.0,0.0,0.0,0.0,0.0,0.0,0.0,0.0,0.0,0.0,0.0,0.0,0.0,0.0,0.0,0.0,0.0,0.0,0.0,0.0,0.0,0.0,0.0,0.0,0.0,0.0,0.0,0.0,0.0,0.0,0.0,0.0,17.875,17.875,17.875,17.875,17.875,17.875,17.875,17.875,17.875,17.875,17.875,17.875,0.0,0.0,17.875,17.875,0.0,0.0,0.0,0.0,0.0,0.0,0.0,0.0,17.875,17.875,17.875,17.875,17.875,17.875,17.875,17.875,17.875,17.875,17.875,0.0,0.0,0.0,17.875,0.0,0.0,0.0,0.0,0.0,0.0,0.0,0.0,0.0,0.0,17.875,17.875,17.875,17.875,17.875,17.875,17.875
93,2,IME,conventional_steam_coal,0.0,0.0,0.0,0.0,0.0,0.0,0.0,0.0,0.0,0.0,0.0,0.0,0.0,0.0,0.0,0.0,0.0,0.0,0.0,0.0,0.0,0.0,0.0,0.0,0.0,0.0,0.0,0.0,0.0,0.0,0.0,0.0,0.0,0.0,0.0,0.0,0.0,0.0,0.0,0.0,0.0,0.0,0.0,0.0,0.0,0.0,0.0,0.0,0.0,0.0,0.0,0.0,0.0,0.0,0.0,0.0,0.0,0.0,0.0,0.0,0.0,0.0,0.0,0.0,0.0,0.0,0.0,0.0,0.0,0.0,0.0,0.0,0.0,0.0,0.0,0.0,0.0,0.0,0.0,0.0,0.0,0.0,0.0,0.0,0.0,0.0,0.0,0.0,0.0,0.0,0.0,0.0,0.0,0.0,0.0,0.0,0.0,0.0,0.0,0.0,0.0,0.0,0.0,0.0,0.0,0.0,0.0,0.0,0.0,0.0,0.0,0.0,35.75,35.75,35.75,35.75,35.75,35.75,35.75,35.75,35.75,35.75,35.75,35.75,0.0,0.0,35.75,35.75,0.0,0.0,0.0,0.0,0.0,0.0,0.0,0.0,35.75,35.75,35.75,35.75,35.75,35.75,35.75,35.75,35.75,35.75,35.75,0.0,0.0,0.0,35.75,0.0,0.0,0.0,0.0,0.0,0.0,0.0,0.0,0.0,0.0,35.75,35.75,35.75,35.75,35.75,35.75,35.75
94,2,IME,conventional_steam_coal,0.0,0.0,0.0,0.0,0.0,0.0,0.0,0.0,0.0,0.0,0.0,0.0,0.0,0.0,0.0,0.0,0.0,0.0,0.0,0.0,0.0,0.0,0.0,0.0,0.0,0.0,0.0,0.0,0.0,0.0,0.0,0.0,0.0,0.0,0.0,0.0,0.0,0.0,0.0,0.0,0.0,0.0,0.0,0.0,0.0,0.0,0.0,0.0,0.0,0.0,0.0,0.0,0.0,0.0,0.0,0.0,0.0,0.0,0.0,0.0,0.0,0.0,0.0,0.0,0.0,0.0,0.0,0.0,0.0,0.0,0.0,0.0,0.0,0.0,0.0,0.0,0.0,0.0,0.0,0.0,0.0,0.0,0.0,0.0,0.0,0.0,0.0,0.0,0.0,0.0,0.0,0.0,0.0,0.0,0.0,0.0,0.0,0.0,0.0,0.0,0.0,0.0,0.0,0.0,0.0,0.0,0.0,0.0,0.0,0.0,0.0,0.0,35.75,35.75,35.75,35.75,35.75,35.75,35.75,35.75,35.75,35.75,35.75,35.75,0.0,0.0,35.75,35.75,0.0,0.0,0.0,0.0,0.0,0.0,0.0,0.0,35.75,35.75,35.75,35.75,35.75,35.75,35.75,35.75,35.75,35.75,35.75,0.0,0.0,0.0,35.75,0.0,0.0,0.0,0.0,0.0,0.0,0.0,0.0,0.0,0.0,35.75,35.75,35.75,35.75,35.75,35.75,35.75
95,2,IME,cogen_conventional_steam_coal,0.0,0.0,0.0,0.0,0.0,0.0,0.0,0.0,0.0,0.0,0.0,0.0,0.0,0.0,0.0,0.0,0.0,0.0,0.0,0.0,0.0,0.0,0.0,0.0,0.0,0.0,0.0,0.0,0.0,0.0,0.0,0.0,0.0,0.0,0.0,0.0,0.0,0.0,0.0,0.0,0.0,0.0,0.0,0.0,0.0,0.0,0.0,0.0,0.0,0.0,0.0,0.0,0.0,0.0,0.0,0.0,0.0,0.0,0.0,0.0,0.0,0.0,0.0,0.0,0.0,0.0,0.0,0.0,0.0,0.0,0.0,0.0,0.0,0.0,0.0,0.0,0.0,0.0,0.0,0.0,0.0,0.0,0.0,0.0,0.0,0.0,0.0,0.0,0.0,0.0,0.0,0.0,0.0,0.0,0.0,0.0,0.0,0.0,0.0,0.0,0.0,0.0,0.0,0.0,0.0,0.0,0.0,0.0,0.0,0.0,0.0,0.0,0.0,0.0,0.0,0.0,0.0,0.0,0.0,0.0,0.0,0.0,0.0,0.0,0.0,0.0,0.0,0.0,0.0,0.0,0.0,0.0,0.0,0.0,0.0,0.0,0.0,0.0,0.0,0.0,0.0,0.0,0.0,0.0,0.0,0.0,0.0,0.0,0.0,0.0,0.0,0.0,0.0,0.0,0.0,0.0,0.0,0.0,0.0,0.0,0.0,0.0,0.0,0.0,0.0,0.0,0.0,0.0
96,2,IME,cogen_conventional_steam_coal,0.0,0.0,0.0,0.0,0.0,0.0,0.0,0.0,0.0,0.0,0.0,0.0,0.0,0.0,0.0,0.0,0.0,0.0,0.0,0.0,0.0,0.0,0.0,0.0,0.0,0.0,0.0,0.0,0.0,0.0,0.0,0.0,0.0,0.0,0.0,0.0,0.0,0.0,0.0,0.0,0.0,0.0,0.0,0.0,0.0,0.0,0.0,0.0,0.0,0.0,0.0,0.0,0.0,0.0,0.0,0.0,0.0,0.0,0.0,0.0,0.0,0.0,0.0,0.0,0.0,0.0,0.0,0.0,0.0,0.0,0.0,0.0,0.0,0.0,0.0,0.0,0.0,0.0,0.0,0.0,0.0,0.0,0.0,0.0,0.0,0.0,0.0,0.0,0.0,0.0,0.0,0.0,0.0,0.0,0.0,0.0,0.0,0.0,0.0,0.0,0.0,0.0,0.0,0.0,0.0,0.0,0.0,0.0,0.0,0.0,0.0,0.0,26.5,26.5,26.5,26.5,26.5,26.5,26.5,26.5,26.5,26.5,26.5,26.5,0.0,0.0,26.5,26.5,0.0,0.0,0.0,0.0,0.0,0.0,0.0,0.0,26.5,26.5,26.5,26.5,26.5,26.5,26.5,26.5,26.5,26.5,26.5,0.0,0.0,0.0,26.5,0.0,0.0,0.0,0.0,0.0,0.0,0.0,0.0,0.0,0.0,26.5,26.5,26.5,26.5,26.5,26.5,26.5
97,2,IME,conventional_steam_coal,0.0,0.0,0.0,0.0,0.0,0.0,0.0,0.0,0.0,0.0,0.0,0.0,0.0,0.0,0.0,0.0,0.0,0.0,0.0,0.0,0.0,0.0,0.0,0.0,0.0,0.0,0.0,0.0,0.0,0.0,0.0,0.0,0.0,0.0,0.0,0.0,0.0,0.0,0.0,0.0,0.0,0.0,0.0,0.0,0.0,0.0,0.0,0.0,0.0,0.0,0.0,0.0,0.0,0.0,0.0,0.0,0.0,0.0,0.0,0.0,0.0,0.0,0.0,0.0,0.0,0.0,0.0,0.0,0.0,0.0,0.0,0.0,0.0,0.0,0.0,0.0,0.0,0.0,0.0,0.0,0.0,0.0,0.0,0.0,0.0,0.0,0.0,0.0,0.0,0.0,0.0,0.0,0.0,0.0,0.0,0.0,0.0,0.0,0.0,0.0,0.0,0.0,0.0,0.0,0.0,0.0,0.0,0.0,0.0,0.0,0.0,0.0,214.5,214.5,214.5,214.5,214.5,214.5,214.5,214.5,214.5,214.5,214.5,214.5,214.5,214.5,214.5,214.5,214.5,214.5,214.5,214.5,214.5,214.5,214.5,214.5,214.5,214.5,214.5,214.5,214.5,214.5,214.5,214.5,214.5,214.5,214.5,184.90573521984697,131.3411908599992,214.5,214.5,214.5,214.5,214.5,214.5,214.5,214.5,214.5,214.5,214.5,214.5,214.5,214.5,214.5,214.5,214.5,214.5,214.5
98,2,IME,cogen_conventional_steam_coal,0.0,0.0,0.0,0.0,0.0,0.0,0.0,0.0,0.0,0.0,0.0,0.0,0.0,0.0,0.0,0.0,0.0,0.0,0.0,0.0,0.0,0.0,0.0,0.0,0.0,0.0,0.0,0.0,0.0,0.0,0.0,0.0,0.0,0.0,0.0,0.0,0.0,0.0,0.0,0.0,0.0,0.0,0.0,0.0,0.0,0.0,0.0,0.0,0.0,0.0,0.0,0.0,0.0,0.0,0.0,0.0,0.0,0.0,0.0,0.0,0.0,0.0,0.0,0.0,0.0,0.0,0.0,0.0,0.0,0.0,0.0,0.0,0.0,0.0,0.0,0.0,0.0,0.0,0.0,0.0,0.0,0.0,0.0,0.0,0.0,0.0,0.0,0.0,0.0,0.0,0.0,0.0,0.0,0.0,0.0,0.0,0.0,0.0,0.0,0.0,0.0,0.0,0.0,0.0,0.0,0.0,0.0,0.0,0.0,0.0,0.0,0.0,10.725000000000001,10.725000000000001,10.725000000000001,10.725000000000001,10.725000000000001,10.725000000000001,10.725000000000001,10.725000000000001,10.725000000000001,10.725000000000001,10.725000000000001,10.725000000000001,10.725000000000001,10.725000000000001,10.725000000000001,10.725000000000001,10.725000000000001,10.725000000000001,10.725000000000001,10.725000000000001,10.725000000000001,10.725000000000001,10.725000000000001,10.725000000000001,10.725000000000001,10.725000000000001,10.725000000000001,10.725000000000001,10.725000000000001,10.725000000000001,10.725000000000001,10.725000000000001,10.725000000000001,10.725000000000001,10.725000000000001,10.725000000000001,10.725000000000001,10.725000000000001,10.725000000000001,10.725000000000001,10.725000000000001,10.725000000000001,10.725000000000001,10.725000000000001,10.725000000000001,10.725000000000001,10.725000000000001,10.725000000000001,10.725000000000001,10.725000000000001,10.725000000000001,10.725000000000001,10.725000000000001,10.725000000000001,10.725000000000001,10.725000000000001
99,2,IME,cogen_conventional_steam_coal,0.0,0.0,0.0,0.0,0.0,0.0,0.0,0.0,0.0,0.0,0.0,0.0,0.0,0.0,0.0,0.0,0.0,0.0,0.0,0.0,0.0,0.0,0.0,0.0,0.0,0.0,0.0,0.0,0.0,0.0,0.0,0.0,0.0,0.0,0.0,0.0,0.0,0.0,0.0,0.0,10.725000000000001,10.725000000000001,10.725000000000001,0.0,10.725000000000001,10.725000000000001,10.725000000000001,10.725000000000001,10.725000000000001,10.725000000000001,10.725000000000001,10.725000000000001,10.725000000000001,10.725000000000001,10.725000000000001,10.725000000000001,10.725000000000001,0.0,0.0,0.0,0.0,0.0,0.0,10.725000000000001,10.725000000000001,10.725000000000001,10.725000000000001,10.725000000000001,10.725000000000001,0.0,0.0,0.0,0.0,0.0,0.0,0.0,0.0,0.0,0.0,0.0,0.0,0.0,0.0,0.0,0.0,0.0,0.0,0.0,10.725000000000001,10.725000000000001,10.725000000000001,10.725000000000001,10.725000000000001,10.725000000000001,10.725000000000001,0.0,0.0,0.0,0.0,0.0,0.0,0.0,10.725000000000001,0.0,0.0,0.0,0.0,0.0,0.0,0.0,0.0,0.0,10.725000000000001,10.725000000000001,10.725000000000001,10.725000000000001,10.725000000000001,10.725000000000001,10.725000000000001,10.725000000000001,10.725000000000001,10.725000000000001,10.725000000000001,10.725000000000001,10.725000000000001,10.725000000000001,10.725000000000001,10.725000000000001,10.725000000000001,10.725000000000001,10.725000000000001,10.725000000000001,10.725000000000001,10.725000000000001,10.725000000000001,10.725000000000001,10.725000000000001,10.725000000000001,10.725000000000001,10.725000000000001,10.725000000000001,10.725000000000001,10.725000000000001,10.725000000000001,10.725000000000001,10.725000000000001,10.725000000000001,10.725000000000001,10.725000000000001,10.725000000000001,10.725000000000001,10.725000000000001,10.725000000000001,10.725000000000001,10.725000000000001,10.725000000000001,10.725000000000001,10.725000000000001,10.725000000000001,10.725000000000001,10.725000000000001,10.725000000000001,10.725000000000001,10.725000000000001,10.725000000000001,10.725000000000001,10.725000000000001,10.725000000000001
100,2,IME,cogen_conventional_steam_coal,0.0,0.0,0.0,0.0,0.0,0.0,0.0,0.0,0.0,0.0,0.0,0.0,0.0,0.0,0.0,0.0,0.0,0.0,0.0,0.0,0.0,0.0,0.0,0.0,0.0,0.0,0.0,0.0,0.0,0.0,0.0,0.0,0.0,0.0,0.0,0.0,0.0,0.0,0.0,0.0,10.725000000000001,10.725000000000001,10.725000000000001,0.0,10.725000000000001,10.725000000000001,10.725000000000001,10.725000000000001,10.725000000000001,10.725000000000001,10.725000000000001,10.725000000000001,10.725000000000001,10.725000000000001,10.725000000000001,10.725000000000001,10.725000000000001,0.0,0.0,0.0,0.0,0.0,0.0,10.725000000000001,10.725000000000001,10.725000000000001,10.725000000000001,10.725000000000001,10.725000000000001,0.0,0.0,0.0,0.0,0.0,0.0,0.0,0.0,0.0,0.0,0.0,0.0,0.0,0.0,0.0,0.0,0.0,0.0,0.0,10.725000000000001,10.725000000000001,10.725000000000001,10.725000000000001,10.725000000000001,10.725000000000001,10.725000000000001,0.0,0.0,0.0,0.0,0.0,0.0,0.0,10.725000000000001,0.0,0.0,0.0,0.0,0.0,0.0,0.0,0.0,0.0,10.725000000000001,10.725000000000001,10.725000000000001,10.725000000000001,10.725000000000001,10.725000000000001,10.725000000000001,10.725000000000001,10.725000000000001,10.725000000000001,10.725000000000001,10.725000000000001,10.725000000000001,10.725000000000001,10.725000000000001,10.725000000000001,10.725000000000001,10.725000000000001,10.725000000000001,10.725000000000001,10.725000000000001,10.725000000000001,10.725000000000001,10.725000000000001,10.725000000000001,10.725000000000001,10.725000000000001,10.725000000000001,10.725000000000001,10.725000000000001,10.725000000000001,10.725000000000001,10.725000000000001,10.725000000000001,10.725000000000001,10.725000000000001,10.725000000000001,10.725000000000001,10.725000000000001,10.725000000000001,10.725000000000001,10.725000000000001,10.725000000000001,10.725000000000001,10.725000000000001,10.725000000000001,10.725000000000001,10.725000000000001,10.725000000000001,10.725000000000001,10.725000000000001,10.725000000000001,10.725000000000001,10.725000000000001,10.725000000000001,10.725000000000001
101,2,IME,cogen_conventional_steam_coal,0.0,0.0,0.0,0.0,0.0,0.0,0.0,0.0,0.0,0.0,0.0,0.0,0.0,0.0,0.0,0.0,0.0,0.0,0.0,0.0,0.0,0.0,0.0,0.0,0.0,0.0,0.0,0.0,0.0,0.0,0.0,0.0,0.0,0.0,0.0,0.0,0.0,0.0,0.0,0.0,17.875,17.875,17.875,0.0,17.875,17.875,17.875,17.875,17.875,17.875,17.875,17.875,17.875,17.875,17.875,17.875,17.875,0.0,0.0,0.0,0.0,0.0,0.0,17.875,17.875,17.875,17.875,17.875,17.875,0.0,0.0,0.0,0.0,0.0,0.0,0.0,0.0,0.0,0.0,0.0,0.0,0.0,0.0,0.0,0.0,0.0,0.0,0.0,17.875,17.875,17.875,17.875,17.875,17.875,17.875,0.0,0.0,0.0,0.0,0.0,0.0,0.0,17.875,0.0,0.0,0.0,0.0,0.0,0.0,0.0,0.0,0.0,17.875,17.875,17.875,17.875,17.875,17.875,17.875,17.875,17.875,17.875,17.875,17.875,17.875,17.875,17.875,17.875,17.875,17.875,17.875,17.875,17.875,17.875,17.875,17.875,17.875,17.875,17.875,17.875,17.875,17.875,17.875,17.875,17.875,17.875,17.875,17.875,17.875,17.875,17.875,17.875,17.875,17.875,17.875,17.875,17.875,17.875,17.875,17.875,17.875,17.875,17.875,17.875,17.875,17.875,17.875,17.875
102,2,IME,cogen_conventional_steam_coal,0.0,0.0,0.0,0.0,0.0,0.0,0.0,0.0,0.0,0.0,0.0,0.0,0.0,0.0,0.0,0.0,0.0,0.0,0.0,0.0,0.0,0.0,0.0,0.0,0.0,0.0,0.0,0.0,0.0,0.0,0.0,0.0,0.0,0.0,0.0,0.0,0.0,0.0,0.0,0.0,17.875,17.875,17.875,0.0,17.875,17.875,17.875,17.875,17.875,17.875,17.875,17.875,17.875,17.875,17.875,17.875,17.875,0.0,0.0,0.0,0.0,0.0,0.0,17.875,17.875,17.875,17.875,17.875,17.875,0.0,0.0,0.0,0.0,0.0,0.0,0.0,0.0,0.0,0.0,0.0,0.0,0.0,0.0,0.0,0.0,0.0,0.0,0.0,17.875,17.875,17.875,17.875,17.875,17.875,17.875,0.0,0.0,0.0,0.0,0.0,0.0,0.0,17.875,0.0,0.0,0.0,0.0,0.0,0.0,0.0,0.0,0.0,17.875,17.875,17.875,17.875,17.875,17.875,17.875,17.875,17.875,17.875,17.875,17.875,17.875,17.875,17.875,17.875,17.875,17.875,17.875,17.875,17.875,17.875,17.875,17.875,17.875,17.875,17.875,17.875,17.875,17.875,17.875,17.875,17.875,17.875,17.875,17.875,17.875,17.875,17.875,17.875,17.875,17.875,17.875,17.875,17.875,17.875,17.875,17.875,17.875,17.875,17.875,17.875,17.875,17.875,17.875,17.875
103,2,IME,cogen_conventional_steam_coal,0.0,0.0,0.0,0.0,0.0,0.0,0.0,0.0,0.0,0.0,0.0,0.0,0.0,0.0,0.0,0.0,0.0,0.0,0.0,0.0,0.0,0.0,0.0,0.0,0.0,0.0,0.0,0.0,0.0,0.0,0.0,0.0,0.0,0.0,0.0,0.0,0.0,0.0,0.0,0.0,35.75,35.75,35.75,0.0,35.75,35.75,35.75,35.75,35.75,35.75,35.75,35.75,35.75,35.75,35.75,35.75,35.75,0.0,0.0,0.0,0.0,0.0,0.0,35.75,35.75,35.75,35.75,35.75,35.75,0.0,0.0,0.0,0.0,0.0,0.0,0.0,0.0,0.0,0.0,0.0,0.0,0.0,0.0,0.0,0.0,0.0,0.0,0.0,35.75,35.75,35.75,35.75,35.75,35.75,35.75,0.0,0.0,0.0,0.0,0.0,0.0,0.0,35.75,0.0,0.0,0.0,0.0,0.0,0.0,0.0,0.0,0.0,35.75,35.75,35.75,35.75,35.75,35.75,35.75,35.75,35.75,35.75,35.75,35.75,35.75,35.75,35.75,35.75,35.75,35.75,35.75,35.75,35.75,35.75,35.75,35.75,35.75,35.75,35.75,35.75,35.75,35.75,35.75,35.75,35.75,35.75,35.75,35.75,35.75,35.75,35.75,35.75,35.75,35.75,35.75,35.75,35.75,35.75,35.75,35.75,35.75,35.75,35.75,35.75,35.75,35.75,35.75,35.75
104,2,IME,cogen_conventional_steam_coal,0.0,0.0,0.0,0.0,0.0,0.0,0.0,0.0,0.0,0.0,0.0,0.0,0.0,0.0,0.0,0.0,0.0,0.0,0.0,0.0,0.0,0.0,0.0,0.0,0.0,0.0,0.0,0.0,0.0,0.0,0.0,0.0,0.0,0.0,0.0,0.0,0.0,0.0,0.0,0.0,35.75,35.75,35.75,0.0,35.75,35.75,35.75,35.75,35.75,35.75,35.75,35.75,35.75,35.75,35.75,35.75,35.75,0.0,0.0,0.0,0.0,0.0,0.0,35.75,35.75,35.75,35.75,35.75,35.75,0.0,0.0,0.0,0.0,0.0,0.0,0.0,0.0,0.0,0.0,0.0,0.0,0.0,0.0,0.0,0.0,0.0,0.0,0.0,35.75,35.75,35.75,35.75,35.75,35.75,35.75,0.0,0.0,0.0,0.0,0.0,0.0,0.0,35.75,0.0,0.0,0.0,0.0,0.0,0.0,0.0,0.0,0.0,35.75,35.75,35.75,35.75,35.75,35.75,35.75,35.75,35.75,35.75,35.75,35.75,35.75,35.75,35.75,35.75,35.75,35.75,35.75,35.75,35.75,35.75,35.75,35.75,35.75,35.75,35.75,35.75,35.75,35.75,35.75,35.75,35.75,35.75,35.75,35.75,35.75,35.75,35.75,35.75,35.75,35.75,35.75,35.75,35.75,35.75,35.75,35.75,35.75,35.75,35.75,35.75,35.75,35.75,35.75,35.75
105,2,IME,cogen_conventional_steam_coal,0.0,0.0,0.0,0.0,0.0,0.0,0.0,0.0,0.0,0.0,0.0,0.0,0.0,0.0,0.0,0.0,0.0,0.0,0.0,0.0,0.0,0.0,0.0,0.0,0.0,0.0,0.0,0.0,0.0,0.0,0.0,0.0,0.0,0.0,0.0,0.0,0.0,0.0,0.0,0.0,0.0,0.0,0.0,0.0,0.0,0.0,0.0,0.0,0.0,0.0,0.0,0.0,0.0,0.0,0.0,0.0,0.0,0.0,0.0,0.0,0.0,0.0,0.0,0.0,0.0,0.0,0.0,0.0,0.0,0.0,0.0,0.0,0.0,0.0,0.0,0.0,0.0,0.0,0.0,0.0,0.0,0.0,0.0,0.0,0.0,0.0,0.0,0.0,0.0,0.0,0.0,0.0,0.0,0.0,0.0,0.0,0.0,0.0,0.0,0.0,0.0,0.0,0.0,0.0,0.0,0.0,0.0,0.0,0.0,0.0,0.0,0.0,48.25,48.25,48.25,48.25,48.25,48.25,48.25,48.25,48.25,48.25,48.25,48.25,48.25,48.25,48.25,48.25,48.25,48.25,48.25,48.25,48.25,48.25,48.25,48.25,48.25,48.25,48.25,48.25,48.25,48.25,48.25,48.25,48.25,48.25,48.25,48.25,48.25,48.25,48.25,48.25,48.25,48.25,48.25,48.25,48.25,48.25,48.25,48.25,48.25,48.25,48.25,48.25,48.25,48.25,48.25,48.25
106,2,IME,cogen_conventional_steam_coal,0.0,0.0,0.0,0.0,0.0,0.0,0.0,0.0,0.0,0.0,0.0,0.0,0.0,0.0,0.0,0.0,0.0,0.0,0.0,0.0,0.0,0.0,0.0,0.0,0.0,0.0,0.0,0.0,0.0,0.0,0.0,0.0,0.0,0.0,0.0,0.0,0.0,0.0,0.0,0.0,0.0,0.0,0.0,0.0,0.0,0.0,0.0,0.0,0.0,0.0,0.0,0.0,0.0,0.0,0.0,0.0,0.0,0.0,0.0,0.0,0.0,0.0,0.0,0.0,0.0,0.0,0.0,0.0,0.0,0.0,0.0,0.0,0.0,0.0,0.0,0.0,0.0,0.0,0.0,0.0,0.0,0.0,0.0,0.0,0.0,0.0,0.0,0.0,0.0,0.0,0.0,0.0,0.0,0.0,0.0,0.0,0.0,0.0,0.0,0.0,0.0,0.0,0.0,0.0,0.0,0.0,0.0,0.0,0.0,0.0,0.0,0.0,48.25,48.25,48.25,48.25,48.25,48.25,48.25,48.25,48.25,48.25,48.25,48.25,48.25,48.25,48.25,48.25,48.25,48.25,48.25,48.25,48.25,48.25,48.25,48.25,48.25,48.25,48.25,48.25,48.25,48.25,48.25,48.25,48.25,48.25,48.25,48.25,48.25,48.25,48.25,48.25,48.25,48.25,48.25,48.25,48.25,48.25,48.25,48.25,48.25,48.25,48.25,48.25,48.25,48.25,48.25,48.25
107,2,IME,cogen_conventional_steam_coal,0.0,0.0,0.0,0.0,0.0,0.0,0.0,0.0,0.0,0.0,0.0,0.0,0.0,0.0,0.0,0.0,0.0,0.0,0.0,0.0,0.0,0.0,0.0,0.0,0.0,0.0,0.0,0.0,0.0,0.0,0.0,0.0,0.0,0.0,0.0,0.0,0.0,0.0,0.0,0.0,0.0,0.0,0.0,0.0,0.0,0.0,0.0,0.0,0.0,0.0,0.0,0.0,0.0,0.0,0.0,0.0,0.0,0.0,0.0,0.0,0.0,0.0,0.0,0.0,0.0,0.0,0.0,0.0,0.0,0.0,0.0,0.0,0.0,0.0,0.0,0.0,0.0,0.0,0.0,0.0,0.0,0.0,0.0,0.0,0.0,0.0,0.0,0.0,0.0,0.0,0.0,0.0,0.0,0.0,0.0,0.0,0.0,0.0,0.0,0.0,0.0,0.0,0.0,0.0,0.0,0.0,0.0,0.0,0.0,0.0,0.0,0.0,66.97500000000002,66.97500000000002,66.97500000000002,66.97500000000002,66.97500000000002,66.97500000000002,66.97500000000002,66.97500000000002,66.97500000000002,66.97500000000002,66.97500000000002,66.97500000000002,66.97500000000002,66.97500000000002,66.97500000000002,66.97500000000002,66.97500000000002,66.97500000000002,66.97500000000002,66.97500000000002,66.97500000000002,66.97500000000002,66.97500000000002,66.97500000000002,66.97500000000002,66.97500000000002,66.97500000000002,66.97500000000002,66.97500000000002,66.97500000000002,66.97500000000002,66.97500000000002,66.97500000000002,66.97500000000002,66.97500000000002,66.97500000000002,66.97500000000002,66.97500000000002,66.97500000000002,66.97500000000002,66.97500000000002,66.97500000000002,66.97500000000002,66.97500000000002,66.97500000000002,66.97500000000002,66.97500000000002,66.97500000000002,66.97500000000002,66.97500000000002,66.97500000000002,66.97500000000002,66.97500000000002,66.97500000000002,66.97500000000002,66.97500000000002
108,2,IME,conventional_steam_coal,0.0,0.0,0.0,0.0,0.0,0.0,0.0,0.0,0.0,0.0,0.0,0.0,0.0,0.0,0.0,0.0,0.0,0.0,0.0,0.0,0.0,0.0,0.0,0.0,0.0,0.0,0.0,0.0,0.0,0.0,0.0,0.0,0.0,0.0,0.0,0.0,0.0,0.0,0.0,0.0,214.5,214.5,214.5,0.0,214.5,214.5,214.5,214.5,214.5,214.5,214.5,214.5,214.5,214.5,214.5,214.5,214.5,0.0,0.0,0.0,0.0,0.0,109.0221405853465,214.5,214.5,214.5,214.5,214.5,214.5,124.19648660476929,0.0,0.0,0.0,0.0,0.0,0.0,0.0,0.0,0.0,0.0,0.0,0.0,0.0,0.0,0.0,0.0,0.0,0.0,214.5,214.5,214.5,214.5,214.5,214.5,214.5,0.0,0.0,0.0,0.0,0.0,0.0,0.0,214.5,0.0,0.0,0.0,0.0,0.0,0.0,0.0,0.0,14.422261150464522,214.5,214.5,214.5,214.5,214.5,214.5,214.5,214.5,214.5,214.5,214.5,214.5,214.5,214.5,214.5,214.5,214.5,214.5,214.5,214.5,214.5,214.5,214.5,214.5,214.5,214.5,214.5,214.5,214.5,214.5,214.5,214.5,214.5,214.5,214.5,214.5,214.5,214.5,214.5,214.5,214.5,214.5,214.5,214.5,214.5,214.5,214.5,214.5,214.5,214.5,214.5,214.5,214.5,214.5,214.5,214.5
109,2,IME,cogen_conventional_steam_coal,0.0,0.0,0.0,0.0,0.0,0.0,0.0,0.0,0.0,0.0,0.0,0.0,0.0,0.0,0.0,0.0,0.0,0.0,0.0,0.0,0.0,0.0,0.0,0.0,0.0,0.0,0.0,0.0,0.0,0.0,0.0,0.0,0.0,0.0,0.0,0.0,0.0,0.0,0.0,0.0,12.870000000000001,12.870000000000001,12.870000000000001,0.0,12.870000000000001,12.870000000000001,12.870000000000001,12.870000000000001,12.870000000000001,12.870000000000001,12.870000000000001,12.870000000000001,12.870000000000001,12.870000000000001,12.870000000000001,12.870000000000001,12.870000000000001,0.0,0.0,0.0,0.0,0.0,12.870000000000001,12.870000000000001,12.870000000000001,12.870000000000001,12.870000000000001,12.870000000000001,12.870000000000001,12.870000000000001,0.0,0.0,0.0,0.0,0.0,0.0,0.0,0.0,0.0,0.0,0.0,0.0,0.0,0.0,0.0,0.0,0.0,0.0,12.870000000000001,12.870000000000001,12.870000000000001,12.870000000000001,12.870000000000001,12.870000000000001,12.870000000000001,0.0,0.0,0.0,0.0,0.0,0.0,0.0,12.870000000000001,0.0,0.0,0.0,0.0,0.0,0.0,0.0,0.0,12.870000000000001,12.870000000000001,12.870000000000001,12.870000000000001,12.870000000000001,12.870000000000001,12.870000000000001,12.870000000000001,12.870000000000001,12.870000000000001,12.870000000000001,12.870000000000001,12.870000000000001,12.870000000000001,12.870000000000001,12.870000000000001,12.870000000000001,12.870000000000001,12.870000000000001,12.870000000000001,12.870000000000001,12.870000000000001,12.870000000000001,12.870000000000001,12.870000000000001,12.870000000000001,12.870000000000001,12.870000000000001,12.870000000000001,12.870000000000001,12.870000000000001,12.870000000000001,12.870000000000001,12.870000000000001,12.870000000000001,12.870000000000001,12.870000000000001,12.870000000000001,12.870000000000001,12.870000000000001,12.870000000000001,12.870000000000001,12.870000000000001,12.870000000000001,12.870000000000001,12.870000000000001,12.870000000000001,12.870000000000001,12.870000000000001,12.870000000000001,12.870000000000001,12.870000000000001,12.870000000000001,12.870000000000001,12.870000000000001,12.870000000000001,12.870000000000001
110,2,IME,cogen_conventional_steam_coal,0.0,0.0,0.0,0.0,0.0,0.0,0.0,0.0,0.0,0.0,0.0,0.0,0.0,0.0,0.0,0.0,0.0,0.0,0.0,0.0,0.0,0.0,0.0,0.0,0.0,0.0,0.0,0.0,0.0,0.0,0.0,0.0,0.0,0.0,0.0,0.0,0.0,0.0,0.0,0.0,12.870000000000001,12.870000000000001,12.870000000000001,0.0,12.870000000000001,12.870000000000001,12.870000000000001,12.870000000000001,12.870000000000001,12.870000000000001,12.870000000000001,12.870000000000001,12.870000000000001,12.870000000000001,12.870000000000001,12.870000000000001,12.870000000000001,0.0,0.0,0.0,0.0,0.0,12.870000000000001,12.870000000000001,12.870000000000001,12.870000000000001,12.870000000000001,12.870000000000001,12.870000000000001,12.870000000000001,0.0,0.0,0.0,0.0,0.0,0.0,0.0,0.0,0.0,0.0,0.0,0.0,0.0,0.0,0.0,0.0,0.0,0.0,12.870000000000001,12.870000000000001,12.870000000000001,12.870000000000001,12.870000000000001,12.870000000000001,12.870000000000001,0.0,0.0,0.0,0.0,0.0,0.0,0.0,12.870000000000001,0.0,0.0,0.0,0.0,0.0,0.0,0.0,0.0,12.870000000000001,12.870000000000001,12.870000000000001,12.870000000000001,12.870000000000001,12.870000000000001,12.870000000000001,12.870000000000001,12.870000000000001,12.870000000000001,12.870000000000001,12.870000000000001,12.870000000000001,12.870000000000001,12.870000000000001,12.870000000000001,12.870000000000001,12.870000000000001,12.870000000000001,12.870000000000001,12.870000000000001,12.870000000000001,12.870000000000001,12.870000000000001,12.870000000000001,12.870000000000001,12.870000000000001,12.870000000000001,12.870000000000001,12.870000000000001,12.870000000000001,12.870000000000001,12.870000000000001,12.870000000000001,12.870000000000001,12.870000000000001,12.870000000000001,12.870000000000001,12.870000000000001,12.870000000000001,12.870000000000001,12.870000000000001,12.870000000000001,12.870000000000001,12.870000000000001,12.870000000000001,12.870000000000001,12.870000000000001,12.870000000000001,12.870000000000001,12.870000000000001,12.870000000000001,12.870000000000001,12.870000000000001,12.870000000000001,12.870000000000001,12.870000000000001
111,2,IME,cogen_conventional_steam_coal,0.0,0.0,0.0,0.0,0.0,0.0,0.0,0.0,0.0,0.0,0.0,0.0,0.0,0.0,0.0,0.0,0.0,0.0,0.0,0.0,0.0,0.0,0.0,0.0,0.0,0.0,0.0,0.0,0.0,0.0,0.0,0.0,0.0,0.0,0.0,0.0,0.0,0.0,0.0,0.0,17.875,17.875,17.875,6.531549392243505,17.875,17.875,17.875,17.875,17.875,17.875,17.875,17.875,17.875,17.875,17.875,17.875,17.875,0.0,0.0,0.0,0.0,0.0,17.875,17.875,17.875,17.875,17.875,17.875,17.875,17.875,0.0,0.0,0.0,0.0,0.0,0.0,0.0,0.0,0.0,0.0,0.0,0.0,0.0,0.0,0.0,0.0,0.0,0.0,17.875,17.875,17.875,17.875,17.875,17.875,17.875,0.0,0.0,0.0,0.0,0.0,0.0,0.0,17.875,0.0,0.0,0.0,0.0,0.0,0.0,0.0,0.0,17.875,17.875,17.875,17.875,17.875,17.875,17.875,17.875,17.875,17.875,17.875,17.875,17.875,17.875,17.875,17.875,17.875,17.875,17.875,17.875,17.875,17.875,17.875,17.875,17.875,17.875,17.875,17.875,17.875,17.875,17.875,17.875,17.875,17.875,17.875,17.875,17.875,17.875,17.875,17.875,17.875,17.875,17.875,17.875,17.875,17.875,17.875,17.875,17.875,17.875,17.875,17.875,17.875,17.875,17.875,17.875,17.875
112,2,IME,cogen_conventional_steam_coal,0.0,0.0,0.0,0.0,0.0,0.0,0.0,0.0,0.0,0.0,0.0,0.0,0.0,0.0,0.0,0.0,0.0,0.0,0.0,0.0,0.0,0.0,0.0,0.0,0.0,0.0,0.0,0.0,0.0,0.0,0.0,0.0,0.0,0.0,0.0,0.0,0.0,178.75,0.0,0.0,178.75,178.75,178.75,178.75,178.75,178.75,178.75,178.75,178.75,178.75,178.75,178.75,178.75,178.75,178.75,178.75,178.75,0.0,0.0,0.0,0.0,0.0,178.75,178.75,178.75,178.75,178.75,178.75,178.75,178.75,0.0,0.0,0.0,0.0,0.0,0.0,0.0,0.0,178.75,0.0,0.0,0.0,0.0,0.0,0.0,0.0,0.0,0.0,178.75,178.75,178.75,178.75,178.75,178.75,178.75,0.0,0.0,0.0,0.0,0.0,0.0,0.0,178.75,0.0,0.0,0.0,0.0,0.0,0.0,0.0,0.0,178.75,178.75,178.75,178.75,178.75,178.75,178.75,178.75,178.75,178.75,178.75,178.75,178.75,178.75,178.75,178.75,178.75,178.75,178.75,178.75,178.75,178.75,178.75,178.75,178.75,178.75,178.75,178.75,178.75,178.75,178.75,178.75,178.75,178.75,178.75,178.75,178.75,178.75,178.75,178.75,178.75,178.75,178.75,178.75,178.75,178.75,178.75,178.75,178.75,178.75,178.75,178.75,178.75,178.75,178.75,178.75,178.75
113,2,IME,cogen_conventional_steam_coal,0.0,0.0,0.0,0.0,0.0,0.0,0.0,0.0,0.0,0.0,0.0,0.0,0.0,0.0,0.0,0.0,0.0,0.0,0.0,0.0,0.0,0.0,0.0,0.0,0.0,0.0,0.0,0.0,0.0,0.0,0.0,0.0,0.0,0.0,0.0,0.0,178.75,178.75,0.0,0.0,178.75,178.75,178.75,178.75,178.75,178.75,178.75,178.75,178.75,178.75,178.75,178.75,178.75,178.75,178.75,178.75,178.75,0.0,0.0,0.0,0.0,0.0,178.75,178.75,178.75,178.75,178.75,178.75,178.75,178.75,0.0,0.0,0.0,0.0,0.0,0.0,0.0,0.0,178.75,0.0,0.0,0.0,0.0,0.0,0.0,0.0,0.0,0.0,178.75,178.75,178.75,178.75,178.75,178.75,178.75,0.0,0.0,0.0,0.0,0.0,0.0,0.0,178.75,0.0,0.0,0.0,0.0,0.0,0.0,0.0,0.0,178.75,178.75,178.75,178.75,178.75,178.75,178.75,178.75,178.75,178.75,178.75,178.75,178.75,178.75,178.75,178.75,178.75,178.75,178.75,178.75,178.75,178.75,178.75,178.75,178.75,178.75,178.75,178.75,178.75,178.75,178.75,178.75,178.75,178.75,178.75,178.75,178.75,178.75,178.75,178.75,178.75,178.75,178.75,178.75,178.75,178.75,178.75,178.75,178.75,178.75,178.75,178.75,178.75,178.75,178.75,178.75,178.75
114,2,IME,cogen_conventional_steam_coal,0.0,0.0,0.0,0.0,0.0,0.0,0.0,0.0,0.0,0.0,0.0,0.0,0.0,0.0,0.0,0.0,0.0,0.0,48.25,48.25,48.25,48.25,48.25,48.25,48.25,0.0,0.0,0.0,0.0,48.25,48.25,0.0,0.0,0.0,0.0,48.25,48.25,48.25,0.0,48.25,48.25,48.25,48.25,48.25,48.25,48.25,48.25,48.25,48.25,48.25,48.25,48.25,48.25,48.25,48.25,48.25,48.25,48.25,48.25,48.25,48.25,48.25,48.25,48.25,48.25,48.25,48.25,48.25,48.25,48.25,48.25,0.0,0.0,0.0,0.0,0.0,0.0,0.0,48.25,0.0,0.0,0.0,0.0,0.0,0.0,0.0,0.0,0.0,48.25,48.25,48.25,48.25,48.25,48.25,48.25,48.25,0.0,0.0,0.0,0.0,48.25,48.25,48.25,48.25,48.25,48.25,48.25,48.25,48.25,48.25,48.25,48.25,48.25,48.25,48.25,48.25,48.25,48.25,48.25,48.25,48.25,48.25,48.25,48.25,48.25,48.25,48.25,48.25,48.25,48.25,48.25,48.25,48.25,48.25,48.25,48.25,48.25,48.25,48.25,48.25,48.25,48.25,48.25,48.25,48.25,48.25,48.25,48.25,48.25,48.25,48.25,48.25,48.25,48.25,48.25,48.25,48.25,48.25,48.25,48.25,48.25,48.25,48.25,48.25,48.25,48.25,48.25,48.25
115,2,IME,cogen_conventional_steam_coal,0.0,0.0,0.0,0.0,0.0,0.0,0.0,0.0,0.0,0.0,0.0,0.0,0.0,0.0,0.0,0.0,0.0,0.0,48.25,48.25,48.25,48.25,48.25,48.25,48.25,0.0,0.0,0.0,0.0,48.25,48.25,0.0,0.0,0.0,0.0,48.25,48.25,48.25,48.25,48.25,48.25,48.25,48.25,48.25,48.25,48.25,48.25,48.25,48.25,48.25,48.25,48.25,48.25,48.25,48.25,48.25,48.25,48.25,48.25,48.25,48.25,48.25,48.25,48.25,48.25,48.25,48.25,48.25,48.25,48.25,48.25,0.0,0.0,0.0,0.0,0.0,0.0,0.0,48.25,0.0,0.0,0.0,0.0,0.0,0.0,0.0,0.0,0.0,48.25,48.25,48.25,48.25,48.25,48.25,48.25,40.48447083990709,0.0,0.0,0.0,0.0,48.25,48.25,48.25,48.25,48.25,48.25,48.25,48.25,48.25,48.25,48.25,48.25,48.25,48.25,48.25,48.25,48.25,48.25,48.25,48.25,48.25,48.25,48.25,48.25,48.25,48.25,48.25,48.25,48.25,48.25,48.25,48.25,48.25,48.25,48.25,48.25,48.25,48.25,48.25,48.25,48.25,48.25,48.25,48.25,48.25,48.25,48.25,48.25,48.25,48.25,48.25,48.25,48.25,48.25,48.25,48.25,48.25,48.25,48.25,48.25,48.25,48.25,48.25,48.25,48.25,48.25,48.25,48.25
116,2,IME,conventional_steam_coal,0.0,0.0,0.0,0.0,0.0,0.0,0.0,0.0,0.0,0.0,0.0,0.0,0.0,0.0,0.0,0.0,0.0,0.0,117.97500000000002,117.97500000000002,117.97500000000002,117.97500000000002,117.97500000000002,117.97500000000002,117.97500000000002,0.0,0.0,0.0,0.0,117.97500000000002,117.97500000000002,0.0,0.0,0.0,0.0,117.97500000000002,117.97500000000002,117.97500000000002,117.97500000000002,117.97500000000002,117.97500000000002,117.97500000000002,117.97500000000002,117.97500000000002,117.97500000000002,117.97500000000002,117.97500000000002,117.97500000000002,117.97500000000002,117.97500000000002,117.97500000000002,117.97500000000002,117.97500000000002,117.97500000000002,117.97500000000002,117.97500000000002,117.97500000000002,117.97500000000002,117.97500000000002,117.97500000000002,117.97500000000002,117.97500000000002,117.97500000000002,117.97500000000002,117.97500000000002,117.97500000000002,117.97500000000002,117.97500000000002,117.97500000000002,117.97500000000002,112.26797296476889,0.0,0.0,0.0,0.0,0.0,0.0,0.0,117.97500000000002,0.0,0.0,0.0,0.0,0.0,0.0,0.0,0.0,0.0,117.97500000000002,117.97500000000002,117.97500000000002,117.97500000000002,117.97500000000002,117.97500000000002,117.97500000000002,117.97500000000002,0.0,0.0,117.97500000000002,117.97500000000002,0.0,117.97500000000002,117.97500000000002,117.97500000000002,117.97500000000002,117.97500000000002,117.97500000000002,117.97500000000002,117.97500000000002,117.97500000000002,117.97500000000002,117.97500000000002,117.97500000000002,117.97500000000002,117.97500000000002,117.97500000000002,117.97500000000002,117.97500000000002,117.97500000000002,117.97500000000002,117.97500000000002,117.97500000000002,117.97500000000002,117.97500000000002,117.97500000000002,117.97500000000002,117.97500000000002,117.97500000000002,117.97500000000002,117.97500000000002,117.97500000000002,117.97500000000002,117.97500000000002,117.97500000000002,117.97500000000002,117.97500000000002,117.97500000000002,117.97500000000002,117.97500000000002,117.97500000000002,117.97500000000002,117.97500000000002,117.97500000000002,117.97500000000002,117.97500000000002,117.97500000000002,117.97500000000002,117.97500000000002,117.97500000000002,117.97500000000002,117.97500000000002,117.97500000000002,117.97500000000002,117.97500000000002,117.97500000000002,117.97500000000002,117.97500000000002,117.97500000000002,117.97500000000002,117.97500000000002,117.97500000000002,117.97500000000002,117.97500000000002,117.97500000000002,117.97500000000002,117.97500000000002,117.97500000000002,117.97500000000002
117,2,IME,conventional_steam_coal,0.0,0.0,0.0,0.0,0.0,0.0,0.0,0.0,0.0,0.0,0.0,0.0,0.0,0.0,0.0,0.0,0.0,0.0,117.97500000000002,117.97500000000002,117.97500000000002,117.97500000000002,117.97500000000002,117.97500000000002,117.97500000000002,0.0,0.0,0.0,0.0,117.97500000000002,117.97500000000002,0.0,0.0,0.0,0.0,117.97500000000002,117.97500000000002,117.97500000000002,117.97500000000002,117.97500000000002,117.97500000000002,117.97500000000002,117.97500000000002,117.97500000000002,117.97500000000002,117.97500000000002,117.97500000000002,117.97500000000002,117.97500000000002,117.97500000000002,117.97500000000002,117.97500000000002,117.97500000000002,117.97500000000002,117.97500000000002,117.97500000000002,117.97500000000002,117.97500000000002,117.97500000000002,117.97500000000002,117.97500000000002,117.97500000000002,117.97500000000002,117.97500000000002,117.97500000000002,117.97500000000002,117.97500000000002,117.97500000000002,117.97500000000002,117.97500000000002,117.97500000000002,0.0,0.0,0.0,0.0,0.0,0.0,0.0,117.97500000000002,0.0,0.0,0.0,0.0,0.0,0.0,0.0,0.0,117.97500000000002,117.97500000000002,117.97500000000002,117.97500000000002,117.97500000000002,117.97500000000002,117.97500000000002,117.97500000000002,117.97500000000002,0.0,0.0,105.20370819244692,109.51452749999902,117.97500000000002,117.97500000000002,117.97500000000002,117.97500000000002,117.97500000000002,117.97500000000002,117.97500000000002,117.97500000000002,117.97500000000002,117.97500000000002,117.97500000000002,117.97500000000002,117.97500000000002,117.97500000000002,117.97500000000002,117.97500000000002,117.97500000000002,117.97500000000002,117.97500000000002,117.97500000000002,117.97500000000002,117.97500000000002,117.97500000000002,117.97500000000002,117.97500000000002,117.97500000000002,117.97500000000002,117.97500000000002,117.97500000000002,117.97500000000002,117.97500000000002,117.97500000000002,117.97500000000002,117.97500000000002,117.97500000000002,117.97500000000002,117.97500000000002,117.97500000000002,117.97500000000002,117.97500000000002,117.97500000000002,117.97500000000002,117.97500000000002,117.97500000000002,117.97500000000002,117.97500000000002,117.97500000000002,117.97500000000002,117.97500000000002,117.97500000000002,117.97500000000002,117.97500000000002,117.97500000000002,117.97500000000002,117.97500000000002,117.97500000000002,117.97500000000002,117.97500000000002,117.97500000000002,117.97500000000002,117.97500000000002,117.97500000000002,117.97500000000002,117.97500000000002,117.97500000000002,117.97500000000002,117.97500000000002,117.97500000000002
118,2,IME,conventional_steam_coal,0.0,0.0,0.0,0.0,0.0,0.0,0.0,0.0,0.0,0.0,0.0,0.0,0.0,0.0,0.0,0.0,0.0,0.0,117.97500000000002,117.97500000000002,117.97500000000002,117.97500000000002,117.97500000000002,117.97500000000002,117.97500000000002,6.582259720312209,0.0,0.0,0.0,117.97500000000002,117.97500000000002,0.0,0.0,0.0,0.0,117.97500000000002,117.97500000000002,117.97500000000002,106.46594450774484,117.97500000000002,117.97500000000002,117.97500000000002,117.97500000000002,117.97500000000002,117.97500000000002,117.97500000000002,117.97500000000002,117.97500000000002,117.97500000000002,117.97500000000002,117.97500000000002,117.97500000000002,117.97500000000002,117.97500000000002,117.97500000000002,117.97500000000002,117.97500000000002,117.97500000000002,117.97500000000002,117.97500000000002,117.97500000000002,117.97500000000002,117.97500000000002,117.97500000000002,117.97500000000002,117.97500000000002,117.97500000000002,117.97500000000002,117.97500000000002,117.97500000000002,0.0,0.0,0.0,0.0,0.0,0.0,0.0,0.0,117.97500000000002,0.0,0.0,0.0,0.0,0.0,0.0,0.0,0.0,117.97500000000002,117.97500000000002,117.97500000000002,117.97500000000002,117.97500000000002,117.97500000000002,117.97500000000002,117.97500000000002,0.0,0.0,0.0,117.97500000000002,117.97500000000002,0.0,117.97500000000002,117.97500000000002,117.97500000000002,117.97500000000002,117.97500000000002,117.97500000000002,117.97500000000002,117.97500000000002,117.97500000000002,117.97500000000002,117.97500000000002,117.97500000000002,117.97500000000002,117.97500000000002,117.97500000000002,117.97500000000002,117.97500000000002,117.97500000000002,117.97500000000002,117.97500000000002,117.97500000000002,117.97500000000002,117.97500000000002,117.97500000000002,117.97500000000002,117.97500000000002,117.97500000000002,117.97500000000002,117.97500000000002,117.97500000000002,117.97500000000002,117.97500000000002,117.97500000000002,117.97500000000002,117.97500000000002,117.97500000000002,117.97500000000002,117.97500000000002,117.97500000000002,117.97500000000002,117.97500000000002,117.97500000000002,117.97500000000002,117.97500000000002,117.97500000000002,117.97500000000002,117.97500000000002,117.97500000000002,117.97500000000002,117.97500000000002,117.97500000000002,117.97500000000002,117.97500000000002,117.97500000000002,117.97500000000002,117.97500000000002,117.97500000000002,117.97500000000002,117.97500000000002,117.97500000000002,117.97500000000002,117.97500000000002,117.97500000000002,117.97500000000002,117.97500000000002,117.97500000000002,117.97500000000002
119,2,IME,conventional_steam_coal,0.0,0.0,0.0,0.0,0.0,0.0,0.0,0.0,0.0,0.0,0.0,0.0,0.0,0.0,0.0,0.0,0.0,0.0,117.97500000000002,117.97500000000002,117.97500000000002,117.97500000000002,117.97500000000002,117.97500000000002,117.97500000000002,0.0,0.0,0.0,0.0,117.97500000000002,117.97500000000002,0.0,0.0,0.0,0.0,117.97500000000002,117.97500000000002,117.97500000000002,117.97500000000002,117.97500000000002,117.97500000000002,117.97500000000002,117.97500000000002,117.97500000000002,117.97500000000002,117.97500000000002,117.97500000000002,117.97500000000002,117.97500000000002,117.97500000000002,117.97500000000002,117.97500000000002,117.97500000000002,117.97500000000002,117.97500000000002,117.97500000000002,117.97500000000002,117.97500000000002,117.97500000000002,117.97500000000002,117.97500000000002,117.97500000000002,117.97500000000002,117.97500000000002,117.97500000000002,117.97500000000002,117.97500000000002,117.97500000000002,117.97500000000002,117.97500000000002,0.0,0.0,0.0,0.0,0.0,0.0,0.0,0.0,117.97500000000002,0.0,0.0,0.0,0.0,0.0,0.0,0.0,0.0,117.97500000000002,117.97500000000002,117.97500000000002,117.97500000000002,117.97500000000002,117.97500000000002,117.97500000000002,117.97500000000002,117.97500000000002,0.0,0.0,117.97500000000002,117.97500000000002,117.97500000000002,117.97500000000002,117.97500000000002,117.97500000000002,117.97500000000002,117.97500000000002,117.97500000000002,117.97500000000002,117.97500000000002,117.97500000000002,117.97500000000002,117.97500000000002,117.97500000000002,117.97500000000002,117.97500000000002,117.97500000000002,117.97500000000002,117.97500000000002,117.97500000000002,117.97500000000002,117.97500000000002,117.97500000000002,117.97500000000002,117.97500000000002,117.97500000000002,117.97500000000002,117.97500000000002,117.97500000000002,117.97500000000002,117.97500000000002,117.97500000000002,117.97500000000002,117.97500000000002,117.97500000000002,117.97500000000002,117.97500000000002,117.97500000000002,117.97500000000002,117.97500000000002,117.97500000000002,117.97500000000002,117.97500000000002,117.97500000000002,117.97500000000002,117.97500000000002,117.97500000000002,117.97500000000002,117.97500000000002,117.97500000000002,117.97500000000002,117.97500000000002,117.97500000000002,117.97500000000002,117.97500000000002,117.97500000000002,117.97500000000002,117.97500000000002,117.97500000000002,117.97500000000002,117.97500000000002,117.97500000000002,117.97500000000002,117.97500000000002,117.97500000000002,117.97500000000002,117.97500000000002,117.97500000000002,117.97500000000002
120,2,IME,conventional_steam_coal,0.0,0.0,0.0,0.0,0.0,0.0,0.0,0.0,0.0,0.0,0.0,0.0,0.0,0.0,0.0,0.0,0.0,0.0,117.97500000000002,117.97500000000002,117.97500000000002,117.97500000000002,117.97500000000002,117.97500000000002,117.97500000000002,0.0,0.0,0.0,0.0,117.97500000000002,117.97500000000002,0.0,0.0,0.0,0.0,117.97500000000002,117.97500000000002,117.97500000000002,117.97500000000002,117.97500000000002,117.97500000000002,117.97500000000002,117.97500000000002,117.97500000000002,117.97500000000002,117.97500000000002,117.97500000000002,117.97500000000002,117.97500000000002,117.97500000000002,117.97500000000002,117.97500000000002,117.97500000000002,117.97500000000002,117.97500000000002,117.97500000000002,117.97500000000002,117.97500000000002,117.97500000000002,117.97500000000002,117.97500000000002,117.97500000000002,117.97500000000002,117.97500000000002,117.97500000000002,117.97500000000002,117.97500000000002,117.97500000000002,117.97500000000002,117.97500000000002,0.0,0.0,0.0,0.0,0.0,0.0,0.0,0.0,117.97500000000002,0.0,0.0,0.0,0.0,0.0,0.0,0.0,0.0,117.97500000000002,117.97500000000002,117.97500000000002,117.97500000000002,117.97500000000002,117.97500000000002,117.97500000000002,117.97500000000002,117.97500000000002,0.0,0.0,117.97500000000002,117.97500000000002,0.0,117.97500000000002,117.97500000000002,117.97500000000002,117.97500000000002,117.97500000000002,117.97500000000002,117.97500000000002,117.97500000000002,117.97500000000002,117.97500000000002,117.97500000000002,117.97500000000002,117.97500000000002,117.97500000000002,117.97500000000002,117.97500000000002,117.97500000000002,117.97500000000002,117.97500000000002,117.97500000000002,117.97500000000002,117.97500000000002,117.97500000000002,117.97500000000002,117.97500000000002,117.97500000000002,117.97500000000002,117.97500000000002,117.97500000000002,117.97500000000002,117.97500000000002,117.97500000000002,117.97500000000002,117.97500000000002,117.97500000000002,117.97500000000002,117.97500000000002,117.97500000000002,117.97500000000002,117.97500000000002,117.97500000000002,117.97500000000002,117.97500000000002,117.97500000000002,117.97500000000002,117.97500000000002,117.97500000000002,117.97500000000002,117.97500000000002,117.97500000000002,117.97500000000002,117.97500000000002,117.97500000000002,117.97500000000002,117.97500000000002,117.97500000000002,117.97500000000002,117.97500000000002,117.97500000000002,117.97500000000002,117.97500000000002,117.97500000000002,117.97500000000002,117.97500000000002,117.97500000000002,117.97500000000002,117.97500000000002
121,2,IME,conventional_steam_coal,0.0,0.0,0.0,0.0,0.0,0.0,0.0,0.0,0.0,0.0,0.0,0.0,0.0,0.0,0.0,0.0,0.0,0.0,117.97500000000002,117.97500000000002,117.97500000000002,117.97500000000002,117.97500000000002,117.97500000000002,117.97500000000002,117.97500000000002,0.0,0.0,0.0,117.97500000000002,117.97500000000002,0.0,0.0,0.0,0.0,117.97500000000002,117.97500000000002,117.97500000000002,117.97500000000002,117.97500000000002,117.97500000000002,117.97500000000002,117.97500000000002,117.97500000000002,117.97500000000002,117.97500000000002,117.97500000000002,117.97500000000002,117.97500000000002,117.97500000000002,117.97500000000002,117.97500000000002,117.97500000000002,117.97500000000002,117.97500000000002,117.97500000000002,117.97500000000002,117.97500000000002,117.97500000000002,117.97500000000002,117.97500000000002,117.97500000000002,117.97500000000002,117.97500000000002,117.97500000000002,117.97500000000002,117.97500000000002,117.97500000000002,117.97500000000002,117.97500000000002,0.0,0.0,0.0,0.0,0.0,0.0,0.0,0.0,117.97500000000002,0.0,0.0,0.0,0.0,0.0,0.0,0.0,0.0,117.97500000000002,117.97500000000002,117.97500000000002,117.97500000000002,117.97500000000002,117.97500000000002,117.97500000000002,117.97500000000002,117.97500000000002,0.0,0.0,0.0,0.0,0.0,117.97500000000002,117.97500000000002,117.97500000000002,117.97500000000002,117.97500000000002,117.97500000000002,117.97500000000002,117.97500000000002,117.97500000000002,117.97500000000002,117.97500000000002,117.97500000000002,117.97500000000002,117.97500000000002,117.97500000000002,117.97500000000002,117.97500000000002,117.97500000000002,117.97500000000002,117.97500000000002,117.97500000000002,117.97500000000002,117.97500000000002,117.97500000000002,117.97500000000002,117.97500000000002,117.97500000000002,117.97500000000002,117.97500000000002,117.97500000000002,117.97500000000002,117.97500000000002,117.97500000000002,117.97500000000002,117.97500000000002,117.97500000000002,117.97500000000002,117.97500000000002,117.97500000000002,117.97500000000002,117.97500000000002,117.97500000000002,117.97500000000002,117.97500000000002,117.97500000000002,117.97500000000002,117.97500000000002,117.97500000000002,117.97500000000002,117.97500000000002,117.97500000000002,117.97500000000002,117.97500000000002,117.97500000000002,117.97500000000002,117.97500000000002,117.97500000000002,117.97500000000002,117.97500000000002,117.97500000000002,117.97500000000002,117.97500000000002,117.97500000000002,117.97500000000002,117.97500000000002,117.97500000000002,117.97500000000002
122,2,IME,cogen_conventional_steam_coal,0.0,0.0,0.0,0.0,0.0,0.0,0.0,0.0,0.0,0.0,0.0,0.0,0.0,0.0,0.0,0.0,0.0,0.0,121.55000000000001,121.55000000000001,121.55000000000001,121.55000000000001,121.55000000000001,121.55000000000001,121.55000000000001,0.0,0.0,0.0,0.0,121.55000000000001,121.55000000000001,0.0,0.0,0.0,0.0,121.55000000000001,121.55000000000001,121.55000000000001,121.55000000000001,121.55000000000001,121.55000000000001,121.55000000000001,121.55000000000001,121.55000000000001,121.55000000000001,121.55000000000001,121.55000000000001,121.55000000000001,121.55000000000001,121.55000000000001,121.55000000000001,121.55000000000001,121.55000000000001,121.55000000000001,121.55000000000001,121.55000000000001,121.55000000000001,121.55000000000001,121.55000000000001,121.55000000000001,121.55000000000001,121.55000000000001,121.55000000000001,121.55000000000001,121.55000000000001,121.55000000000001,121.55000000000001,121.55000000000001,121.55000000000001,121.55000000000001,0.0,0.0,0.0,0.0,0.0,0.0,0.0,0.0,121.55000000000001,0.0,0.0,0.0,0.0,0.0,0.0,0.0,0.0,121.55000000000001,121.55000000000001,121.55000000000001,121.55000000000001,121.55000000000001,121.55000000000001,121.55000000000001,121.55000000000001,0.0,0.0,0.0,0.0,0.0,0.0,121.55000000000001,121.55000000000001,121.55000000000001,121.55000000000001,121.55000000000001,121.55000000000001,121.55000000000001,121.55000000000001,121.55000000000001,121.55000000000001,121.55000000000001,121.55000000000001,121.55000000000001,121.55000000000001,121.55000000000001,121.55000000000001,121.55000000000001,121.55000000000001,121.55000000000001,121.55000000000001,121.55000000000001,121.55000000000001,121.55000000000001,121.55000000000001,121.55000000000001,121.55000000000001,121.55000000000001,121.55000000000001,121.55000000000001,121.55000000000001,121.55000000000001,121.55000000000001,121.55000000000001,121.55000000000001,121.55000000000001,121.55000000000001,121.55000000000001,121.55000000000001,121.55000000000001,121.55000000000001,121.55000000000001,121.55000000000001,121.55000000000001,121.55000000000001,121.55000000000001,121.55000000000001,121.55000000000001,121.55000000000001,121.55000000000001,121.55000000000001,121.55000000000001,121.55000000000001,121.55000000000001,121.55000000000001,121.55000000000001,121.55000000000001,121.55000000000001,121.55000000000001,121.55000000000001,121.55000000000001,121.55000000000001,121.55000000000001,121.55000000000001,121.55000000000001,121.55000000000001,121.55000000000001,121.55000000000001
123,2,IME,cogen_conventional_steam_coal,0.0,0.0,0.0,0.0,0.0,0.0,0.0,0.0,0.0,0.0,0.0,0.0,0.0,0.0,0.0,0.0,0.0,0.0,121.55000000000001,121.55000000000001,121.55000000000001,121.55000000000001,121.55000000000001,121.55000000000001,121.55000000000001,121.55000000000001,0.0,0.0,0.0,121.55000000000001,121.55000000000001,0.0,0.0,0.0,0.0,121.55000000000001,121.55000000000001,121.55000000000001,0.0,121.55000000000001,121.55000000000001,121.55000000000001,121.55000000000001,121.55000000000001,121.55000000000001,121.55000000000001,121.55000000000001,121.55000000000001,121.55000000000001,121.55000000000001,121.55000000000001,121.55000000000001,121.55000000000001,121.55000000000001,121.55000000000001,121.55000000000001,121.55000000000001,121.55000000000001,121.55000000000001,121.55000000000001,121.55000000000001,121.55000000000001,121.55000000000001,121.55000000000001,121.55000000000001,121.55000000000001,121.55000000000001,121.55000000000001,121.55000000000001,121.55000000000001,0.0,0.0,0.0,0.0,0.0,0.0,0.0,0.0,121.55000000000001,0.0,0.0,0.0,0.0,0.0,0.0,0.0,0.0,121.55000000000001,121.55000000000001,121.55000000000001,121.55000000000001,121.55000000000001,121.55000000000001,121.55000000000001,121.55000000000001,121.55000000000001,0.0,0.0,121.55000000000001,121.55000000000001,0.0,121.55000000000001,121.55000000000001,121.55000000000001,121.55000000000001,121.55000000000001,121.55000000000001,121.55000000000001,121.55000000000001,121.55000000000001,121.55000000000001,121.55000000000001,121.55000000000001,121.55000000000001,121.55000000000001,121.55000000000001,121.55000000000001,121.55000000000001,121.55000000000001,121.55000000000001,121.55000000000001,121.55000000000001,121.55000000000001,121.55000000000001,121.55000000000001,121.55000000000001,121.55000000000001,121.55000000000001,121.55000000000001,121.55000000000001,121.55000000000001,121.55000000000001,121.55000000000001,121.55000000000001,121.55000000000001,121.55000000000001,121.55000000000001,121.55000000000001,121.55000000000001,121.55000000000001,121.55000000000001,121.55000000000001,121.55000000000001,121.55000000000001,121.55000000000001,121.55000000000001,121.55000000000001,121.55000000000001,121.55000000000001,121.55000000000001,121.55000000000001,121.55000000000001,121.55000000000001,121.55000000000001,121.55000000000001,121.55000000000001,121.55000000000001,121.55000000000001,121.55000000000001,121.55000000000001,121.55000000000001,121.55000000000001,121.55000000000001,121.55000000000001,121.55000000000001,121.55000000000001,121.55000000000001,121.55000000000001
124,2,IME,cogen_conventional_steam_coal,0.0,0.0,0.0,0.0,0.0,0.0,0.0,0.0,0.0,0.0,0.0,0.0,0.0,0.0,0.0,0.0,0.0,0.0,125.125,125.125,125.125,125.125,125.125,125.125,125.125,0.0,0.0,0.0,0.0,125.125,125.125,0.0,0.0,0.0,0.0,125.125,125.125,125.125,0.0,125.125,125.125,125.125,125.125,125.125,125.125,125.125,125.125,125.125,125.125,125.125,125.125,125.125,125.125,125.125,125.125,125.125,125.125,125.125,125.125,125.125,125.125,125.125,125.125,125.125,125.125,125.125,125.125,125.125,125.125,125.125,125.125,0.0,0.0,0.0,0.0,0.0,0.0,0.0,125.125,0.0,0.0,0.0,0.0,0.0,0.0,0.0,0.0,125.125,125.125,125.125,125.125,125.125,125.125,125.125,125.125,125.125,0.0,0.0,125.125,0.0,0.0,125.125,125.125,125.125,125.125,125.125,125.125,125.125,125.125,125.125,125.125,125.125,125.125,125.125,125.125,125.125,125.125,125.125,125.125,125.125,125.125,125.125,125.125,125.125,125.125,125.125,125.125,125.125,125.125,125.125,125.125,125.125,125.125,125.125,125.125,125.125,125.125,125.125,125.125,125.125,125.125,125.125,125.125,125.125,125.125,125.125,125.125,125.125,125.125,125.125,125.125,125.125,125.125,125.125,125.125,125.125,125.125,125.125,125.125,125.125,125.125,125.125,125.125,125.125,125.125,125.125,125.125,125.125
125,2,IME,cogen_conventional_steam_coal,0.0,0.0,0.0,0.0,0.0,0.0,0.0,0.0,0.0,0.0,0.0,0.0,0.0,0.0,0.0,0.0,0.0,0.0,125.125,125.125,125.125,125.125,125.125,125.125,125.125,125.125,0.0,0.0,0.0,125.125,125.125,0.0,0.0,0.0,0.0,125.125,125.125,125.125,0.0,125.125,125.125,125.125,125.125,125.125,125.125,125.125,125.125,125.125,125.125,125.125,125.125,125.125,125.125,125.125,125.125,125.125,125.125,125.125,125.125,125.125,125.125,125.125,125.125,125.125,125.125,125.125,125.125,125.125,125.125,125.125,0.0,0.0,0.0,0.0,0.0,0.0,0.0,0.0,125.125,0.0,0.0,0.0,0.0,0.0,0.0,0.0,0.0,125.125,125.125,125.125,125.125,125.125,125.125,125.125,125.125,125.125,0.0,0.0,125.125,0.0,0.0,125.125,125.125,125.125,125.125,125.125,125.125,125.125,125.125,125.125,125.125,125.125,125.125,125.125,125.125,125.125,125.125,125.125,125.125,125.125,125.125,125.125,125.125,125.125,125.125,125.125,125.125,125.125,125.125,125.125,125.125,125.125,125.125,125.125,125.125,125.125,125.125,125.125,125.125,125.125,125.125,125.125,125.125,125.125,125.125,125.125,125.125,125.125,125.125,125.125,125.125,125.125,125.125,125.125,125.125,125.125,125.125,125.125,125.125,125.125,125.125,125.125,125.125,125.125,125.125,125.125,125.125,125.125
126,2,IME,conventional_steam_coal,0.0,0.0,0.0,0.0,0.0,0.0,0.0,0.0,0.0,0.0,0.0,0.0,0.0,0.0,0.0,0.0,0.0,0.0,214.5,214.5,214.5,214.5,214.5,214.5,214.5,0.0,0.0,0.0,0.0,214.5,214.5,0.0,0.0,0.0,0.0,214.5,214.5,214.5,214.5,214.5,214.5,214.5,214.5,214.5,214.5,214.5,214.5,214.5,214.5,214.5,214.5,214.5,214.5,214.5,214.5,214.5,214.5,214.5,214.5,214.5,214.5,214.5,214.5,214.5,214.5,214.5,214.5,214.5,214.5,214.5,0.0,0.0,0.0,0.0,0.0,0.0,0.0,0.0,214.5,0.0,0.0,0.0,0.0,0.0,0.0,0.0,0.0,214.5,214.5,214.5,214.5,214.5,214.5,214.5,214.5,214.5,0.0,0.0,0.0,214.5,214.5,214.5,214.5,214.5,214.5,214.5,214.5,214.5,214.5,214.5,214.5,214.5,214.5,214.5,214.5,214.5,214.5,214.5,214.5,214.5,214.5,214.5,214.5,214.5,214.5,214.5,214.5,214.5,214.5,214.5,214.5,214.5,214.5,214.5,214.5,214.5,214.5,214.5,214.5,214.5,214.5,214.5,214.5,214.5,214.5,214.5,214.5,214.5,214.5,214.5,214.5,214.5,214.5,214.5,214.5,214.5,214.5,214.5,214.5,214.5,214.5,214.5,214.5,214.5,214.5,214.5,214.5,214.5
127,2,IME,conventional_steam_coal,0.0,0.0,0.0,0.0,0.0,0.0,0.0,0.0,0.0,0.0,0.0,0.0,0.0,0.0,0.0,0.0,0.0,0.0,214.5,214.5,214.5,214.5,214.5,214.5,214.5,214.5,0.0,0.0,0.0,214.5,214.5,0.0,0.0,0.0,0.0,214.5,214.5,214.5,214.5,214.5,214.5,214.5,214.5,214.5,214.5,214.5,214.5,214.5,214.5,214.5,214.5,214.5,214.5,214.5,214.5,214.5,214.5,214.5,214.5,214.5,214.5,214.5,214.5,214.5,214.5,214.5,214.5,214.5,214.5,214.5,0.0,0.0,0.0,0.0,0.0,0.0,0.0,0.0,214.5,0.0,0.0,0.0,0.0,0.0,0.0,0.0,0.0,214.5,214.5,214.5,214.5,214.5,214.5,214.5,214.5,214.5,0.0,0.0,0.0,0.0,0.0,214.5,214.5,214.5,214.5,214.5,214.5,214.5,214.5,214.5,214.5,214.5,214.5,214.5,214.5,214.5,214.5,214.5,214.5,214.5,214.5,214.5,214.5,214.5,214.5,214.5,214.5,214.5,214.5,214.5,214.5,214.5,214.5,214.5,214.5,214.5,214.5,214.5,214.5,214.5,214.5,214.5,214.5,214.5,214.5,214.5,214.5,214.5,214.5,214.5,214.5,214.5,214.5,214.5,214.5,214.5,214.5,214.5,214.5,214.5,214.5,214.5,214.5,214.5,214.5,214.5,214.5,214.5
128,2,IME,conventional_steam_coal,0.0,0.0,0.0,0.0,0.0,0.0,0.0,0.0,0.0,0.0,0.0,0.0,0.0,0.0,0.0,0.0,0.0,0.0,214.5,214.5,214.5,214.5,214.5,214.5,214.5,0.0,0.0,0.0,0.0,214.5,214.5,0.0,0.0,0.0,0.0,214.5,214.5,214.5,214.5,214.5,214.5,214.5,214.5,214.5,214.5,214.5,214.5,214.5,214.5,214.5,214.5,214.5,214.5,214.5,214.5,214.5,214.5,214.5,214.5,214.5,214.5,214.5,214.5,214.5,214.5,214.5,214.5,214.5,214.5,214.5,0.0,0.0,0.0,0.0,0.0,0.0,0.0,0.0,214.5,0.0,0.0,0.0,0.0,0.0,0.0,0.0,0.0,214.5,214.5,214.5,214.5,214.5,214.5,214.5,214.5,214.5,0.0,0.0,0.0,0.0,214.5,214.5,214.5,214.5,214.5,214.5,214.5,214.5,214.5,214.5,214.5,214.5,214.5,214.5,214.5,214.5,214.5,214.5,214.5,214.5,214.5,214.5,214.5,214.5,214.5,214.5,214.5,214.5,214.5,214.5,214.5,214.5,214.5,214.5,214.5,214.5,214.5,214.5,214.5,214.5,214.5,214.5,214.5,214.5,214.5,214.5,214.5,214.5,214.5,214.5,214.5,214.5,214.5,214.5,214.5,214.5,214.5,214.5,214.5,214.5,214.5,214.5,214.5,214.5,214.5,214.5,214.5,214.5
129,2,IME,cogen_conventional_steam_coal,0.0,0.0,0.0,0.0,0.0,0.0,0.0,0.0,0.0,0.0,0.0,0.0,0.0,0.0,0.0,0.0,0.0,0.0,24.5,24.5,24.5,24.5,24.5,24.5,24.5,0.0,0.0,0.0,0.0,24.5,24.5,0.0,0.0,0.0,0.0,24.5,24.5,24.5,0.0,24.5,24.5,24.5,24.5,24.5,24.5,24.5,24.5,24.5,24.5,24.5,24.5,24.5,24.5,24.5,24.5,24.5,24.5,24.5,24.5,24.5,24.5,24.5,24.5,24.5,24.5,24.5,24.5,24.5,24.5,24.5,0.0,0.0,0.0,0.0,0.0,0.0,0.0,0.0,24.5,0.0,0.0,0.0,0.0,0.0,0.0,0.0,0.0,24.5,24.5,24.5,24.5,24.5,24.5,24.5,24.5,24.5,0.0,0.0,0.0,0.0,24.5,24.5,24.5,24.5,24.5,24.5,24.5,24.5,24.5,24.5,24.5,24.5,24.5,24.5,24.5,24.5,24.5,24.5,24.5,24.5,24.5,24.5,24.5,24.5,24.5,24.5,24.5,24.5,24.5,24.5,24.5,24.5,24.5,24.5,24.5,24.5,24.5,24.5,24.5,24.5,24.5,24.5,24.5,24.5,24.5,24.5,24.5,24.5,24.5,24.5,24.5,24.5,24.5,24.5,24.5,24.5,24.5,24.5,24.5,24.5,24.5,24.5,24.5,24.5,24.5,24.5,24.5,24.5
130,2,IME,cogen_conventional_steam_coal,0.0,0.0,0.0,0.0,0.0,0.0,0.0,0.0,0.0,0.0,0.0,0.0,0.0,0.0,0.0,0.0,0.0,0.0,0.0,0.0,0.0,0.0,0.0,0.0,0.0,0.0,0.0,0.0,0.0,0.0,0.0,0.0,0.0,0.0,0.0,24.5,24.5,24.5,0.0,24.5,24.5,24.5,24.5,24.5,24.5,24.5,24.5,24.5,24.5,24.5,24.5,24.5,24.5,24.5,24.5,24.5,24.5,24.5,24.5,24.5,24.5,24.5,24.5,24.5,24.5,24.5,24.5,24.5,24.5,24.5,0.0,0.0,0.0,0.0,0.0,0.0,0.0,0.0,24.5,0.0,0.0,0.0,0.0,0.0,0.0,0.0,0.0,18.125396948950367,24.5,24.5,24.5,24.5,24.5,24.5,24.5,24.5,0.0,0.0,0.0,24.5,20.915498499997682,24.5,24.5,24.5,24.5,24.5,24.5,24.5,24.5,24.5,24.5,24.5,24.5,24.5,24.5,24.5,24.5,24.5,24.5,24.5,24.5,24.5,24.5,24.5,24.5,24.5,24.5,24.5,24.5,24.5,24.5,24.5,24.5,24.5,24.5,24.5,24.5,24.5,24.5,24.5,24.5,24.5,24.5,24.5,24.5,24.5,24.5,24.5,24.5,24.5,24.5,24.5,24.5,24.5,24.5,24.5,24.5,24.5,24.5,24.5,24.5,24.5,24.5,24.5,24.5,24.5,24.5,24.5
131,2,IME,cogen_conventional_steam_coal,0.0,0.0,0.0,0.0,0.0,0.0,0.0,0.0,0.0,0.0,0.0,0.0,0.0,0.0,0.0,0.0,0.0,0.0,0.0,0.0,0.0,0.0,0.0,0.0,0.0,0.0,0.0,0.0,0.0,0.0,0.0,0.0,0.0,0.0,0.0,24.5,24.5,24.5,24.5,24.5,24.5,24.5,24.5,24.5,24.5,24.5,24.5,24.5,24.5,24.5,24.5,24.5,24.5,24.5,24.5,24.5,24.5,24.5,24.5,24.5,24.5,24.5,24.5,24.5,24.5,24.5,24.5,24.5,24.5,24.5,0.0,0.0,0.0,0.0,0.0,0.0,0.0,0.0,24.5,0.0,0.0,0.0,0.0,0.0,0.0,0.0,0.0,0.0,24.5,24.5,24.5,24.5,24.5,24.5,24.5,24.5,0.0,0.0,0.0,0.0,0.0,24.5,24.5,24.5,24.5,24.5,24.5,24.5,24.5,24.5,24.5,24.5,24.5,24.5,24.5,24.5,24.5,24.5,24.5,24.5,24.5,24.5,24.5,24.5,24.5,24.5,24.5,24.5,24.5,24.5,24.5,24.5,24.5,24.5,24.5,24.5,24.5,24.5,24.5,24.5,24.5,24.5,24.5,24.5,24.5,24.5,24.5,24.5,24.5,24.5,24.5,24.5,24.5,24.5,24.5,24.5,24.5,24.5,24.5,24.5,24.5,24.5,24.5,24.5,24.5,24.5,24.5,24.5
132,2,IME,cogen_conventional_steam_coal,0.0,0.0,0.0,0.0,0.0,0.0,0.0,0.0,0.0,0.0,0.0,0.0,0.0,0.0,0.0,0.0,0.0,0.0,0.0,0.0,0.0,0.0,0.0,0.0,0.0,0.0,0.0,0.0,0.0,0.0,0.0,0.0,0.0,0.0,0.0,24.5,24.5,24.5,0.0,24.5,24.5,24.5,24.5,24.5,24.5,24.5,24.5,24.5,24.5,24.5,24.5,24.5,24.5,24.5,24.5,24.5,24.5,24.5,24.5,24.5,24.5,24.5,24.5,24.5,24.5,24.5,24.5,24.5,24.5,24.5,0.0,0.0,0.0,0.0,0.0,0.0,0.0,0.0,24.5,0.0,0.0,0.0,0.0,0.0,0.0,0.0,0.0,0.0,24.5,24.5,24.5,24.5,24.5,24.5,24.5,24.5,0.0,0.0,0.0,24.5,24.5,24.5,24.5,24.5,24.5,24.5,24.5,24.5,24.5,24.5,24.5,24.5,24.5,24.5,24.5,24.5,24.5,24.5,24.5,24.5,24.5,24.5,24.5,24.5,24.5,24.5,24.5,24.5,24.5,24.5,24.5,24.5,24.5,24.5,24.5,24.5,24.5,24.5,24.5,24.5,24.5,24.5,24.5,24.5,24.5,24.5,24.5,24.5,24.5,24.5,24.5,24.5,24.5,24.5,24.5,24.5,24.5,24.5,24.5,24.5,24.5,24.5,24.5,24.5,24.5,24.5,24.5,24.5
133,2,IME,cogen_conventional_steam_coal,0.0,0.0,0.0,0.0,0.0,0.0,0.0,0.0,0.0,0.0,0.0,0.0,0.0,0.0,0.0,0.0,0.0,0.0,24.5,24.5,24.5,24.5,24.5,24.5,24.5,0.0,0.0,0.0,0.0,24.5,24.5,0.0,0.0,0.0,0.0,24.5,24.5,24.5,0.0,24.5,24.5,24.5,24.5,24.5,24.5,24.5,24.5,24.5,24.5,24.5,24.5,24.5,24.5,24.5,24.5,24.5,24.5,24.5,24.5,24.5,24.5,24.5,24.5,24.5,24.5,24.5,24.5,24.5,24.5,24.5,0.0,0.0,0.0,0.0,0.0,0.0,0.0,0.0,24.5,0.0,0.0,0.0,0.0,0.0,0.0,0.0,0.0,0.0,24.5,24.5,24.5,24.5,24.5,24.5,24.5,24.5,0.0,0.0,0.0,24.5,24.5,24.5,24.5,24.5,24.5,24.5,24.5,24.5,24.5,24.5,24.5,24.5,24.5,24.5,24.5,24.5,24.5,24.5,24.5,24.5,24.5,24.5,24.5,24.5,24.5,24.5,24.5,24.5,24.5,24.5,24.5,24.5,24.5,24.5,24.5,24.5,24.5,24.5,24.5,24.5,24.5,24.5,24.5,24.5,24.5,24.5,24.5,24.5,24.5,24.5,24.5,24.5,24.5,24.5,24.5,24.5,24.5,24.5,24.5,24.5,24.5,24.5,24.5,24.5,24.5,24.5,24.5,24.5
134,2,IME,cogen_conventional_steam_coal,0.0,0.0,0.0,0.0,0.0,0.0,0.0,0.0,0.0,0.0,0.0,0.0,0.0,0.0,0.0,0.0,0.0,0.0,125.125,125.125,125.125,125.125,125.125,125.125,125.125,125.125,0.0,0.0,0.0,125.125,125.125,0.0,0.0,0.0,0.0,125.125,125.125,125.125,125.125,125.125,125.125,125.125,125.125,125.125,125.125,125.125,125.125,125.125,125.125,125.125,125.125,125.125,125.125,125.125,125.125,125.125,125.125,125.125,125.125,125.125,125.125,125.125,125.125,125.125,125.125,125.125,125.125,125.125,125.125,125.125,125.125,0.0,0.0,0.0,0.0,0.0,0.0,0.0,125.125,0.0,0.0,0.0,0.0,0.0,0.0,0.0,0.0,125.125,125.125,125.125,125.125,125.125,125.125,125.125,125.125,125.125,125.125,125.125,125.125,125.125,125.125,125.125,125.125,125.125,125.125,125.125,125.125,125.125,125.125,125.125,125.125,125.125,125.125,125.125,125.125,125.125,125.125,125.125,125.125,125.125,125.125,125.125,125.125,125.125,125.125,125.125,125.125,125.125,125.125,125.125,125.125,125.125,125.125,125.125,125.125,125.125,125.125,125.125,125.125,125.125,125.125,125.125,125.125,125.125,125.125,125.125,125.125,125.125,125.125,125.125,125.125,125.125,125.125,125.125,125.125,125.125,125.125,125.125,125.125,125.125,125.125,125.125,125.125,125.125,125.125,125.125,125.125,125.125
135,2,IME,cogen_conventional_steam_coal,0.0,0.0,0.0,0.0,0.0,0.0,0.0,0.0,0.0,0.0,0.0,0.0,0.0,0.0,0.0,0.0,0.0,0.0,125.125,125.125,125.125,125.125,125.125,125.125,125.125,125.125,0.0,0.0,0.0,125.125,125.125,0.0,0.0,0.0,0.0,125.125,125.125,125.125,125.125,125.125,125.125,125.125,125.125,125.125,125.125,125.125,125.125,125.125,125.125,125.125,125.125,125.125,125.125,125.125,125.125,125.125,125.125,125.125,125.125,125.125,125.125,125.125,125.125,125.125,125.125,125.125,125.125,125.125,125.125,125.125,125.125,125.125,125.125,125.125,125.125,125.125,125.125,125.125,125.125,125.125,125.125,125.125,125.125,125.125,125.125,125.125,125.125,125.125,125.125,125.125,125.125,125.125,125.125,125.125,125.125,125.125,125.125,125.125,125.125,125.125,125.125,125.125,125.125,125.125,125.125,125.125,125.125,125.125,125.125,125.125,125.125,125.125,125.125,125.125,125.125,125.125,125.125,125.125,125.125,125.125,125.125,125.125,125.125,125.125,125.125,125.125,125.125,125.125,125.125,125.125,125.125,125.125,125.125,125.125,125.125,125.125,125.125,125.125,125.125,125.125,125.125,125.125,125.125,125.125,125.125,125.125,125.125,125.125,125.125,125.125,125.125,125.125,125.125,125.125,125.125,125.125,125.125,125.125,125.125,125.125,125.125,125.125,125.125,125.125,125.125,125.125,125.125,125.125
136,2,IME,cogen_conventional_steam_coal,0.0,0.0,0.0,0.0,0.0,0.0,0.0,0.0,0.0,0.0,0.0,0.0,0.0,0.0,0.0,0.0,0.0,125.125,125.125,125.125,125.125,125.125,125.125,125.125,125.125,125.125,0.0,0.0,0.0,125.125,125.125,0.0,0.0,0.0,0.0,125.125,125.125,125.125,125.125,125.125,125.125,125.125,125.125,125.125,125.125,125.125,125.125,125.125,125.125,125.125,125.125,125.125,125.125,125.125,125.125,125.125,125.125,125.125,125.125,125.125,125.125,125.125,125.125,125.125,125.125,125.125,125.125,125.125,125.125,125.125,125.125,125.125,125.125,125.125,125.125,125.125,125.125,125.125,125.125,125.125,125.125,125.125,125.125,125.125,125.125,125.125,125.125,125.125,125.125,125.125,125.125,125.125,125.125,125.125,125.125,125.125,125.125,125.125,125.125,125.125,125.125,125.125,125.125,125.125,125.125,125.125,125.125,125.125,125.125,125.125,125.125,125.125,125.125,125.125,125.125,125.125,125.125,125.125,125.125,125.125,125.125,125.125,125.125,125.125,125.125,125.125,125.125,125.125,125.125,125.125,125.125,125.125,125.125,125.125,125.125,125.125,125.125,125.125,125.125,125.125,125.125,125.125,125.125,125.125,125.125,125.125,125.125,125.125,125.125,125.125,125.125,125.125,125.125,125.125,125.125,125.125,125.125,125.125,125.125,125.125,125.125,125.125,125.125,125.125,125.125,125.125,125.125,125.125
137,2,IME,cogen_conventional_steam_coal,0.0,0.0,0.0,0.0,0.0,0.0,0.0,0.0,0.0,0.0,0.0,0.0,0.0,0.0,0.0,0.0,0.0,125.125,125.125,125.125,125.125,125.125,125.125,125.125,125.125,125.125,0.0,0.0,0.0,125.125,125.125,0.0,0.0,0.0,0.0,125.125,125.125,125.125,125.125,125.125,125.125,125.125,125.125,125.125,125.125,125.125,125.125,125.125,125.125,125.125,125.125,125.125,125.125,125.125,125.125,125.125,125.125,125.125,125.125,125.125,125.125,125.125,125.125,125.125,125.125,125.125,125.125,125.125,125.125,125.125,125.125,125.125,125.125,125.125,125.125,125.125,125.125,125.125,125.125,125.125,125.125,125.125,125.125,125.125,125.125,125.125,125.125,125.125,125.125,125.125,125.125,125.125,125.125,125.125,125.125,125.125,125.125,125.125,125.125,125.125,125.125,125.125,125.125,125.125,125.125,125.125,125.125,125.125,125.125,125.125,125.125,125.125,125.125,125.125,125.125,125.125,125.125,125.125,125.125,125.125,125.125,125.125,125.125,125.125,125.125,125.125,125.125,125.125,125.125,125.125,125.125,125.125,125.125,125.125,125.125,125.125,125.125,125.125,125.125,125.125,125.125,125.125,125.125,125.125,125.125,125.125,125.125,125.125,125.125,125.125,125.125,125.125,125.125,125.125,125.125,125.125,125.125,125.125,125.125,125.125,125.125,125.125,125.125,125.125,125.125,125.125,125.125,125.125
138,2,IME,conventional_steam_coal,0.0,0.0,0.0,0.0,0.0,0.0,0.0,0.0,0.0,0.0,0.0,0.0,0.0,0.0,0.0,0.0,0.0,191.25182534917667,214.5,214.5,214.5,214.5,214.5,214.5,214.5,214.5,0.0,0.0,0.0,214.5,214.5,0.0,0.0,0.0,0.0,214.5,214.5,214.5,214.5,214.5,214.5,214.5,214.5,214.5,214.5,214.5,214.5,214.5,214.5,214.5,214.5,214.5,214.5,214.5,214.5,214.5,214.5,214.5,214.5,214.5,214.5,214.5,214.5,214.5,214.5,214.5,214.5,214.5,214.5,214.5,214.5,214.5,214.5,214.5,214.5,214.5,214.5,214.5,214.5,214.5,214.5,214.5,214.5,214.5,214.5,214.5,214.5,214.5,214.5,214.5,214.5,214.5,214.5,214.5,214.5,214.5,214.5,214.5,214.5,214.5,214.5,214.5,214.5,214.5,214.5,214.5,214.5,214.5,214.5,214.5,214.5,214.5,214.5,214.5,214.5,214.5,214.5,214.5,214.5,214.5,214.5,214.5,214.5,214.5,214.5,214.5,214.5,214.5,214.5,214.5,214.5,214.5,214.5,214.5,214.5,214.5,214.5,214.5,214.5,214.5,214.5,214.5,214.5,214.5,214.5,214.5,214.5,214.5,214.5,214.5,214.5,214.5,214.5,214.5,214.5,214.5,214.5,214.5,214.5,214.5,214.5,214.5,214.5,214.5,214.5,214.5,214.5,214.5
139,2,IME,conventional_steam_coal,0.0,0.0,0.0,0.0,0.0,0.0,0.0,0.0,0.0,0.0,0.0,0.0,0.0,0.0,0.0,0.0,0.0,214.5,214.5,214.5,214.5,214.5,214.5,214.5,214.5,214.5,0.0,0.0,0.0,214.5,214.5,0.0,0.0,0.0,194.12306902339856,214.5,214.5,214.5,214.5,214.5,214.5,214.5,214.5,214.5,214.5,214.5,214.5,214.5,214.5,214.5,214.5,214.5,214.5,214.5,214.5,214.5,214.5,214.5,214.5,214.5,214.5,214.5,214.5,214.5,214.5,214.5,214.5,214.5,214.5,214.5,214.5,214.5,214.5,214.5,214.5,214.5,214.5,214.5,214.5,214.5,214.5,214.5,214.5,214.5,214.5,214.5,214.5,214.5,214.5,214.5,214.5,214.5,214.5,214.5,214.5,214.5,214.5,214.5,214.5,214.5,214.5,214.5,214.5,214.5,214.5,214.5,214.5,214.5,214.5,214.5,214.5,214.5,214.5,214.5,214.5,214.5,214.5,214.5,214.5,214.5,214.5,214.5,214.5,214.5,214.5,214.5,214.5,214.5,214.5,214.5,214.5,214.5,214.5,214.5,214.5,214.5,214.5,214.5,214.5,214.5,214.5,214.5,214.5,214.5,214.5,214.5,214.5,214.5,214.5,214.5,214.5,214.5,214.5,214.5,214.5,214.5,214.5,214.5,214.5,214.5,214.5,214.5,214.5,214.5,214.5,214.5,214.5,214.5
140,2,IME,conventional_steam_coal,0.0,0.0,0.0,0.0,0.0,0.0,0.0,0.0,0.0,0.0,0.0,0.0,0.0,0.0,0.0,0.0,0.0,214.5,214.5,214.5,214.5,214.5,214.5,214.5,214.5,214.5,0.0,0.0,0.0,214.5,214.5,0.0,0.0,0.0,0.0,214.5,214.5,214.5,214.5,214.5,214.5,214.5,214.5,214.5,214.5,214.5,214.5,214.5,214.5,214.5,214.5,214.5,214.5,214.5,214.5,214.5,214.5,214.5,214.5,214.5,214.5,214.5,214.5,214.5,214.5,214.5,214.5,214.5,214.5,214.5,214.5,214.5,214.5,214.5,214.5,214.5,214.5,214.5,214.5,214.5,214.5,214.5,214.5,214.5,214.5,214.5,214.5,214.5,214.5,214.5,214.5,214.5,214.5,214.5,214.5,214.5,214.5,214.5,214.5,214.5,214.5,214.5,214.5,214.5,214.5,214.5,214.5,214.5,214.5,214.5,214.5,214.5,214.5,214.5,214.5,214.5,214.5,214.5,214.5,214.5,214.5,214.5,214.5,214.5,214.5,214.5,214.5,214.5,214.5,214.5,214.5,214.5,214.5,214.5,214.5,214.5,214.5,214.5,214.5,214.5,214.5,214.5,214.5,214.5,214.5,214.5,214.5,214.5,214.5,214.5,214.5,214.5,214.5,214.5,214.5,214.5,214.5,214.5,214.5,214.5,214.5,214.5,214.5,214.5,214.5,214.5,214.5,214.5
141,2,IME,conventional_steam_coal,0.0,0.0,0.0,0.0,0.0,0.0,0.0,0.0,0.0,0.0,0.0,0.0,0.0,0.0,0.0,0.0,0.0,214.5,214.5,214.5,214.5,214.5,214.5,214.5,214.5,214.5,0.0,0.0,0.0,214.5,214.5,0.0,0.0,0.0,0.0,214.5,214.5,214.5,214.5,214.5,214.5,214.5,214.5,214.5,214.5,214.5,214.5,214.5,214.5,214.5,214.5,214.5,214.5,214.5,214.5,214.5,214.5,214.5,214.5,214.5,214.5,214.5,214.5,214.5,214.5,214.5,214.5,214.5,214.5,214.5,214.5,214.5,214.5,214.5,214.5,214.5,214.5,214.5,214.5,214.5,214.5,214.5,214.5,214.5,214.5,214.5,214.5,214.5,214.5,214.5,214.5,214.5,214.5,214.5,214.5,214.5,214.5,214.5,214.5,214.5,214.5,214.5,214.5,214.5,214.5,214.5,214.5,214.5,214.5,214.5,214.5,214.5,214.5,214.5,214.5,214.5,214.5,214.5,214.5,214.5,214.5,214.5,214.5,214.5,214.5,214.5,214.5,214.5,214.5,214.5,214.5,214.5,214.5,214.5,214.5,214.5,214.5,214.5,214.5,214.5,214.5,214.5,214.5,214.5,214.5,214.5,214.5,214.5,214.5,214.5,214.5,214.5,214.5,214.5,214.5,214.5,214.5,214.5,214.5,214.5,214.5,214.5,214.5,214.5,214.5,214.5,214.5,214.5
142,2,IME,cogen_conventional_steam_coal,0.0,0.0,0.0,0.0,0.0,0.0,0.0,0.0,0.0,0.0,0.0,0.0,0.0,0.0,0.0,0.0,0.0,0.0,24.5,24.5,24.5,24.5,24.5,24.5,24.5,24.5,0.0,0.0,0.0,24.5,24.5,0.0,0.0,0.0,0.0,24.5,24.5,24.5,24.5,24.5,24.5,24.5,24.5,24.5,24.5,24.5,24.5,24.5,24.5,24.5,24.5,24.5,24.5,24.5,24.5,24.5,24.5,24.5,24.5,24.5,24.5,24.5,24.5,24.5,24.5,24.5,24.5,24.5,24.5,24.5,24.5,24.5,24.5,24.5,24.5,24.5,24.5,24.5,24.5,24.5,24.5,24.5,24.5,24.5,24.5,24.5,24.5,24.5,24.5,24.5,24.5,24.5,24.5,24.5,24.5,24.5,24.5,24.5,24.5,24.5,24.5,24.5,24.5,24.5,24.5,24.5,24.5,24.5,24.5,24.5,24.5,24.5,24.5,24.5,24.5,24.5,24.5,24.5,24.5,24.5,24.5,24.5,24.5,24.5,24.5,24.5,24.5,24.5,24.5,24.5,24.5,24.5,24.5,24.5,24.5,24.5,24.5,24.5,24.5,24.5,24.5,24.5,24.5,24.5,24.5,24.5,24.5,24.5,24.5,24.5,24.5,24.5,24.5,24.5,24.5,24.5,24.5,24.5,24.5,24.5,24.5,24.5,24.5,24.5,24.5,24.5,24.5,24.5
143,2,IME,cogen_conventional_steam_coal,0.0,0.0,0.0,0.0,0.0,0.0,0.0,0.0,0.0,0.0,0.0,0.0,0.0,0.0,0.0,0.0,0.0,0.0,24.5,24.5,24.5,24.5,24.5,24.5,24.5,24.5,0.0,0.0,0.0,24.5,24.5,0.0,0.0,0.0,0.0,24.5,24.5,24.5,24.5,24.5,24.5,24.5,24.5,24.5,24.5,24.5,24.5,24.5,24.5,24.5,24.5,24.5,24.5,24.5,24.5,24.5,24.5,24.5,24.5,24.5,24.5,24.5,24.5,24.5,24.5,24.5,24.5,24.5,24.5,24.5,24.5,24.5,24.5,24.5,24.5,24.5,24.5,24.5,24.5,24.5,24.5,24.5,24.5,24.5,24.5,24.5,24.5,24.5,24.5,24.5,24.5,24.5,24.5,24.5,24.5,24.5,24.5,24.5,24.5,24.5,24.5,24.5,24.5,24.5,24.5,24.5,24.5,24.5,24.5,24.5,24.5,24.5,24.5,24.5,24.5,24.5,24.5,24.5,24.5,24.5,24.5,24.5,24.5,24.5,24.5,24.5,24.5,24.5,24.5,24.5,24.5,24.5,24.5,24.5,24.5,24.5,24.5,24.5,24.5,24.5,24.5,24.5,24.5,24.5,24.5,24.5,24.5,24.5,24.5,24.5,24.5,24.5,24.5,24.5,24.5,24.5,24.5,24.5,24.5,24.5,24.5,24.5,24.5,24.5,24.5,24.5,24.5,24.5
144,2,IME,cogen_conventional_steam_coal,0.0,0.0,0.0,0.0,0.0,0.0,0.0,0.0,0.0,0.0,0.0,0.0,0.0,0.0,0.0,0.0,0.0,125.125,125.125,125.125,125.125,125.125,125.125,125.125,125.125,125.125,125.125,0.0,0.0,125.125,125.125,0.0,0.0,0.0,125.125,125.125,125.125,125.125,125.125,125.125,125.125,125.125,125.125,125.125,125.125,125.125,125.125,125.125,125.125,125.125,125.125,125.125,125.125,125.125,125.125,125.125,125.125,125.125,125.125,125.125,125.125,125.125,125.125,125.125,125.125,125.125,125.125,125.125,125.125,125.125,125.125,125.125,125.125,125.125,125.125,125.125,125.125,125.125,125.125,125.125,125.125,125.125,125.125,125.125,125.125,125.125,125.125,125.125,125.125,125.125,125.125,125.125,125.125,125.125,125.125,125.125,125.125,125.125,125.125,125.125,125.125,125.125,125.125,125.125,125.125,125.125,125.125,125.125,125.125,125.125,125.125,125.125,125.125,125.125,125.125,125.125,125.125,125.125,125.125,125.125,125.125,125.125,125.125,125.125,125.125,125.125,125.125,125.125,125.125,125.125,125.125,125.125,125.125,125.125,125.125,125.125,125.125,125.125,125.125,125.125,125.125,125.125,125.125,125.125,125.125,125.125,125.125,125.125,125.125,125.125,125.125,125.125,125.125,125.125,125.125,125.125,125.125,125.125,125.125,125.125,125.125,125.125,125.125,125.125,125.125,125.125,125.125,125.125
145,2,IME,cogen_conventional_steam_coal,0.0,0.0,0.0,0.0,0.0,0.0,0.0,0.0,0.0,0.0,0.0,0.0,0.0,0.0,0.0,0.0,0.0,125.125,125.125,125.125,125.125,125.125,125.125,125.125,125.125,125.125,125.125,0.0,0.0,125.125,125.125,0.0,0.0,0.0,125.125,125.125,125.125,125.125,125.125,125.125,125.125,125.125,125.125,125.125,125.125,125.125,125.125,125.125,125.125,125.125,125.125,125.125,125.125,125.125,125.125,125.125,125.125,125.125,125.125,125.125,125.125,125.125,125.125,125.125,125.125,125.125,125.125,125.125,125.125,125.125,125.125,125.125,125.125,125.125,125.125,125.125,125.125,125.125,125.125,125.125,125.125,125.125,125.125,125.125,125.125,125.125,125.125,125.125,125.125,125.125,125.125,125.125,125.125,125.125,125.125,125.125,125.125,125.125,125.125,125.125,125.125,125.125,125.125,125.125,125.125,125.125,125.125,125.125,125.125,125.125,125.125,125.125,125.125,125.125,125.125,125.125,125.125,125.125,125.125,125.125,125.125,125.125,125.125,125.125,125.125,125.125,125.125,125.125,125.125,125.125,125.125,125.125,125.125,125.125,125.125,125.125,125.125,125.125,125.125,125.125,125.125,125.125,125.125,125.125,125.125,125.125,125.125,125.125,125.125,125.125,125.125,125.125,125.125,125.125,125.125,125.125,125.125,125.125,125.125,125.125,125.125,125.125,125.125,125.125,125.125,125.125,125.125,125.125
146,2,IME,cogen_conventional_steam_coal,0.0,0.0,0.0,0.0,0.0,0.0,0.0,0.0,0.0,0.0,0.0,0.0,0.0,0.0,0.0,0.0,0.0,125.125,125.125,125.125,125.125,125.125,125.125,125.125,125.125,125.125,125.125,0.0,0.0,125.125,125.125,0.0,0.0,0.0,125.125,125.125,125.125,125.125,125.125,125.125,125.125,125.125,125.125,125.125,125.125,125.125,125.125,125.125,125.125,125.125,125.125,125.125,125.125,125.125,125.125,125.125,125.125,125.125,125.125,125.125,125.125,125.125,125.125,125.125,125.125,125.125,125.125,125.125,125.125,125.125,125.125,125.125,125.125,125.125,125.125,125.125,125.125,125.125,125.125,125.125,125.125,125.125,125.125,125.125,125.125,125.125,125.125,125.125,125.125,125.125,125.125,125.125,125.125,125.125,125.125,125.125,125.125,125.125,125.125,125.125,125.125,125.125,125.125,125.125,125.125,125.125,125.125,125.125,125.125,125.125,125.125,125.125,125.125,125.125,125.125,125.125,125.125,125.125,125.125,125.125,125.125,125.125,125.125,125.125,125.125,125.125,125.125,125.125,125.125,125.125,125.125,125.125,125.125,125.125,125.125,125.125,125.125,125.125,125.125,125.125,125.125,125.125,125.125,125.125,125.125,125.125,125.125,125.125,125.125,125.125,125.125,125.125,125.125,125.125,125.125,125.125,125.125,125.125,125.125,125.125,125.125,125.125,125.125,125.125,125.125,125.125,125.125,125.125
147,2,IME,cogen_conventional_steam_coal,0.0,0.0,0.0,0.0,0.0,0.0,0.0,0.0,0.0,0.0,0.0,0.0,0.0,0.0,0.0,0.0,0.0,125.125,125.125,125.125,125.125,125.125,125.125,125.125,125.125,125.125,117.3891189498272,0.0,0.0,125.125,125.125,0.0,0.0,0.0,125.125,125.125,125.125,125.125,125.125,125.125,125.125,125.125,125.125,125.125,125.125,125.125,125.125,125.125,125.125,125.125,125.125,125.125,125.125,125.125,125.125,125.125,125.125,125.125,125.125,125.125,125.125,125.125,125.125,125.125,125.125,125.125,125.125,125.125,125.125,125.125,125.125,125.125,125.125,125.125,125.125,125.125,125.125,125.125,125.125,125.125,125.125,125.125,125.125,125.125,125.125,125.125,125.125,125.125,125.125,125.125,125.125,125.125,125.125,125.125,125.125,125.125,125.125,125.125,125.125,125.125,125.125,125.125,125.125,125.125,125.125,125.125,125.125,125.125,125.125,125.125,125.125,125.125,125.125,125.125,125.125,125.125,125.125,125.125,125.125,125.125,125.125,125.125,125.125,125.125,125.125,125.125,125.125,125.125,125.125,125.125,125.125,125.125,125.125,125.125,125.125,125.125,125.125,125.125,125.125,125.125,125.125,125.125,125.125,125.125,125.125,125.125,125.125,125.125,125.125,125.125,125.125,125.125,125.125,125.125,125.125,125.125,125.125,125.125,125.125,125.125,125.125,125.125,125.125,125.125,125.125,125.125,125.125,125.125
148,2,IME,conventional_steam_coal,0.0,0.0,0.0,0.0,0.0,0.0,0.0,0.0,0.0,0.0,0.0,0.0,0.0,0.0,0.0,0.0,0.0,235.95000000000005,235.95000000000005,235.95000000000005,235.95000000000005,235.95000000000005,235.95000000000005,235.95000000000005,235.95000000000005,235.95000000000005,235.95000000000005,235.95000000000005,235.95000000000005,235.95000000000005,235.95000000000005,235.95000000000005,235.95000000000005,235.95000000000005,235.95000000000005,235.95000000000005,235.95000000000005,235.95000000000005,235.95000000000005,235.95000000000005,235.95000000000005,235.95000000000005,235.95000000000005,235.95000000000005,235.95000000000005,235.95000000000005,235.95000000000005,235.95000000000005,235.95000000000005,235.95000000000005,235.95000000000005,235.95000000000005,235.95000000000005,235.95000000000005,235.95000000000005,235.95000000000005,235.95000000000005,235.95000000000005,235.95000000000005,235.95000000000005,235.95000000000005,235.95000000000005,235.95000000000005,235.95000000000005,235.95000000000005,235.95000000000005,235.95000000000005,235.95000000000005,235.95000000000005,235.95000000000005,235.95000000000005,235.95000000000005,235.95000000000005,235.95000000000005,235.95000000000005,235.95000000000005,235.95000000000005,235.95000000000005,235.95000000000005,235.95000000000005,235.95000000000005,235.95000000000005,235.95000000000005,235.95000000000005,235.95000000000005,235.95000000000005,235.95000000000005,235.95000000000005,235.95000000000005,235.95000000000005,235.95000000000005,235.95000000000005,235.95000000000005,235.95000000000005,235.95000000000005,235.95000000000005,235.95000000000005,235.95000000000005,235.95000000000005,235.95000000000005,235.95000000000005,235.95000000000005,235.95000000000005,235.95000000000005,235.95000000000005,235.95000000000005,235.95000000000005,235.95000000000005,235.95000000000005,235.95000000000005,235.95000000000005,235.95000000000005,235.95000000000005,235.95000000000005,235.95000000000005,235.95000000000005,235.95000000000005,235.95000000000005,235.95000000000005,235.95000000000005,235.95000000000005,235.95000000000005,235.95000000000005,235.95000000000005,235.95000000000005,235.95000000000005,235.95000000000005,235.95000000000005,235.95000000000005,235.95000000000005,235.95000000000005,235.95000000000005,235.95000000000005,235.95000000000005,235.95000000000005,235.95000000000005,235.95000000000005,235.95000000000005,235.95000000000005,235.95000000000005,235.95000000000005,235.95000000000005,235.95000000000005,235.95000000000005,235.95000000000005,235.95000000000005,235.95000000000005,235.95000000000005,235.95000000000005,235.95000000000005,235.95000000000005,235.95000000000005,235.95000000000005,235.95000000000005,235.95000000000005,235.95000000000005,235.95000000000005,235.95000000000005,235.95000000000005,235.95000000000005,235.95000000000005,235.95000000000005,235.95000000000005,235.95000000000005,235.95000000000005,235.95000000000005,235.95000000000005,235.95000000000005
149,2,IME,conventional_steam_coal,0.0,0.0,0.0,0.0,0.0,0.0,0.0,0.0,0.0,0.0,0.0,0.0,0.0,0.0,0.0,0.0,0.0,235.95000000000005,235.95000000000005,235.95000000000005,235.95000000000005,235.95000000000005,235.95000000000005,235.95000000000005,235.95000000000005,235.95000000000005,235.95000000000005,235.95000000000005,235.95000000000005,235.95000000000005,235.95000000000005,235.95000000000005,235.95000000000005,235.95000000000005,235.95000000000005,235.95000000000005,235.95000000000005,235.95000000000005,235.95000000000005,235.95000000000005,235.95000000000005,235.95000000000005,235.95000000000005,235.95000000000005,235.95000000000005,235.95000000000005,235.95000000000005,235.95000000000005,235.95000000000005,235.95000000000005,235.95000000000005,235.95000000000005,235.95000000000005,235.95000000000005,235.95000000000005,235.95000000000005,235.95000000000005,235.95000000000005,235.95000000000005,235.95000000000005,235.95000000000005,235.95000000000005,235.95000000000005,235.95000000000005,235.95000000000005,235.95000000000005,235.95000000000005,235.95000000000005,235.95000000000005,235.95000000000005,235.95000000000005,235.95000000000005,235.95000000000005,235.95000000000005,235.95000000000005,235.95000000000005,235.95000000000005,235.95000000000005,235.95000000000005,235.95000000000005,235.95000000000005,235.95000000000005,235.95000000000005,235.95000000000005,235.95000000000005,235.95000000000005,235.95000000000005,235.95000000000005,235.95000000000005,235.95000000000005,235.95000000000005,235.95000000000005,235.95000000000005,235.95000000000005,235.95000000000005,235.95000000000005,235.95000000000005,235.95000000000005,235.95000000000005,235.95000000000005,235.95000000000005,235.95000000000005,235.95000000000005,235.95000000000005,235.95000000000005,235.95000000000005,235.95000000000005,235.95000000000005,235.95000000000005,235.95000000000005,235.95000000000005,235.95000000000005,235.95000000000005,235.95000000000005,235.95000000000005,235.95000000000005,235.95000000000005,235.95000000000005,235.95000000000005,235.95000000000005,235.95000000000005,235.95000000000005,235.95000000000005,235.95000000000005,235.95000000000005,235.95000000000005,235.95000000000005,235.95000000000005,235.95000000000005,235.95000000000005,235.95000000000005,235.95000000000005,235.95000000000005,235.95000000000005,235.95000000000005,235.95000000000005,235.95000000000005,235.95000000000005,235.95000000000005,235.95000000000005,235.95000000000005,235.95000000000005,235.95000000000005,235.95000000000005,235.95000000000005,235.95000000000005,235.95000000000005,235.95000000000005,235.95000000000005,235.95000000000005,235.95000000000005,235.95000000000005,235.95000000000005,235.95000000000005,235.95000000000005,235.95000000000005,235.95000000000005,235.95000000000005,235.95000000000005,235.95000000000005,235.95000000000005,235.95000000000005,235.95000000000005,235.95000000000005,235.95000000000005,235.95000000000005,235.95000000000005,235.95000000000005
150,2,IME,conventional_steam_coal,0.0,0.0,0.0,0.0,0.0,0.0,0.0,0.0,0.0,0.0,0.0,0.0,0.0,0.0,0.0,0.0,0.0,235.95000000000005,235.95000000000005,235.95000000000005,235.95000000000005,235.95000000000005,235.95000000000005,235.95000000000005,235.95000000000005,235.95000000000005,235.95000000000005,235.95000000000005,235.95000000000005,235.95000000000005,235.95000000000005,235.95000000000005,235.95000000000005,235.95000000000005,235.95000000000005,235.95000000000005,235.95000000000005,235.95000000000005,235.95000000000005,235.95000000000005,235.95000000000005,235.95000000000005,235.95000000000005,235.95000000000005,235.95000000000005,235.95000000000005,235.95000000000005,235.95000000000005,235.95000000000005,235.95000000000005,235.95000000000005,235.95000000000005,235.95000000000005,235.95000000000005,235.95000000000005,235.95000000000005,235.95000000000005,235.95000000000005,235.95000000000005,235.95000000000005,235.95000000000005,235.95000000000005,235.95000000000005,235.95000000000005,235.95000000000005,235.95000000000005,235.95000000000005,235.95000000000005,235.95000000000005,235.95000000000005,235.95000000000005,235.95000000000005,235.95000000000005,235.95000000000005,235.95000000000005,235.95000000000005,235.95000000000005,235.95000000000005,235.95000000000005,235.95000000000005,235.95000000000005,235.95000000000005,235.95000000000005,235.95000000000005,235.95000000000005,235.95000000000005,235.95000000000005,235.95000000000005,235.95000000000005,235.95000000000005,235.95000000000005,235.95000000000005,235.95000000000005,235.95000000000005,235.95000000000005,235.95000000000005,235.95000000000005,235.95000000000005,235.95000000000005,235.95000000000005,235.95000000000005,235.95000000000005,235.95000000000005,235.95000000000005,235.95000000000005,235.95000000000005,235.95000000000005,235.95000000000005,235.95000000000005,235.95000000000005,235.95000000000005,235.95000000000005,235.95000000000005,235.95000000000005,235.95000000000005,235.95000000000005,235.95000000000005,235.95000000000005,235.95000000000005,235.95000000000005,235.95000000000005,235.95000000000005,235.95000000000005,235.95000000000005,235.95000000000005,235.95000000000005,235.95000000000005,235.95000000000005,235.95000000000005,235.95000000000005,235.95000000000005,235.95000000000005,235.95000000000005,235.95000000000005,235.95000000000005,235.95000000000005,235.95000000000005,235.95000000000005,235.95000000000005,235.95000000000005,235.95000000000005,235.95000000000005,235.95000000000005,235.95000000000005,235.95000000000005,235.95000000000005,235.95000000000005,235.95000000000005,235.95000000000005,235.95000000000005,235.95000000000005,235.95000000000005,235.95000000000005,235.95000000000005,235.95000000000005,235.95000000000005,235.95000000000005,235.95000000000005,235.95000000000005,235.95000000000005,235.95000000000005,235.95000000000005,235.95000000000005,235.95000000000005,235.95000000000005,235.95000000000005,235.95000000000005,235.95000000000005
151,2,IME,conventional_steam_coal,0.0,0.0,0.0,0.0,0.0,0.0,0.0,0.0,0.0,0.0,0.0,0.0,0.0,0.0,0.0,0.0,0.0,235.95000000000005,235.95000000000005,235.95000000000005,235.95000000000005,235.95000000000005,235.95000000000005,235.95000000000005,235.95000000000005,235.95000000000005,235.95000000000005,235.95000000000005,235.95000000000005,235.95000000000005,235.95000000000005,235.95000000000005,235.95000000000005,235.95000000000005,235.95000000000005,235.95000000000005,235.95000000000005,235.95000000000005,235.95000000000005,235.95000000000005,235.95000000000005,235.95000000000005,235.95000000000005,235.95000000000005,235.95000000000005,235.95000000000005,235.95000000000005,235.95000000000005,235.95000000000005,235.95000000000005,235.95000000000005,235.95000000000005,235.95000000000005,235.95000000000005,235.95000000000005,235.95000000000005,235.95000000000005,235.95000000000005,235.95000000000005,235.95000000000005,235.95000000000005,235.95000000000005,235.95000000000005,235.95000000000005,235.95000000000005,235.95000000000005,235.95000000000005,235.95000000000005,235.95000000000005,235.95000000000005,235.95000000000005,235.95000000000005,235.95000000000005,235.95000000000005,235.95000000000005,235.95000000000005,235.95000000000005,235.95000000000005,235.95000000000005,235.95000000000005,235.95000000000005,235.95000000000005,235.95000000000005,235.95000000000005,235.95000000000005,235.95000000000005,235.95000000000005,235.95000000000005,235.95000000000005,235.95000000000005,235.95000000000005,235.95000000000005,235.95000000000005,235.95000000000005,235.95000000000005,235.95000000000005,235.95000000000005,235.95000000000005,235.95000000000005,235.95000000000005,235.95000000000005,235.95000000000005,235.95000000000005,235.95000000000005,235.95000000000005,235.95000000000005,235.95000000000005,235.95000000000005,235.95000000000005,235.95000000000005,235.95000000000005,235.95000000000005,235.95000000000005,235.95000000000005,235.95000000000005,235.95000000000005,235.95000000000005,235.95000000000005,235.95000000000005,235.95000000000005,235.95000000000005,235.95000000000005,235.95000000000005,235.95000000000005,235.95000000000005,235.95000000000005,235.95000000000005,235.95000000000005,235.95000000000005,235.95000000000005,235.95000000000005,235.95000000000005,235.95000000000005,235.95000000000005,235.95000000000005,235.95000000000005,235.95000000000005,235.95000000000005,235.95000000000005,235.95000000000005,235.95000000000005,235.95000000000005,235.95000000000005,235.95000000000005,235.95000000000005,235.95000000000005,235.95000000000005,235.95000000000005,235.95000000000005,235.95000000000005,235.95000000000005,235.95000000000005,235.95000000000005,235.95000000000005,235.95000000000005,235.95000000000005,235.95000000000005,235.95000000000005,235.95000000000005,235.95000000000005,235.95000000000005,235.95000000000005,235.95000000000005,235.95000000000005,235.95000000000005,235.95000000000005,235.95000000000005,235.95000000000005
152,2,IME,conventional_steam_coal,0.0,0.0,0.0,0.0,0.0,0.0,0.0,0.0,0.0,0.0,0.0,0.0,0.0,0.0,0.0,0.0,0.0,235.95000000000005,235.95000000000005,235.95000000000005,235.95000000000005,235.95000000000005,235.95000000000005,235.95000000000005,235.95000000000005,235.95000000000005,235.95000000000005,235.95000000000005,235.95000000000005,235.95000000000005,235.95000000000005,235.95000000000005,235.95000000000005,235.95000000000005,235.95000000000005,235.95000000000005,235.95000000000005,235.95000000000005,235.95000000000005,235.95000000000005,235.95000000000005,235.95000000000005,235.95000000000005,235.95000000000005,235.95000000000005,235.95000000000005,235.95000000000005,235.95000000000005,235.95000000000005,235.95000000000005,235.95000000000005,235.95000000000005,235.95000000000005,235.95000000000005,235.95000000000005,235.95000000000005,235.95000000000005,235.95000000000005,235.95000000000005,235.95000000000005,235.95000000000005,235.95000000000005,235.95000000000005,235.95000000000005,235.95000000000005,235.95000000000005,235.95000000000005,235.95000000000005,235.95000000000005,235.95000000000005,235.95000000000005,235.95000000000005,235.95000000000005,235.95000000000005,235.95000000000005,235.95000000000005,235.95000000000005,235.95000000000005,235.95000000000005,235.95000000000005,235.95000000000005,235.95000000000005,235.95000000000005,235.95000000000005,235.95000000000005,235.95000000000005,235.95000000000005,235.95000000000005,235.95000000000005,235.95000000000005,235.95000000000005,235.95000000000005,235.95000000000005,235.95000000000005,235.95000000000005,235.95000000000005,235.95000000000005,235.95000000000005,235.95000000000005,235.95000000000005,235.95000000000005,235.95000000000005,235.95000000000005,235.95000000000005,235.95000000000005,235.95000000000005,235.95000000000005,235.95000000000005,235.95000000000005,235.95000000000005,235.95000000000005,235.95000000000005,235.95000000000005,235.95000000000005,235.95000000000005,235.95000000000005,235.95000000000005,235.95000000000005,235.95000000000005,235.95000000000005,235.95000000000005,235.95000000000005,235.95000000000005,235.95000000000005,235.95000000000005,235.95000000000005,235.95000000000005,235.95000000000005,235.95000000000005,235.95000000000005,235.95000000000005,235.95000000000005,235.95000000000005,235.95000000000005,235.95000000000005,235.95000000000005,235.95000000000005,235.95000000000005,235.95000000000005,235.95000000000005,235.95000000000005,235.95000000000005,235.95000000000005,235.95000000000005,235.95000000000005,235.95000000000005,235.95000000000005,235.95000000000005,235.95000000000005,235.95000000000005,235.95000000000005,235.95000000000005,235.95000000000005,235.95000000000005,235.95000000000005,235.95000000000005,235.95000000000005,235.95000000000005,235.95000000000005,235.95000000000005,235.95000000000005,235.95000000000005,235.95000000000005,235.95000000000005,235.95000000000005,235.95000000000005,235.95000000000005,235.95000000000005
153,3,JL,cogen_conventional_steam_coal,0.0,0.0,0.0,0.0,0.0,0.0,0.0,0.0,0.0,0.0,0.0,0.0,0.0,0.0,0.0,0.0,0.0,0.0,0.0,0.0,0.0,0.0,0.0,0.0,0.0,0.0,0.0,0.0,0.0,0.0,0.0,0.0,0.0,0.0,0.0,0.0,0.0,0.0,0.0,0.0,0.0,0.0,0.0,0.0,0.0,0.0,0.0,0.0,0.0,0.0,0.0,0.0,0.0,0.0,0.0,0.0,0.0,0.0,0.0,0.0,0.0,0.0,0.0,0.0,0.0,0.0,0.0,0.0,0.0,0.0,0.0,0.0,0.0,0.0,0.0,0.0,0.0,0.0,0.0,0.0,0.0,0.0,0.0,0.0,0.0,0.0,0.0,0.0,0.0,0.0,0.0,0.0,0.0,0.0,0.0,0.0,0.0,0.0,0.0,0.0,0.0,0.0,0.0,0.0,0.0,0.0,0.0,0.0,0.0,0.0,0.0,0.0,0.0,0.0,0.0,0.0,0.0,0.0,0.0,0.0,0.0,0.0,0.0,0.0,0.0,0.0,0.0,0.0,0.0,0.0,0.0,0.0,0.0,0.0,0.0,0.0,0.0,0.0,0.0,0.0,0.0,0.0,0.0,0.0,0.0,0.0,0.0,0.0,0.0,0.0,0.0,0.0,0.0,0.0,0.0,0.0,0.0,0.0,0.0,0.0,0.0,0.0,0.0,0.0,0.0,0.0,0.0,0.0
154,3,JL,cogen_conventional_steam_coal,0.0,0.0,0.0,0.0,0.0,0.0,0.0,0.0,0.0,0.0,0.0,0.0,0.0,0.0,0.0,0.0,0.0,0.0,0.0,0.0,0.0,0.0,0.0,0.0,0.0,0.0,0.0,0.0,0.0,0.0,0.0,0.0,0.0,0.0,0.0,0.0,0.0,0.0,0.0,0.0,0.0,0.0,0.0,0.0,0.0,0.0,0.0,0.0,0.0,0.0,0.0,0.0,0.0,0.0,0.0,0.0,0.0,0.0,0.0,0.0,0.0,0.0,0.0,0.0,0.0,0.0,0.0,0.0,0.0,0.0,0.0,0.0,0.0,0.0,0.0,0.0,0.0,0.0,0.0,0.0,0.0,0.0,0.0,0.0,0.0,0.0,0.0,0.0,0.0,0.0,0.0,0.0,0.0,0.0,0.0,0.0,0.0,0.0,0.0,0.0,0.0,0.0,0.0,0.0,0.0,0.0,0.0,0.0,0.0,0.0,0.0,0.0,0.0,0.0,0.0,0.0,0.0,0.0,0.0,0.0,0.0,0.0,0.0,0.0,0.0,0.0,0.0,0.0,0.0,0.0,0.0,0.0,0.0,0.0,0.0,0.0,0.0,0.0,0.0,0.0,0.0,0.0,0.0,0.0,0.0,0.0,0.0,0.0,0.0,0.0,0.0,0.0,0.0,0.0,0.0,0.0,0.0,0.0,0.0,0.0,0.0,0.0,0.0,0.0,0.0,0.0,0.0,0.0
155,3,JL,cogen_conventional_steam_coal,0.0,0.0,0.0,0.0,0.0,0.0,0.0,0.0,0.0,0.0,0.0,0.0,0.0,0.0,0.0,0.0,0.0,0.0,0.0,0.0,0.0,0.0,0.0,0.0,0.0,0.0,0.0,0.0,0.0,0.0,0.0,0.0,0.0,0.0,0.0,0.0,0.0,0.0,0.0,0.0,0.0,0.0,0.0,0.0,0.0,0.0,0.0,0.0,0.0,0.0,0.0,0.0,0.0,0.0,0.0,0.0,0.0,0.0,0.0,0.0,0.0,0.0,0.0,0.0,0.0,0.0,0.0,0.0,0.0,0.0,0.0,0.0,0.0,0.0,0.0,0.0,0.0,0.0,0.0,0.0,0.0,0.0,0.0,0.0,0.0,0.0,0.0,0.0,0.0,0.0,0.0,0.0,0.0,0.0,0.0,0.0,0.0,0.0,0.0,0.0,0.0,0.0,0.0,0.0,0.0,0.0,0.0,0.0,0.0,0.0,0.0,0.0,0.0,0.0,0.0,0.0,0.0,0.0,0.0,0.0,0.0,0.0,0.0,0.0,0.0,0.0,0.0,0.0,0.0,0.0,0.0,0.0,0.0,0.0,0.0,0.0,0.0,0.0,0.0,0.0,0.0,0.0,0.0,0.0,0.0,0.0,0.0,0.0,0.0,0.0,0.0,0.0,0.0,0.0,0.0,0.0,0.0,0.0,0.0,0.0,0.0,0.0,0.0,0.0,0.0,0.0,0.0,0.0
156,3,JL,cogen_conventional_steam_coal,0.0,0.0,0.0,0.0,0.0,0.0,0.0,0.0,0.0,0.0,0.0,0.0,0.0,0.0,0.0,0.0,0.0,0.0,0.0,0.0,0.0,0.0,0.0,0.0,0.0,0.0,0.0,0.0,0.0,0.0,0.0,0.0,0.0,0.0,0.0,0.0,0.0,0.0,0.0,0.0,0.0,0.0,0.0,0.0,0.0,0.0,0.0,0.0,0.0,0.0,0.0,0.0,0.0,0.0,0.0,0.0,0.0,0.0,0.0,0.0,0.0,0.0,0.0,0.0,0.0,0.0,0.0,0.0,0.0,0.0,0.0,0.0,0.0,0.0,0.0,0.0,0.0,0.0,0.0,0.0,0.0,0.0,0.0,0.0,0.0,0.0,0.0,0.0,0.0,0.0,0.0,0.0,0.0,0.0,0.0,0.0,0.0,0.0,0.0,0.0,0.0,0.0,0.0,0.0,0.0,0.0,0.0,0.0,0.0,0.0,0.0,0.0,0.0,0.0,0.0,0.0,0.0,0.0,0.0,0.0,0.0,0.0,0.0,0.0,0.0,0.0,0.0,0.0,0.0,0.0,0.0,0.0,0.0,0.0,0.0,0.0,0.0,0.0,0.0,0.0,0.0,0.0,0.0,0.0,0.0,0.0,0.0,0.0,0.0,0.0,0.0,0.0,0.0,0.0,0.0,0.0,0.0,0.0,0.0,0.0,0.0,0.0,0.0,0.0,0.0,0.0,0.0,0.0
157,3,JL,cogen_conventional_steam_coal,0.0,0.0,0.0,0.0,0.0,0.0,0.0,0.0,0.0,0.0,0.0,0.0,0.0,0.0,0.0,0.0,0.0,0.0,0.0,0.0,0.0,0.0,0.0,0.0,0.0,0.0,0.0,0.0,0.0,0.0,0.0,0.0,0.0,0.0,0.0,0.0,0.0,0.0,0.0,0.0,0.0,0.0,0.0,0.0,0.0,0.0,0.0,0.0,0.0,0.0,0.0,0.0,0.0,0.0,0.0,0.0,0.0,0.0,0.0,0.0,0.0,0.0,0.0,0.0,0.0,0.0,0.0,0.0,0.0,0.0,0.0,0.0,0.0,0.0,0.0,0.0,0.0,0.0,0.0,0.0,0.0,0.0,0.0,0.0,0.0,0.0,0.0,0.0,0.0,0.0,0.0,0.0,0.0,0.0,0.0,0.0,0.0,0.0,0.0,0.0,0.0,0.0,0.0,0.0,0.0,0.0,0.0,0.0,0.0,0.0,0.0,0.0,0.0,0.0,0.0,0.0,0.0,0.0,0.0,0.0,0.0,0.0,0.0,0.0,0.0,0.0,0.0,0.0,0.0,0.0,0.0,0.0,0.0,0.0,0.0,0.0,0.0,0.0,0.0,0.0,0.0,0.0,0.0,0.0,0.0,0.0,0.0,0.0,0.0,0.0,0.0,0.0,0.0,0.0,0.0,0.0,0.0,0.0,0.0,0.0,0.0,0.0,0.0,0.0,0.0,0.0,0.0,0.0
158,3,JL,cogen_conventional_steam_coal,0.0,0.0,0.0,0.0,0.0,0.0,0.0,0.0,0.0,0.0,0.0,0.0,0.0,0.0,0.0,0.0,0.0,0.0,0.0,0.0,0.0,0.0,0.0,0.0,0.0,0.0,0.0,0.0,0.0,0.0,0.0,0.0,0.0,0.0,0.0,0.0,0.0,0.0,0.0,0.0,0.0,0.0,0.0,0.0,0.0,0.0,0.0,0.0,0.0,0.0,0.0,0.0,0.0,0.0,0.0,0.0,0.0,0.0,0.0,0.0,0.0,0.0,0.0,0.0,0.0,0.0,0.0,0.0,0.0,0.0,0.0,0.0,0.0,0.0,0.0,0.0,0.0,0.0,0.0,0.0,0.0,0.0,0.0,0.0,0.0,0.0,0.0,0.0,0.0,0.0,0.0,0.0,0.0,0.0,0.0,0.0,0.0,0.0,0.0,0.0,0.0,0.0,0.0,0.0,0.0,0.0,0.0,0.0,0.0,0.0,0.0,0.0,0.0,0.0,0.0,0.0,0.0,0.0,0.0,0.0,0.0,0.0,0.0,0.0,0.0,0.0,0.0,0.0,0.0,0.0,0.0,0.0,0.0,0.0,0.0,0.0,0.0,0.0,0.0,0.0,0.0,0.0,0.0,0.0,0.0,0.0,0.0,0.0,0.0,0.0,0.0,0.0,0.0,0.0,0.0,0.0,0.0,0.0,0.0,0.0,0.0,0.0,0.0,0.0,0.0,0.0,0.0,0.0
159,3,JL,cogen_conventional_steam_coal,0.0,0.0,0.0,0.0,0.0,0.0,0.0,0.0,0.0,0.0,0.0,0.0,0.0,0.0,0.0,0.0,0.0,0.0,0.0,0.0,0.0,0.0,0.0,0.0,0.0,0.0,0.0,0.0,0.0,0.0,0.0,0.0,0.0,0.0,0.0,0.0,0.0,0.0,0.0,0.0,0.0,0.0,0.0,0.0,0.0,0.0,0.0,0.0,0.0,0.0,0.0,0.0,0.0,0.0,0.0,0.0,0.0,0.0,0.0,0.0,0.0,0.0,0.0,0.0,0.0,0.0,0.0,0.0,0.0,0.0,0.0,0.0,0.0,0.0,0.0,0.0,0.0,0.0,0.0,0.0,0.0,0.0,0.0,0.0,0.0,0.0,0.0,0.0,0.0,0.0,0.0,0.0,0.0,0.0,0.0,0.0,0.0,0.0,0.0,0.0,0.0,0.0,0.0,0.0,0.0,0.0,0.0,0.0,0.0,0.0,0.0,0.0,0.0,0.0,0.0,0.0,0.0,0.0,0.0,0.0,0.0,0.0,0.0,0.0,0.0,0.0,0.0,0.0,0.0,0.0,0.0,0.0,0.0,0.0,0.0,0.0,0.0,0.0,0.0,0.0,0.0,0.0,0.0,0.0,0.0,0.0,0.0,0.0,0.0,0.0,0.0,0.0,0.0,0.0,0.0,0.0,0.0,0.0,0.0,0.0,0.0,0.0,0.0,0.0,0.0,0.0,0.0,0.0
160,3,JL,cogen_conventional_steam_coal,0.0,0.0,0.0,0.0,0.0,0.0,0.0,0.0,0.0,0.0,0.0,0.0,0.0,0.0,0.0,0.0,0.0,0.0,0.0,0.0,0.0,0.0,0.0,0.0,0.0,0.0,0.0,0.0,0.0,0.0,0.0,0.0,0.0,0.0,0.0,0.0,0.0,0.0,0.0,0.0,0.0,0.0,0.0,0.0,0.0,0.0,0.0,0.0,0.0,0.0,0.0,0.0,0.0,0.0,0.0,0.0,0.0,0.0,0.0,0.0,0.0,0.0,0.0,0.0,0.0,0.0,0.0,0.0,0.0,0.0,0.0,0.0,0.0,0.0,0.0,0.0,0.0,0.0,0.0,0.0,0.0,0.0,0.0,0.0,0.0,0.0,0.0,0.0,0.0,0.0,0.0,0.0,0.0,0.0,0.0,0.0,0.0,0.0,0.0,0.0,0.0,0.0,0.0,0.0,0.0,0.0,0.0,0.0,0.0,0.0,0.0,0.0,0.0,0.0,0.0,0.0,0.0,0.0,0.0,0.0,0.0,0.0,0.0,0.0,0.0,0.0,0.0,0.0,0.0,0.0,0.0,0.0,0.0,0.0,0.0,0.0,0.0,0.0,0.0,0.0,0.0,0.0,0.0,0.0,0.0,0.0,0.0,0.0,0.0,0.0,0.0,0.0,0.0,0.0,0.0,0.0,0.0,0.0,0.0,0.0,0.0,0.0,0.0,0.0,0.0,0.0,0.0,0.0
161,3,JL,cogen_conventional_steam_coal,0.0,0.0,0.0,0.0,0.0,0.0,0.0,0.0,0.0,0.0,0.0,0.0,0.0,0.0,0.0,0.0,0.0,0.0,0.0,0.0,0.0,0.0,0.0,0.0,0.0,0.0,0.0,0.0,0.0,0.0,0.0,0.0,0.0,0.0,0.0,0.0,0.0,0.0,0.0,0.0,0.0,0.0,0.0,0.0,0.0,0.0,0.0,0.0,0.0,0.0,0.0,0.0,0.0,0.0,0.0,0.0,0.0,0.0,0.0,0.0,0.0,0.0,0.0,0.0,0.0,0.0,0.0,0.0,0.0,0.0,0.0,0.0,0.0,0.0,0.0,0.0,0.0,0.0,0.0,0.0,0.0,0.0,0.0,0.0,0.0,0.0,0.0,0.0,0.0,0.0,0.0,0.0,0.0,0.0,0.0,0.0,0.0,0.0,0.0,0.0,0.0,0.0,0.0,0.0,0.0,0.0,0.0,0.0,0.0,0.0,0.0,0.0,0.0,0.0,0.0,0.0,0.0,0.0,0.0,0.0,0.0,0.0,0.0,0.0,0.0,0.0,0.0,0.0,0.0,0.0,0.0,0.0,0.0,0.0,0.0,0.0,0.0,0.0,0.0,0.0,0.0,0.0,0.0,0.0,0.0,0.0,0.0,0.0,0.0,0.0,0.0,0.0,0.0,0.0,0.0,0.0,0.0,0.0,0.0,0.0,0.0,0.0,0.0,0.0,0.0,0.0,0.0,0.0
162,3,JL,cogen_conventional_steam_coal,0.0,0.0,0.0,0.0,0.0,0.0,0.0,0.0,0.0,0.0,0.0,0.0,0.0,0.0,0.0,0.0,0.0,0.0,0.0,0.0,0.0,0.0,0.0,0.0,0.0,0.0,0.0,0.0,0.0,0.0,0.0,0.0,0.0,0.0,0.0,0.0,0.0,0.0,0.0,0.0,0.0,0.0,0.0,0.0,0.0,0.0,0.0,0.0,0.0,0.0,0.0,0.0,0.0,0.0,0.0,0.0,0.0,0.0,0.0,0.0,0.0,0.0,0.0,0.0,0.0,0.0,0.0,0.0,0.0,0.0,0.0,0.0,0.0,0.0,0.0,0.0,0.0,0.0,0.0,0.0,0.0,0.0,0.0,0.0,0.0,0.0,0.0,0.0,0.0,0.0,0.0,0.0,0.0,0.0,0.0,0.0,0.0,0.0,0.0,0.0,0.0,0.0,0.0,0.0,0.0,0.0,0.0,0.0,0.0,0.0,0.0,0.0,0.0,0.0,0.0,0.0,0.0,0.0,0.0,0.0,0.0,0.0,0.0,0.0,0.0,0.0,0.0,0.0,0.0,0.0,0.0,0.0,0.0,0.0,0.0,0.0,0.0,0.0,0.0,0.0,0.0,0.0,0.0,0.0,0.0,0.0,0.0,0.0,0.0,0.0,0.0,0.0,0.0,0.0,0.0,0.0,0.0,0.0,0.0,0.0,0.0,0.0,0.0,0.0,0.0,0.0,0.0,0.0
163,3,JL,cogen_conventional_steam_coal,0.0,0.0,0.0,0.0,0.0,0.0,0.0,0.0,0.0,0.0,0.0,0.0,0.0,0.0,0.0,0.0,0.0,0.0,0.0,0.0,0.0,0.0,0.0,0.0,0.0,0.0,0.0,0.0,0.0,0.0,0.0,0.0,0.0,0.0,0.0,0.0,0.0,0.0,0.0,0.0,0.0,0.0,0.0,0.0,0.0,0.0,0.0,0.0,0.0,0.0,0.0,0.0,0.0,0.0,0.0,0.0,0.0,0.0,0.0,0.0,0.0,0.0,0.0,0.0,0.0,0.0,0.0,0.0,0.0,0.0,0.0,0.0,0.0,0.0,0.0,0.0,0.0,0.0,0.0,0.0,0.0,0.0,0.0,0.0,0.0,0.0,0.0,0.0,0.0,0.0,0.0,0.0,0.0,0.0,0.0,0.0,0.0,0.0,0.0,0.0,0.0,0.0,0.0,0.0,0.0,0.0,0.0,0.0,0.0,0.0,0.0,0.0,0.0,0.0,0.0,0.0,0.0,0.0,0.0,0.0,0.0,0.0,0.0,0.0,0.0,0.0,0.0,0.0,0.0,0.0,0.0,0.0,0.0,0.0,0.0,0.0,0.0,0.0,0.0,0.0,0.0,0.0,0.0,0.0,0.0,0.0,0.0,0.0,0.0,0.0,0.0,0.0,0.0,0.0,0.0,0.0,0.0,0.0,0.0,0.0,0.0,0.0,0.0,0.0,0.0,0.0,0.0,0.0
164,3,JL,cogen_conventional_steam_coal,0.0,0.0,0.0,0.0,0.0,0.0,0.0,0.0,0.0,0.0,0.0,0.0,0.0,0.0,0.0,0.0,0.0,0.0,0.0,0.0,0.0,0.0,0.0,0.0,0.0,0.0,0.0,0.0,0.0,0.0,0.0,0.0,0.0,0.0,0.0,0.0,0.0,0.0,0.0,0.0,0.0,0.0,0.0,0.0,0.0,0.0,0.0,0.0,0.0,0.0,0.0,0.0,0.0,0.0,0.0,0.0,0.0,0.0,0.0,0.0,0.0,0.0,0.0,0.0,0.0,0.0,0.0,0.0,0.0,0.0,0.0,0.0,0.0,0.0,0.0,0.0,0.0,0.0,0.0,0.0,0.0,0.0,0.0,0.0,0.0,0.0,0.0,0.0,0.0,0.0,0.0,0.0,0.0,0.0,0.0,0.0,0.0,0.0,0.0,0.0,0.0,0.0,0.0,0.0,0.0,0.0,0.0,0.0,0.0,0.0,0.0,0.0,0.0,0.0,0.0,0.0,0.0,0.0,0.0,0.0,0.0,0.0,0.0,0.0,0.0,0.0,0.0,0.0,0.0,0.0,0.0,0.0,0.0,0.0,0.0,0.0,0.0,0.0,0.0,0.0,0.0,0.0,0.0,0.0,0.0,0.0,0.0,0.0,0.0,0.0,0.0,0.0,0.0,0.0,0.0,0.0,0.0,0.0,0.0,0.0,0.0,0.0,0.0,0.0,0.0,0.0,0.0,0.0
165,3,JL,conventional_steam_coal,0.0,0.0,0.0,0.0,0.0,0.0,0.0,0.0,0.0,0.0,0.0,0.0,0.0,0.0,0.0,0.0,0.0,0.0,0.0,0.0,0.0,0.0,0.0,0.0,0.0,0.0,0.0,0.0,0.0,0.0,0.0,0.0,0.0,0.0,0.0,0.0,0.0,0.0,0.0,0.0,0.0,0.0,0.0,0.0,0.0,0.0,0.0,0.0,0.0,0.0,0.0,0.0,0.0,0.0,0.0,0.0,0.0,0.0,0.0,0.0,0.0,0.0,0.0,0.0,0.0,0.0,0.0,0.0,0.0,0.0,0.0,0.0,0.0,0.0,0.0,0.0,0.0,0.0,0.0,0.0,0.0,0.0,0.0,0.0,0.0,0.0,0.0,0.0,0.0,0.0,0.0,0.0,0.0,0.0,0.0,0.0,0.0,0.0,0.0,0.0,0.0,0.0,0.0,0.0,0.0,0.0,0.0,0.0,0.0,0.0,0.0,0.0,0.0,0.0,0.0,0.0,0.0,0.0,0.0,0.0,0.0,0.0,0.0,0.0,0.0,0.0,0.0,0.0,0.0,0.0,0.0,0.0,0.0,0.0,0.0,0.0,0.0,0.0,0.0,0.0,0.0,0.0,0.0,0.0,0.0,0.0,0.0,0.0,0.0,0.0,0.0,0.0,0.0,0.0,0.0,0.0,0.0,0.0,0.0,0.0,0.0,0.0,0.0,0.0,0.0,0.0,0.0,0.0
166,3,JL,cogen_conventional_steam_coal,0.0,0.0,0.0,0.0,0.0,0.0,0.0,0.0,0.0,0.0,0.0,0.0,0.0,0.0,0.0,0.0,0.0,0.0,0.0,0.0,0.0,0.0,0.0,0.0,0.0,0.0,0.0,0.0,0.0,0.0,0.0,0.0,0.0,0.0,0.0,0.0,0.0,0.0,0.0,0.0,0.0,0.0,0.0,0.0,0.0,0.0,0.0,0.0,0.0,0.0,0.0,0.0,0.0,0.0,0.0,0.0,0.0,0.0,0.0,0.0,0.0,0.0,0.0,0.0,0.0,0.0,0.0,0.0,0.0,0.0,0.0,0.0,0.0,0.0,0.0,0.0,0.0,0.0,0.0,0.0,0.0,0.0,0.0,0.0,0.0,0.0,0.0,0.0,0.0,0.0,0.0,0.0,0.0,0.0,0.0,0.0,0.0,0.0,0.0,0.0,0.0,0.0,0.0,0.0,0.0,0.0,0.0,0.0,0.0,0.0,0.0,0.0,0.0,0.0,0.0,0.0,0.0,0.0,0.0,0.0,0.0,0.0,0.0,0.0,0.0,0.0,0.0,0.0,0.0,0.0,0.0,0.0,0.0,0.0,0.0,0.0,0.0,0.0,0.0,0.0,0.0,0.0,0.0,0.0,0.0,0.0,0.0,0.0,0.0,0.0,0.0,0.0,0.0,0.0,0.0,0.0,0.0,0.0,0.0,0.0,0.0,0.0,0.0,0.0,0.0,0.0,0.0,0.0
167,3,JL,cogen_conventional_steam_coal,0.0,0.0,0.0,0.0,0.0,0.0,0.0,0.0,0.0,0.0,0.0,0.0,0.0,0.0,0.0,0.0,0.0,0.0,0.0,0.0,0.0,0.0,0.0,0.0,0.0,0.0,0.0,0.0,0.0,0.0,0.0,0.0,0.0,0.0,0.0,0.0,0.0,0.0,0.0,0.0,0.0,0.0,0.0,0.0,0.0,0.0,0.0,0.0,0.0,0.0,0.0,0.0,0.0,0.0,0.0,0.0,0.0,0.0,0.0,0.0,0.0,0.0,0.0,0.0,0.0,0.0,0.0,0.0,0.0,0.0,0.0,0.0,0.0,0.0,0.0,0.0,0.0,0.0,0.0,0.0,0.0,0.0,0.0,0.0,0.0,0.0,0.0,0.0,0.0,0.0,0.0,0.0,0.0,0.0,0.0,0.0,0.0,0.0,0.0,0.0,0.0,0.0,0.0,0.0,0.0,0.0,0.0,0.0,0.0,0.0,0.0,0.0,0.0,0.0,0.0,0.0,0.0,0.0,0.0,0.0,0.0,0.0,0.0,0.0,0.0,0.0,0.0,0.0,0.0,0.0,0.0,0.0,0.0,0.0,0.0,0.0,0.0,0.0,0.0,0.0,0.0,0.0,0.0,0.0,0.0,0.0,0.0,0.0,0.0,0.0,0.0,0.0,0.0,0.0,0.0,0.0,0.0,0.0,0.0,0.0,0.0,0.0,0.0,0.0,0.0,0.0,0.0,0.0
168,3,JL,cogen_conventional_steam_coal,0.0,0.0,0.0,0.0,0.0,0.0,0.0,0.0,0.0,0.0,0.0,0.0,0.0,0.0,0.0,0.0,0.0,0.0,0.0,0.0,0.0,0.0,0.0,0.0,0.0,0.0,0.0,0.0,0.0,0.0,0.0,0.0,0.0,0.0,0.0,0.0,0.0,0.0,0.0,0.0,0.0,0.0,0.0,0.0,0.0,0.0,0.0,0.0,0.0,0.0,0.0,0.0,0.0,0.0,0.0,0.0,0.0,0.0,0.0,0.0,0.0,0.0,0.0,0.0,0.0,0.0,0.0,0.0,0.0,0.0,0.0,0.0,0.0,0.0,0.0,0.0,0.0,0.0,0.0,0.0,0.0,0.0,0.0,0.0,0.0,0.0,0.0,0.0,0.0,0.0,0.0,0.0,0.0,0.0,0.0,0.0,0.0,0.0,0.0,0.0,0.0,0.0,0.0,0.0,0.0,0.0,0.0,0.0,0.0,0.0,0.0,0.0,0.0,0.0,0.0,0.0,0.0,0.0,0.0,0.0,0.0,0.0,0.0,0.0,0.0,0.0,0.0,0.0,0.0,0.0,0.0,0.0,0.0,0.0,0.0,0.0,0.0,0.0,0.0,0.0,0.0,0.0,0.0,0.0,0.0,0.0,0.0,0.0,0.0,0.0,0.0,0.0,0.0,0.0,0.0,0.0,0.0,0.0,0.0,0.0,0.0,0.0,0.0,0.0,0.0,0.0,0.0,0.0
169,3,JL,cogen_conventional_steam_coal,0.0,0.0,0.0,0.0,0.0,0.0,0.0,0.0,0.0,0.0,0.0,0.0,0.0,0.0,0.0,0.0,0.0,0.0,0.0,0.0,0.0,0.0,0.0,0.0,0.0,0.0,0.0,0.0,0.0,0.0,0.0,0.0,0.0,0.0,0.0,0.0,0.0,0.0,0.0,0.0,0.0,0.0,0.0,0.0,0.0,0.0,0.0,0.0,0.0,0.0,0.0,0.0,0.0,0.0,0.0,0.0,0.0,0.0,0.0,0.0,0.0,0.0,0.0,0.0,0.0,0.0,0.0,0.0,0.0,0.0,0.0,0.0,0.0,0.0,0.0,0.0,0.0,0.0,0.0,0.0,0.0,0.0,0.0,0.0,0.0,0.0,0.0,0.0,0.0,0.0,0.0,0.0,0.0,0.0,0.0,0.0,0.0,0.0,0.0,0.0,0.0,0.0,0.0,0.0,0.0,0.0,0.0,0.0,0.0,0.0,0.0,0.0,0.0,0.0,0.0,0.0,0.0,0.0,0.0,0.0,0.0,0.0,0.0,0.0,0.0,0.0,0.0,0.0,0.0,0.0,0.0,0.0,0.0,0.0,0.0,0.0,0.0,0.0,0.0,0.0,0.0,0.0,0.0,0.0,0.0,0.0,0.0,0.0,0.0,0.0,0.0,0.0,0.0,0.0,0.0,0.0,0.0,0.0,0.0,0.0,0.0,0.0,0.0,0.0,0.0,0.0,0.0,0.0
170,3,JL,cogen_conventional_steam_coal,0.0,0.0,0.0,0.0,0.0,0.0,0.0,0.0,0.0,0.0,0.0,0.0,0.0,0.0,0.0,0.0,0.0,0.0,0.0,0.0,0.0,0.0,0.0,0.0,0.0,0.0,0.0,0.0,0.0,0.0,0.0,0.0,0.0,0.0,0.0,0.0,0.0,0.0,0.0,0.0,0.0,0.0,0.0,0.0,0.0,0.0,0.0,0.0,0.0,0.0,0.0,0.0,0.0,0.0,0.0,0.0,0.0,0.0,0.0,0.0,0.0,0.0,0.0,0.0,0.0,0.0,0.0,0.0,0.0,0.0,0.0,0.0,0.0,0.0,0.0,0.0,0.0,0.0,0.0,0.0,0.0,0.0,0.0,0.0,0.0,0.0,0.0,0.0,0.0,0.0,0.0,0.0,0.0,0.0,0.0,0.0,0.0,0.0,0.0,0.0,0.0,0.0,0.0,0.0,0.0,0.0,0.0,0.0,0.0,0.0,0.0,0.0,0.0,0.0,0.0,0.0,0.0,0.0,0.0,0.0,0.0,0.0,0.0,0.0,0.0,0.0,0.0,0.0,0.0,0.0,0.0,0.0,0.0,0.0,0.0,0.0,0.0,0.0,0.0,0.0,0.0,0.0,0.0,0.0,0.0,0.0,0.0,0.0,0.0,0.0,0.0,0.0,0.0,0.0,0.0,0.0,0.0,0.0,0.0,0.0,0.0,0.0,0.0,0.0,0.0,0.0,0.0,0.0
171,3,JL,cogen_conventional_steam_coal,0.0,0.0,0.0,0.0,0.0,0.0,0.0,0.0,0.0,0.0,0.0,0.0,0.0,0.0,0.0,0.0,0.0,0.0,0.0,0.0,0.0,0.0,0.0,0.0,0.0,0.0,0.0,0.0,0.0,0.0,0.0,0.0,0.0,0.0,0.0,0.0,0.0,0.0,0.0,0.0,0.0,0.0,0.0,0.0,0.0,0.0,0.0,0.0,0.0,0.0,0.0,0.0,0.0,0.0,0.0,0.0,0.0,0.0,0.0,0.0,0.0,0.0,0.0,0.0,0.0,0.0,0.0,0.0,0.0,0.0,0.0,0.0,0.0,0.0,0.0,0.0,0.0,0.0,0.0,0.0,0.0,0.0,0.0,0.0,0.0,0.0,0.0,0.0,0.0,0.0,0.0,0.0,0.0,0.0,0.0,0.0,0.0,0.0,0.0,0.0,0.0,0.0,0.0,0.0,0.0,0.0,0.0,0.0,0.0,0.0,0.0,0.0,0.0,0.0,0.0,0.0,0.0,0.0,0.0,0.0,0.0,0.0,0.0,0.0,0.0,0.0,0.0,0.0,0.0,0.0,0.0,0.0,0.0,0.0,0.0,0.0,0.0,0.0,0.0,0.0,0.0,0.0,0.0,0.0,0.0,0.0,0.0,0.0,0.0,0.0,0.0,0.0,0.0,0.0,0.0,0.0,0.0,0.0,0.0,0.0,0.0,0.0,0.0,0.0,0.0,0.0,0.0,0.0
172,3,JL,cogen_conventional_steam_coal,0.0,0.0,0.0,0.0,0.0,0.0,0.0,0.0,0.0,0.0,0.0,0.0,0.0,0.0,0.0,0.0,0.0,0.0,0.0,0.0,0.0,0.0,0.0,0.0,0.0,0.0,0.0,0.0,0.0,0.0,0.0,0.0,0.0,0.0,0.0,0.0,0.0,0.0,0.0,0.0,0.0,0.0,0.0,0.0,0.0,0.0,0.0,0.0,0.0,0.0,0.0,0.0,0.0,0.0,0.0,0.0,0.0,0.0,0.0,0.0,0.0,0.0,0.0,0.0,0.0,0.0,0.0,0.0,0.0,0.0,0.0,0.0,0.0,0.0,0.0,0.0,0.0,0.0,0.0,0.0,0.0,0.0,0.0,0.0,0.0,0.0,0.0,0.0,0.0,0.0,0.0,0.0,0.0,0.0,0.0,0.0,0.0,0.0,0.0,0.0,0.0,0.0,0.0,0.0,0.0,0.0,0.0,0.0,0.0,0.0,0.0,0.0,0.0,0.0,0.0,0.0,0.0,0.0,0.0,0.0,0.0,0.0,0.0,0.0,0.0,0.0,0.0,0.0,0.0,0.0,0.0,0.0,0.0,0.0,0.0,0.0,0.0,0.0,0.0,0.0,0.0,0.0,0.0,0.0,0.0,0.0,0.0,0.0,0.0,0.0,0.0,0.0,0.0,0.0,0.0,0.0,0.0,0.0,0.0,0.0,0.0,0.0,0.0,0.0,0.0,0.0,0.0,0.0
173,3,JL,cogen_conventional_steam_coal,0.0,0.0,0.0,0.0,0.0,0.0,0.0,0.0,0.0,0.0,0.0,0.0,0.0,0.0,0.0,0.0,0.0,0.0,0.0,0.0,0.0,0.0,0.0,0.0,0.0,0.0,0.0,0.0,0.0,0.0,0.0,0.0,0.0,0.0,0.0,0.0,0.0,0.0,0.0,0.0,0.0,0.0,0.0,0.0,0.0,0.0,0.0,0.0,0.0,0.0,0.0,0.0,0.0,0.0,0.0,0.0,0.0,0.0,0.0,0.0,0.0,0.0,0.0,0.0,0.0,0.0,0.0,0.0,0.0,0.0,0.0,0.0,0.0,0.0,0.0,0.0,0.0,0.0,0.0,0.0,0.0,0.0,0.0,0.0,0.0,0.0,0.0,0.0,0.0,0.0,0.0,0.0,0.0,0.0,0.0,0.0,0.0,0.0,0.0,0.0,0.0,0.0,0.0,0.0,0.0,0.0,0.0,0.0,0.0,0.0,0.0,0.0,0.0,0.0,0.0,0.0,0.0,0.0,0.0,0.0,0.0,0.0,0.0,0.0,0.0,0.0,0.0,0.0,0.0,0.0,0.0,0.0,0.0,0.0,0.0,0.0,0.0,0.0,0.0,0.0,0.0,0.0,0.0,0.0,0.0,0.0,0.0,0.0,0.0,0.0,0.0,0.0,0.0,0.0,0.0,0.0,0.0,0.0,0.0,0.0,0.0,0.0,0.0,0.0,0.0,0.0,0.0,0.0
174,3,JL,cogen_conventional_steam_coal,0.0,0.0,0.0,0.0,0.0,0.0,0.0,0.0,0.0,0.0,0.0,0.0,0.0,0.0,0.0,0.0,0.0,0.0,0.0,0.0,0.0,0.0,0.0,0.0,0.0,0.0,0.0,0.0,0.0,0.0,0.0,0.0,0.0,0.0,0.0,0.0,0.0,0.0,0.0,0.0,0.0,0.0,0.0,0.0,0.0,0.0,0.0,0.0,0.0,0.0,0.0,0.0,0.0,0.0,0.0,0.0,0.0,0.0,0.0,0.0,0.0,0.0,0.0,0.0,0.0,0.0,0.0,0.0,0.0,0.0,0.0,0.0,0.0,0.0,0.0,0.0,0.0,0.0,0.0,0.0,0.0,0.0,0.0,0.0,0.0,0.0,0.0,0.0,0.0,0.0,0.0,0.0,0.0,0.0,0.0,0.0,0.0,0.0,0.0,0.0,0.0,0.0,0.0,0.0,0.0,0.0,0.0,0.0,0.0,0.0,0.0,0.0,0.0,0.0,0.0,0.0,0.0,0.0,0.0,0.0,0.0,0.0,0.0,0.0,0.0,0.0,0.0,0.0,0.0,0.0,0.0,0.0,0.0,0.0,0.0,0.0,0.0,0.0,0.0,0.0,0.0,0.0,0.0,0.0,0.0,0.0,0.0,0.0,0.0,0.0,0.0,0.0,0.0,0.0,0.0,0.0,0.0,0.0,0.0,0.0,0.0,0.0,0.0,0.0,0.0,0.0,0.0,0.0
175,3,JL,cogen_conventional_steam_coal,0.0,0.0,0.0,0.0,0.0,0.0,0.0,0.0,0.0,0.0,0.0,0.0,0.0,0.0,0.0,0.0,0.0,0.0,0.0,0.0,0.0,0.0,0.0,0.0,0.0,0.0,0.0,0.0,0.0,0.0,0.0,0.0,0.0,0.0,0.0,0.0,0.0,0.0,0.0,0.0,0.0,0.0,0.0,0.0,0.0,0.0,0.0,0.0,0.0,0.0,0.0,0.0,0.0,0.0,0.0,0.0,0.0,0.0,0.0,0.0,0.0,0.0,0.0,0.0,0.0,0.0,0.0,0.0,0.0,0.0,0.0,0.0,0.0,0.0,0.0,0.0,0.0,0.0,0.0,0.0,0.0,0.0,0.0,0.0,0.0,0.0,0.0,0.0,0.0,0.0,0.0,0.0,0.0,0.0,0.0,0.0,0.0,0.0,0.0,0.0,0.0,0.0,0.0,0.0,0.0,0.0,0.0,0.0,0.0,0.0,0.0,0.0,0.0,0.0,0.0,0.0,0.0,0.0,0.0,0.0,0.0,0.0,0.0,0.0,0.0,0.0,0.0,0.0,0.0,0.0,0.0,0.0,0.0,0.0,0.0,0.0,0.0,0.0,0.0,0.0,0.0,0.0,0.0,0.0,0.0,0.0,0.0,0.0,0.0,0.0,0.0,0.0,0.0,0.0,0.0,0.0,0.0,0.0,0.0,0.0,0.0,0.0,0.0,0.0,0.0,0.0,0.0,0.0
176,3,JL,cogen_conventional_steam_coal,0.0,0.0,0.0,0.0,0.0,0.0,0.0,0.0,0.0,0.0,0.0,0.0,0.0,0.0,0.0,0.0,0.0,0.0,0.0,0.0,0.0,0.0,0.0,0.0,0.0,0.0,0.0,0.0,0.0,0.0,0.0,0.0,0.0,0.0,0.0,0.0,0.0,0.0,0.0,0.0,0.0,0.0,0.0,0.0,0.0,0.0,0.0,0.0,0.0,0.0,0.0,0.0,0.0,0.0,0.0,0.0,0.0,0.0,0.0,0.0,0.0,0.0,0.0,0.0,0.0,0.0,0.0,0.0,0.0,0.0,0.0,0.0,0.0,0.0,0.0,0.0,0.0,0.0,0.0,0.0,0.0,0.0,0.0,0.0,0.0,0.0,0.0,0.0,0.0,0.0,0.0,0.0,0.0,0.0,0.0,0.0,0.0,0.0,0.0,0.0,0.0,0.0,0.0,0.0,0.0,0.0,0.0,0.0,0.0,0.0,0.0,0.0,0.0,0.0,0.0,0.0,0.0,0.0,0.0,0.0,0.0,0.0,0.0,0.0,0.0,0.0,0.0,0.0,0.0,0.0,0.0,0.0,0.0,0.0,0.0,0.0,0.0,0.0,0.0,0.0,0.0,0.0,0.0,0.0,0.0,0.0,0.0,0.0,0.0,0.0,0.0,0.0,0.0,0.0,0.0,0.0,0.0,0.0,0.0,0.0,0.0,0.0,0.0,0.0,0.0,0.0,0.0,0.0
177,3,JL,cogen_conventional_steam_coal,0.0,0.0,0.0,0.0,0.0,0.0,0.0,0.0,0.0,0.0,0.0,0.0,0.0,0.0,0.0,0.0,0.0,0.0,0.0,0.0,0.0,0.0,0.0,0.0,0.0,0.0,0.0,0.0,0.0,0.0,0.0,0.0,0.0,0.0,0.0,0.0,0.0,0.0,0.0,0.0,0.0,0.0,0.0,0.0,0.0,0.0,0.0,0.0,0.0,0.0,0.0,0.0,0.0,0.0,0.0,0.0,0.0,0.0,0.0,0.0,0.0,0.0,0.0,0.0,0.0,0.0,0.0,0.0,0.0,0.0,0.0,0.0,0.0,0.0,0.0,0.0,0.0,0.0,0.0,0.0,0.0,0.0,0.0,0.0,0.0,0.0,0.0,0.0,0.0,0.0,0.0,0.0,0.0,0.0,0.0,0.0,0.0,0.0,0.0,0.0,0.0,0.0,0.0,0.0,0.0,0.0,0.0,0.0,0.0,0.0,0.0,0.0,0.0,0.0,0.0,0.0,0.0,0.0,0.0,0.0,0.0,0.0,0.0,0.0,0.0,0.0,0.0,0.0,0.0,0.0,0.0,0.0,0.0,0.0,0.0,0.0,0.0,0.0,0.0,0.0,0.0,0.0,0.0,0.0,0.0,0.0,0.0,0.0,0.0,0.0,0.0,0.0,0.0,0.0,0.0,0.0,0.0,0.0,0.0,0.0,0.0,0.0,0.0,0.0,0.0,0.0,0.0,0.0
178,3,JL,cogen_conventional_steam_coal,0.0,0.0,0.0,0.0,0.0,0.0,0.0,0.0,0.0,0.0,0.0,0.0,0.0,0.0,0.0,0.0,0.0,0.0,0.0,0.0,0.0,0.0,0.0,0.0,0.0,0.0,0.0,0.0,0.0,0.0,0.0,0.0,0.0,0.0,0.0,0.0,0.0,0.0,0.0,0.0,0.0,0.0,0.0,0.0,0.0,0.0,0.0,0.0,0.0,0.0,0.0,0.0,0.0,0.0,0.0,0.0,0.0,0.0,0.0,0.0,0.0,0.0,0.0,0.0,0.0,0.0,0.0,0.0,0.0,0.0,0.0,0.0,0.0,0.0,0.0,0.0,0.0,0.0,0.0,0.0,0.0,0.0,0.0,0.0,0.0,0.0,0.0,0.0,0.0,0.0,0.0,0.0,0.0,0.0,0.0,0.0,0.0,0.0,0.0,0.0,0.0,0.0,0.0,0.0,0.0,0.0,0.0,0.0,0.0,0.0,0.0,0.0,0.0,0.0,0.0,0.0,0.0,0.0,0.0,0.0,0.0,0.0,0.0,0.0,0.0,0.0,0.0,0.0,0.0,0.0,0.0,0.0,0.0,0.0,0.0,0.0,0.0,0.0,0.0,0.0,0.0,0.0,0.0,0.0,0.0,0.0,0.0,0.0,0.0,0.0,0.0,0.0,0.0,0.0,0.0,0.0,0.0,0.0,0.0,0.0,0.0,0.0,0.0,0.0,0.0,0.0,0.0,0.0
179,3,JL,cogen_conventional_steam_coal,0.0,0.0,0.0,0.0,0.0,0.0,0.0,0.0,0.0,0.0,0.0,0.0,0.0,0.0,0.0,0.0,0.0,0.0,0.0,0.0,0.0,0.0,0.0,0.0,0.0,0.0,0.0,0.0,0.0,0.0,0.0,0.0,0.0,0.0,0.0,0.0,0.0,0.0,0.0,0.0,0.0,0.0,0.0,0.0,0.0,0.0,0.0,0.0,0.0,0.0,0.0,0.0,0.0,0.0,0.0,0.0,0.0,0.0,0.0,0.0,0.0,0.0,0.0,0.0,0.0,0.0,0.0,0.0,0.0,0.0,0.0,0.0,0.0,0.0,0.0,0.0,0.0,0.0,0.0,0.0,0.0,0.0,0.0,0.0,0.0,0.0,0.0,0.0,0.0,0.0,0.0,0.0,0.0,0.0,0.0,0.0,0.0,0.0,0.0,0.0,0.0,0.0,0.0,0.0,0.0,0.0,0.0,0.0,0.0,0.0,0.0,0.0,0.0,0.0,0.0,0.0,0.0,0.0,0.0,0.0,0.0,0.0,0.0,0.0,0.0,0.0,0.0,0.0,0.0,0.0,0.0,0.0,0.0,0.0,0.0,0.0,0.0,0.0,0.0,0.0,0.0,0.0,0.0,0.0,0.0,0.0,0.0,0.0,0.0,0.0,0.0,0.0,0.0,0.0,0.0,0.0,0.0,0.0,0.0,0.0,0.0,0.0,0.0,0.0,0.0,0.0,0.0,0.0
180,3,JL,cogen_conventional_steam_coal,0.0,0.0,0.0,0.0,0.0,0.0,0.0,0.0,0.0,0.0,0.0,0.0,0.0,0.0,0.0,0.0,0.0,0.0,0.0,0.0,0.0,0.0,0.0,0.0,0.0,0.0,0.0,0.0,0.0,0.0,0.0,0.0,0.0,0.0,0.0,0.0,0.0,0.0,0.0,0.0,0.0,0.0,0.0,0.0,0.0,0.0,0.0,0.0,0.0,0.0,0.0,0.0,0.0,0.0,0.0,0.0,0.0,0.0,0.0,0.0,0.0,0.0,0.0,0.0,0.0,0.0,0.0,0.0,0.0,0.0,0.0,0.0,0.0,0.0,0.0,0.0,0.0,0.0,0.0,0.0,0.0,0.0,0.0,0.0,0.0,0.0,0.0,0.0,0.0,0.0,0.0,0.0,0.0,0.0,0.0,0.0,0.0,0.0,0.0,0.0,0.0,0.0,0.0,0.0,0.0,0.0,0.0,0.0,0.0,0.0,0.0,0.0,0.0,0.0,0.0,0.0,0.0,0.0,0.0,0.0,0.0,0.0,0.0,0.0,0.0,0.0,0.0,0.0,0.0,0.0,0.0,0.0,0.0,0.0,0.0,0.0,0.0,0.0,0.0,0.0,0.0,0.0,0.0,0.0,0.0,0.0,0.0,0.0,0.0,0.0,0.0,0.0,0.0,0.0,0.0,0.0,0.0,0.0,0.0,0.0,0.0,0.0,0.0,0.0,0.0,0.0,0.0,0.0
181,3,JL,cogen_conventional_steam_coal,0.0,0.0,0.0,0.0,0.0,0.0,0.0,0.0,0.0,0.0,0.0,0.0,0.0,0.0,0.0,0.0,0.0,0.0,0.0,0.0,0.0,0.0,0.0,0.0,0.0,0.0,0.0,0.0,0.0,0.0,0.0,0.0,0.0,0.0,0.0,0.0,0.0,0.0,0.0,0.0,0.0,0.0,0.0,0.0,0.0,0.0,0.0,0.0,0.0,0.0,0.0,0.0,0.0,0.0,0.0,0.0,0.0,0.0,0.0,0.0,0.0,0.0,0.0,0.0,0.0,0.0,0.0,0.0,0.0,0.0,0.0,0.0,0.0,0.0,0.0,0.0,0.0,0.0,0.0,0.0,0.0,0.0,0.0,0.0,0.0,0.0,0.0,0.0,0.0,0.0,0.0,0.0,0.0,0.0,0.0,0.0,0.0,0.0,0.0,0.0,0.0,0.0,0.0,0.0,0.0,0.0,0.0,0.0,0.0,0.0,0.0,0.0,0.0,0.0,0.0,0.0,0.0,0.0,0.0,0.0,0.0,0.0,0.0,0.0,0.0,0.0,0.0,0.0,0.0,0.0,0.0,0.0,0.0,0.0,0.0,0.0,0.0,0.0,0.0,0.0,0.0,0.0,0.0,0.0,0.0,0.0,0.0,0.0,0.0,0.0,0.0,0.0,0.0,0.0,0.0,0.0,0.0,0.0,0.0,0.0,0.0,0.0,0.0,0.0,0.0,0.0,0.0,0.0
182,3,JL,cogen_conventional_steam_coal,0.0,0.0,0.0,0.0,0.0,0.0,0.0,0.0,0.0,0.0,0.0,0.0,0.0,0.0,0.0,0.0,0.0,0.0,0.0,0.0,0.0,0.0,0.0,0.0,0.0,0.0,0.0,0.0,0.0,0.0,0.0,0.0,0.0,0.0,0.0,0.0,0.0,0.0,0.0,0.0,0.0,0.0,0.0,0.0,0.0,0.0,0.0,0.0,0.0,0.0,0.0,0.0,0.0,0.0,0.0,0.0,0.0,0.0,0.0,0.0,0.0,0.0,0.0,0.0,0.0,0.0,0.0,0.0,0.0,0.0,0.0,0.0,0.0,0.0,0.0,0.0,0.0,0.0,0.0,0.0,0.0,0.0,0.0,0.0,0.0,0.0,0.0,0.0,0.0,0.0,0.0,0.0,0.0,0.0,0.0,0.0,0.0,0.0,0.0,0.0,0.0,0.0,0.0,0.0,0.0,0.0,0.0,0.0,0.0,0.0,0.0,0.0,0.0,0.0,0.0,0.0,0.0,0.0,0.0,0.0,0.0,0.0,0.0,0.0,0.0,0.0,0.0,0.0,0.0,0.0,0.0,0.0,0.0,0.0,0.0,0.0,0.0,0.0,0.0,0.0,0.0,0.0,0.0,0.0,0.0,0.0,0.0,0.0,0.0,0.0,0.0,0.0,0.0,0.0,0.0,0.0,0.0,0.0,0.0,0.0,0.0,0.0,0.0,0.0,0.0,0.0,0.0,0.0
183,3,JL,cogen_conventional_steam_coal,0.0,0.0,0.0,0.0,0.0,0.0,0.0,0.0,0.0,0.0,0.0,0.0,0.0,0.0,0.0,0.0,0.0,0.0,0.0,0.0,0.0,0.0,0.0,0.0,0.0,0.0,0.0,0.0,0.0,0.0,0.0,0.0,0.0,0.0,0.0,0.0,0.0,0.0,0.0,0.0,0.0,0.0,0.0,0.0,0.0,0.0,0.0,0.0,0.0,0.0,0.0,0.0,0.0,0.0,0.0,0.0,0.0,0.0,0.0,0.0,0.0,0.0,0.0,0.0,0.0,0.0,0.0,0.0,0.0,0.0,0.0,0.0,0.0,0.0,0.0,0.0,0.0,0.0,0.0,0.0,0.0,0.0,0.0,0.0,0.0,0.0,0.0,0.0,0.0,0.0,0.0,0.0,0.0,0.0,0.0,0.0,0.0,0.0,0.0,0.0,0.0,0.0,0.0,0.0,0.0,0.0,0.0,0.0,0.0,0.0,0.0,0.0,0.0,0.0,0.0,0.0,0.0,0.0,0.0,0.0,0.0,0.0,0.0,0.0,0.0,0.0,0.0,0.0,0.0,0.0,0.0,0.0,0.0,0.0,0.0,0.0,0.0,0.0,0.0,0.0,0.0,0.0,0.0,0.0,0.0,0.0,0.0,0.0,0.0,0.0,0.0,0.0,0.0,0.0,0.0,0.0,0.0,0.0,0.0,0.0,0.0,0.0,0.0,0.0,0.0,0.0,0.0,0.0
184,3,JL,cogen_conventional_steam_coal,0.0,0.0,0.0,0.0,0.0,0.0,0.0,0.0,0.0,0.0,0.0,0.0,0.0,0.0,0.0,0.0,0.0,0.0,0.0,0.0,0.0,0.0,0.0,0.0,0.0,0.0,0.0,0.0,0.0,0.0,0.0,0.0,0.0,0.0,0.0,0.0,0.0,0.0,0.0,0.0,0.0,0.0,0.0,0.0,0.0,0.0,0.0,0.0,0.0,0.0,0.0,0.0,0.0,0.0,0.0,0.0,0.0,0.0,0.0,0.0,0.0,0.0,0.0,0.0,0.0,0.0,0.0,0.0,0.0,0.0,0.0,0.0,0.0,0.0,0.0,0.0,0.0,0.0,0.0,0.0,0.0,0.0,0.0,0.0,0.0,0.0,0.0,0.0,0.0,0.0,0.0,0.0,0.0,0.0,0.0,0.0,0.0,0.0,0.0,0.0,0.0,0.0,0.0,0.0,0.0,0.0,0.0,0.0,0.0,0.0,0.0,0.0,0.0,0.0,0.0,0.0,0.0,0.0,0.0,0.0,0.0,0.0,0.0,0.0,0.0,0.0,0.0,0.0,0.0,0.0,0.0,0.0,0.0,0.0,0.0,0.0,0.0,0.0,0.0,0.0,0.0,0.0,0.0,0.0,0.0,0.0,0.0,0.0,0.0,0.0,0.0,0.0,0.0,0.0,0.0,0.0,0.0,0.0,0.0,0.0,0.0,0.0,0.0,0.0,0.0,0.0,0.0,0.0
185,3,JL,cogen_conventional_steam_coal,0.0,0.0,0.0,0.0,0.0,0.0,0.0,0.0,0.0,0.0,0.0,0.0,0.0,0.0,0.0,0.0,0.0,0.0,0.0,0.0,0.0,0.0,0.0,0.0,0.0,0.0,0.0,0.0,0.0,0.0,0.0,0.0,0.0,0.0,0.0,0.0,0.0,0.0,0.0,0.0,0.0,0.0,0.0,0.0,0.0,0.0,0.0,0.0,0.0,0.0,0.0,0.0,0.0,0.0,0.0,0.0,0.0,0.0,0.0,0.0,0.0,0.0,0.0,0.0,0.0,0.0,0.0,0.0,0.0,0.0,0.0,0.0,0.0,0.0,0.0,0.0,0.0,0.0,0.0,0.0,0.0,0.0,0.0,0.0,0.0,0.0,0.0,0.0,0.0,0.0,0.0,0.0,0.0,0.0,0.0,0.0,0.0,0.0,0.0,0.0,0.0,0.0,0.0,0.0,0.0,0.0,0.0,0.0,0.0,0.0,0.0,0.0,0.0,0.0,0.0,0.0,0.0,0.0,0.0,0.0,0.0,0.0,0.0,0.0,0.0,0.0,0.0,0.0,0.0,0.0,0.0,0.0,0.0,0.0,0.0,0.0,0.0,0.0,0.0,0.0,0.0,0.0,0.0,0.0,0.0,0.0,0.0,0.0,0.0,0.0,0.0,0.0,0.0,0.0,0.0,0.0,0.0,0.0,0.0,0.0,0.0,0.0,0.0,0.0,0.0,0.0,0.0,0.0
186,3,JL,cogen_conventional_steam_coal,0.0,0.0,0.0,0.0,0.0,0.0,0.0,0.0,0.0,0.0,0.0,0.0,0.0,0.0,0.0,0.0,0.0,0.0,0.0,0.0,0.0,0.0,0.0,0.0,0.0,0.0,0.0,0.0,0.0,0.0,0.0,0.0,0.0,0.0,0.0,0.0,0.0,0.0,0.0,0.0,0.0,0.0,0.0,0.0,0.0,0.0,0.0,0.0,0.0,0.0,0.0,0.0,0.0,0.0,0.0,0.0,0.0,0.0,0.0,0.0,0.0,0.0,0.0,0.0,0.0,0.0,0.0,0.0,0.0,0.0,0.0,0.0,0.0,0.0,0.0,0.0,0.0,0.0,0.0,0.0,0.0,0.0,0.0,0.0,0.0,0.0,0.0,0.0,0.0,0.0,0.0,0.0,0.0,0.0,0.0,0.0,0.0,0.0,0.0,0.0,0.0,0.0,0.0,0.0,0.0,0.0,0.0,0.0,0.0,0.0,0.0,0.0,0.0,0.0,0.0,0.0,0.0,0.0,0.0,0.0,0.0,0.0,0.0,0.0,0.0,0.0,0.0,0.0,0.0,0.0,0.0,0.0,0.0,0.0,0.0,0.0,0.0,0.0,0.0,0.0,0.0,0.0,0.0,0.0,0.0,0.0,0.0,0.0,0.0,0.0,0.0,0.0,0.0,0.0,0.0,0.0,0.0,0.0,0.0,0.0,0.0,0.0,0.0,0.0,0.0,0.0,0.0,0.0
187,3,JL,cogen_conventional_steam_coal,0.0,0.0,0.0,0.0,0.0,0.0,0.0,0.0,0.0,0.0,0.0,0.0,0.0,0.0,0.0,0.0,0.0,0.0,0.0,0.0,0.0,0.0,0.0,0.0,0.0,0.0,0.0,0.0,0.0,0.0,0.0,0.0,0.0,0.0,0.0,0.0,0.0,0.0,0.0,0.0,0.0,0.0,0.0,0.0,0.0,0.0,0.0,0.0,0.0,0.0,0.0,0.0,0.0,0.0,0.0,0.0,0.0,0.0,0.0,0.0,0.0,0.0,0.0,0.0,0.0,0.0,0.0,0.0,0.0,0.0,0.0,0.0,0.0,0.0,0.0,0.0,0.0,0.0,0.0,0.0,0.0,0.0,0.0,0.0,0.0,0.0,0.0,0.0,0.0,0.0,0.0,0.0,0.0,0.0,0.0,0.0,0.0,0.0,0.0,0.0,0.0,0.0,0.0,0.0,0.0,0.0,0.0,0.0,0.0,0.0,0.0,0.0,0.0,0.0,0.0,0.0,0.0,0.0,0.0,0.0,0.0,0.0,0.0,0.0,0.0,0.0,0.0,0.0,0.0,0.0,0.0,0.0,0.0,0.0,0.0,0.0,0.0,0.0,0.0,0.0,0.0,0.0,0.0,0.0,0.0,0.0,0.0,0.0,0.0,0.0,0.0,0.0,0.0,0.0,0.0,0.0,0.0,0.0,0.0,0.0,0.0,0.0,0.0,0.0,0.0,0.0,0.0,0.0
188,3,JL,cogen_conventional_steam_coal,0.0,0.0,0.0,0.0,0.0,0.0,0.0,0.0,0.0,0.0,0.0,0.0,0.0,0.0,0.0,0.0,0.0,0.0,0.0,0.0,0.0,0.0,0.0,0.0,0.0,0.0,0.0,0.0,0.0,0.0,0.0,0.0,0.0,0.0,0.0,0.0,0.0,0.0,0.0,0.0,0.0,0.0,0.0,0.0,0.0,0.0,0.0,0.0,0.0,0.0,0.0,0.0,0.0,0.0,0.0,0.0,0.0,0.0,0.0,0.0,0.0,0.0,0.0,0.0,0.0,0.0,0.0,0.0,0.0,0.0,0.0,0.0,0.0,0.0,0.0,0.0,0.0,0.0,0.0,0.0,0.0,0.0,0.0,0.0,0.0,0.0,0.0,0.0,0.0,0.0,0.0,0.0,0.0,0.0,0.0,0.0,0.0,0.0,0.0,0.0,0.0,0.0,0.0,0.0,0.0,0.0,0.0,0.0,0.0,0.0,0.0,0.0,0.0,0.0,0.0,0.0,0.0,0.0,0.0,0.0,0.0,0.0,0.0,0.0,0.0,0.0,0.0,0.0,0.0,0.0,0.0,0.0,0.0,0.0,0.0,0.0,0.0,0.0,0.0,0.0,0.0,0.0,0.0,0.0,0.0,0.0,0.0,0.0,0.0,0.0,0.0,0.0,0.0,0.0,0.0,0.0,0.0,0.0,0.0,0.0,0.0,0.0,0.0,0.0,0.0,0.0,0.0,0.0
189,3,JL,cogen_conventional_steam_coal,0.0,0.0,0.0,0.0,0.0,0.0,0.0,0.0,0.0,0.0,0.0,0.0,0.0,0.0,0.0,0.0,0.0,0.0,0.0,0.0,0.0,0.0,0.0,0.0,0.0,0.0,0.0,0.0,0.0,0.0,0.0,0.0,0.0,0.0,0.0,0.0,0.0,0.0,0.0,0.0,0.0,0.0,0.0,0.0,0.0,0.0,0.0,0.0,0.0,0.0,0.0,0.0,0.0,0.0,0.0,0.0,0.0,0.0,0.0,0.0,0.0,0.0,0.0,0.0,0.0,0.0,0.0,0.0,0.0,0.0,0.0,0.0,0.0,0.0,0.0,0.0,0.0,0.0,0.0,0.0,0.0,0.0,0.0,0.0,0.0,0.0,0.0,0.0,0.0,0.0,0.0,0.0,0.0,0.0,0.0,0.0,0.0,0.0,0.0,0.0,0.0,0.0,0.0,0.0,0.0,0.0,0.0,0.0,0.0,0.0,0.0,0.0,0.0,0.0,0.0,0.0,0.0,0.0,0.0,0.0,0.0,0.0,0.0,0.0,0.0,0.0,0.0,0.0,0.0,0.0,0.0,0.0,0.0,0.0,0.0,0.0,0.0,0.0,0.0,0.0,0.0,0.0,0.0,0.0,0.0,0.0,0.0,0.0,0.0,0.0,0.0,0.0,0.0,0.0,0.0,0.0,0.0,0.0,0.0,0.0,0.0,0.0,0.0,0.0,0.0,0.0,0.0,0.0
190,3,JL,cogen_conventional_steam_coal,0.0,0.0,0.0,0.0,0.0,0.0,0.0,0.0,0.0,0.0,0.0,0.0,0.0,0.0,0.0,0.0,0.0,0.0,0.0,0.0,0.0,0.0,0.0,0.0,0.0,0.0,0.0,0.0,0.0,0.0,0.0,0.0,0.0,0.0,0.0,0.0,0.0,0.0,0.0,0.0,0.0,0.0,0.0,0.0,0.0,0.0,0.0,0.0,0.0,0.0,0.0,0.0,0.0,0.0,0.0,0.0,0.0,0.0,0.0,0.0,0.0,0.0,0.0,0.0,0.0,0.0,0.0,0.0,0.0,0.0,0.0,0.0,0.0,0.0,0.0,0.0,0.0,0.0,0.0,0.0,0.0,0.0,0.0,0.0,0.0,0.0,0.0,0.0,0.0,0.0,0.0,0.0,0.0,0.0,0.0,0.0,0.0,0.0,0.0,0.0,0.0,0.0,0.0,0.0,0.0,0.0,0.0,0.0,0.0,0.0,0.0,0.0,0.0,0.0,0.0,0.0,0.0,0.0,0.0,0.0,0.0,0.0,0.0,0.0,0.0,0.0,0.0,0.0,0.0,0.0,0.0,0.0,0.0,0.0,0.0,0.0,0.0,0.0,0.0,0.0,0.0,0.0,0.0,0.0,0.0,0.0,0.0,0.0,0.0,0.0,0.0,0.0,0.0,0.0,0.0,0.0,0.0,0.0,0.0,0.0,0.0,0.0,0.0,0.0,0.0,0.0,0.0,0.0
191,3,JL,cogen_conventional_steam_coal,0.0,0.0,0.0,0.0,0.0,0.0,0.0,0.0,0.0,0.0,0.0,0.0,0.0,0.0,0.0,0.0,0.0,0.0,0.0,0.0,0.0,0.0,0.0,0.0,0.0,0.0,0.0,0.0,0.0,0.0,0.0,0.0,0.0,0.0,0.0,0.0,0.0,0.0,0.0,0.0,0.0,0.0,0.0,0.0,0.0,0.0,0.0,0.0,0.0,0.0,0.0,0.0,0.0,0.0,0.0,0.0,0.0,0.0,0.0,0.0,0.0,0.0,0.0,0.0,0.0,0.0,0.0,0.0,0.0,0.0,0.0,0.0,0.0,0.0,0.0,0.0,0.0,0.0,0.0,0.0,0.0,0.0,0.0,0.0,0.0,0.0,0.0,0.0,0.0,0.0,0.0,0.0,0.0,0.0,0.0,0.0,0.0,0.0,0.0,0.0,0.0,0.0,0.0,0.0,0.0,0.0,0.0,0.0,0.0,0.0,0.0,0.0,0.0,0.0,0.0,0.0,0.0,0.0,0.0,0.0,0.0,0.0,0.0,0.0,0.0,0.0,0.0,0.0,0.0,0.0,0.0,0.0,0.0,0.0,0.0,0.0,0.0,0.0,0.0,0.0,0.0,0.0,0.0,0.0,0.0,0.0,0.0,0.0,0.0,0.0,0.0,0.0,0.0,0.0,0.0,0.0,0.0,0.0,0.0,0.0,0.0,0.0,0.0,0.0,0.0,0.0,0.0,0.0
192,3,JL,cogen_conventional_steam_coal,0.0,0.0,0.0,0.0,0.0,0.0,0.0,0.0,0.0,0.0,0.0,0.0,0.0,0.0,0.0,0.0,0.0,0.0,0.0,0.0,0.0,0.0,0.0,0.0,0.0,0.0,0.0,0.0,0.0,0.0,0.0,0.0,0.0,0.0,0.0,0.0,0.0,0.0,0.0,0.0,0.0,0.0,0.0,0.0,0.0,0.0,0.0,0.0,0.0,0.0,0.0,0.0,0.0,0.0,0.0,0.0,0.0,0.0,0.0,0.0,0.0,0.0,0.0,0.0,0.0,0.0,0.0,0.0,0.0,0.0,0.0,0.0,0.0,0.0,0.0,0.0,0.0,0.0,0.0,0.0,0.0,0.0,0.0,0.0,0.0,0.0,0.0,0.0,0.0,0.0,0.0,0.0,0.0,0.0,0.0,0.0,0.0,0.0,0.0,0.0,0.0,0.0,0.0,0.0,0.0,0.0,0.0,0.0,0.0,0.0,0.0,0.0,0.0,0.0,0.0,0.0,0.0,0.0,0.0,0.0,0.0,0.0,0.0,0.0,0.0,0.0,0.0,0.0,0.0,0.0,0.0,0.0,0.0,0.0,0.0,0.0,0.0,0.0,0.0,0.0,0.0,0.0,0.0,0.0,0.0,0.0,0.0,0.0,0.0,0.0,0.0,0.0,0.0,0.0,0.0,0.0,0.0,0.0,0.0,0.0,0.0,0.0,0.0,0.0,0.0,0.0,0.0,0.0
193,3,JL,cogen_conventional_steam_coal,0.0,0.0,0.0,0.0,0.0,0.0,0.0,0.0,0.0,0.0,0.0,0.0,0.0,0.0,0.0,0.0,0.0,0.0,0.0,0.0,0.0,0.0,0.0,0.0,0.0,0.0,0.0,0.0,0.0,0.0,0.0,0.0,0.0,0.0,0.0,0.0,0.0,0.0,0.0,0.0,0.0,0.0,0.0,0.0,0.0,0.0,0.0,0.0,0.0,0.0,0.0,0.0,0.0,0.0,0.0,0.0,0.0,0.0,0.0,0.0,0.0,0.0,0.0,0.0,0.0,0.0,0.0,0.0,0.0,0.0,0.0,0.0,0.0,0.0,0.0,0.0,0.0,0.0,0.0,0.0,0.0,0.0,0.0,0.0,0.0,0.0,0.0,0.0,0.0,0.0,0.0,0.0,0.0,0.0,0.0,0.0,0.0,0.0,0.0,0.0,0.0,0.0,0.0,0.0,0.0,0.0,0.0,0.0,0.0,0.0,0.0,0.0,0.0,0.0,0.0,0.0,0.0,0.0,0.0,0.0,0.0,0.0,0.0,0.0,0.0,0.0,0.0,0.0,0.0,0.0,0.0,0.0,0.0,0.0,0.0,0.0,0.0,0.0,0.0,0.0,0.0,0.0,0.0,0.0,0.0,0.0,0.0,0.0,0.0,0.0,0.0,0.0,0.0,0.0,0.0,0.0,0.0,0.0,0.0,0.0,0.0,0.0,0.0,0.0,0.0,0.0,0.0,0.0
194,3,JL,cogen_conventional_steam_coal,0.0,0.0,0.0,0.0,0.0,0.0,0.0,0.0,0.0,0.0,0.0,0.0,0.0,0.0,0.0,0.0,0.0,0.0,0.0,0.0,0.0,0.0,0.0,0.0,0.0,0.0,0.0,0.0,0.0,0.0,0.0,0.0,0.0,0.0,0.0,0.0,0.0,0.0,0.0,0.0,0.0,0.0,0.0,0.0,0.0,0.0,0.0,0.0,0.0,0.0,0.0,0.0,0.0,0.0,0.0,0.0,0.0,0.0,0.0,0.0,0.0,0.0,0.0,0.0,0.0,0.0,0.0,0.0,0.0,0.0,0.0,0.0,0.0,0.0,0.0,0.0,0.0,0.0,0.0,0.0,0.0,0.0,0.0,0.0,0.0,0.0,0.0,0.0,0.0,0.0,0.0,0.0,0.0,0.0,0.0,0.0,0.0,0.0,0.0,0.0,0.0,0.0,0.0,0.0,0.0,0.0,0.0,0.0,0.0,0.0,0.0,0.0,0.0,0.0,0.0,0.0,0.0,0.0,0.0,0.0,0.0,0.0,0.0,0.0,0.0,0.0,0.0,0.0,0.0,0.0,0.0,0.0,0.0,0.0,0.0,0.0,0.0,0.0,0.0,0.0,0.0,0.0,0.0,0.0,0.0,0.0,0.0,0.0,0.0,0.0,0.0,0.0,0.0,0.0,0.0,0.0,0.0,0.0,0.0,0.0,0.0,0.0,0.0,0.0,0.0,0.0,0.0,0.0
195,3,JL,cogen_conventional_steam_coal,0.0,0.0,0.0,0.0,0.0,0.0,0.0,0.0,0.0,0.0,0.0,0.0,0.0,0.0,0.0,0.0,0.0,0.0,0.0,0.0,0.0,0.0,0.0,0.0,0.0,0.0,0.0,0.0,0.0,0.0,0.0,0.0,0.0,0.0,0.0,0.0,0.0,0.0,0.0,0.0,0.0,0.0,0.0,0.0,0.0,0.0,0.0,0.0,0.0,0.0,0.0,0.0,0.0,0.0,0.0,0.0,0.0,0.0,0.0,0.0,0.0,0.0,0.0,0.0,0.0,0.0,0.0,0.0,0.0,0.0,0.0,0.0,0.0,0.0,0.0,0.0,0.0,0.0,0.0,0.0,0.0,0.0,0.0,0.0,0.0,0.0,0.0,0.0,0.0,0.0,0.0,0.0,0.0,0.0,0.0,0.0,0.0,0.0,0.0,0.0,0.0,0.0,0.0,0.0,0.0,0.0,0.0,0.0,0.0,0.0,0.0,0.0,0.0,0.0,0.0,0.0,0.0,0.0,0.0,0.0,0.0,0.0,0.0,0.0,0.0,0.0,0.0,0.0,0.0,0.0,0.0,0.0,0.0,0.0,0.0,0.0,0.0,0.0,0.0,0.0,0.0,0.0,0.0,0.0,0.0,0.0,0.0,0.0,0.0,0.0,0.0,0.0,0.0,0.0,0.0,0.0,0.0,0.0,0.0,0.0,0.0,0.0,0.0,0.0,0.0,0.0,0.0,0.0
196,3,JL,cogen_conventional_steam_coal,0.0,0.0,0.0,0.0,0.0,0.0,0.0,0.0,0.0,0.0,0.0,0.0,0.0,0.0,0.0,0.0,0.0,0.0,0.0,0.0,0.0,0.0,0.0,0.0,0.0,0.0,0.0,0.0,0.0,0.0,0.0,0.0,0.0,0.0,0.0,0.0,0.0,0.0,0.0,0.0,0.0,0.0,0.0,0.0,0.0,0.0,0.0,0.0,0.0,0.0,0.0,0.0,0.0,0.0,0.0,0.0,0.0,0.0,0.0,0.0,0.0,0.0,0.0,0.0,0.0,0.0,0.0,0.0,0.0,0.0,0.0,0.0,0.0,0.0,0.0,0.0,0.0,0.0,0.0,0.0,0.0,0.0,0.0,0.0,0.0,0.0,0.0,0.0,0.0,0.0,0.0,0.0,0.0,0.0,0.0,0.0,0.0,0.0,0.0,0.0,0.0,0.0,0.0,0.0,0.0,0.0,0.0,0.0,0.0,0.0,0.0,0.0,0.0,0.0,0.0,0.0,0.0,0.0,0.0,0.0,0.0,0.0,0.0,0.0,0.0,0.0,0.0,0.0,0.0,0.0,0.0,0.0,0.0,0.0,0.0,0.0,0.0,0.0,0.0,0.0,0.0,0.0,0.0,0.0,0.0,0.0,0.0,0.0,0.0,0.0,0.0,0.0,0.0,0.0,0.0,0.0,0.0,0.0,0.0,0.0,0.0,0.0,0.0,0.0,0.0,0.0,0.0,0.0
197,3,JL,cogen_conventional_steam_coal,0.0,0.0,0.0,0.0,0.0,0.0,0.0,0.0,0.0,0.0,0.0,0.0,0.0,0.0,0.0,0.0,0.0,0.0,0.0,0.0,0.0,0.0,0.0,0.0,0.0,0.0,0.0,0.0,0.0,0.0,0.0,0.0,0.0,0.0,0.0,0.0,0.0,0.0,0.0,0.0,0.0,0.0,0.0,0.0,0.0,0.0,0.0,0.0,0.0,0.0,0.0,0.0,0.0,0.0,0.0,0.0,0.0,0.0,0.0,0.0,0.0,0.0,0.0,0.0,0.0,0.0,0.0,0.0,0.0,0.0,0.0,0.0,0.0,0.0,0.0,0.0,0.0,0.0,0.0,0.0,0.0,0.0,0.0,0.0,0.0,0.0,0.0,0.0,0.0,0.0,0.0,0.0,0.0,0.0,0.0,0.0,0.0,0.0,0.0,0.0,0.0,0.0,0.0,0.0,0.0,0.0,0.0,0.0,0.0,0.0,0.0,0.0,0.0,0.0,0.0,0.0,0.0,0.0,0.0,0.0,0.0,0.0,0.0,0.0,0.0,0.0,0.0,0.0,0.0,0.0,0.0,0.0,0.0,0.0,0.0,0.0,0.0,0.0,0.0,0.0,0.0,0.0,0.0,0.0,0.0,0.0,0.0,0.0,0.0,0.0,0.0,0.0,0.0,0.0,0.0,0.0,0.0,0.0,0.0,0.0,0.0,0.0,0.0,0.0,0.0,0.0,0.0,0.0
198,3,JL,cogen_conventional_steam_coal,0.0,0.0,0.0,0.0,0.0,0.0,0.0,0.0,0.0,0.0,0.0,0.0,0.0,0.0,0.0,0.0,0.0,0.0,0.0,0.0,0.0,0.0,0.0,0.0,0.0,0.0,0.0,0.0,0.0,0.0,0.0,0.0,0.0,0.0,0.0,0.0,0.0,0.0,0.0,0.0,0.0,0.0,0.0,0.0,0.0,0.0,0.0,0.0,0.0,0.0,0.0,0.0,0.0,0.0,0.0,0.0,0.0,0.0,0.0,0.0,0.0,0.0,0.0,0.0,0.0,0.0,0.0,0.0,0.0,0.0,0.0,0.0,0.0,0.0,0.0,0.0,0.0,0.0,0.0,0.0,0.0,0.0,0.0,0.0,0.0,0.0,0.0,0.0,0.0,0.0,0.0,0.0,0.0,0.0,0.0,0.0,0.0,0.0,0.0,0.0,0.0,0.0,0.0,0.0,0.0,0.0,0.0,0.0,0.0,0.0,0.0,0.0,0.0,0.0,0.0,0.0,0.0,0.0,0.0,0.0,0.0,0.0,0.0,0.0,0.0,0.0,0.0,0.0,0.0,0.0,0.0,0.0,0.0,0.0,0.0,0.0,0.0,0.0,0.0,0.0,0.0,0.0,0.0,0.0,0.0,0.0,0.0,0.0,0.0,0.0,0.0,0.0,0.0,0.0,0.0,0.0,0.0,0.0,0.0,0.0,0.0,0.0,0.0,0.0,0.0,0.0,0.0,0.0
199,3,JL,cogen_conventional_steam_coal,0.0,0.0,0.0,0.0,0.0,0.0,0.0,0.0,0.0,0.0,0.0,0.0,0.0,0.0,0.0,0.0,0.0,0.0,0.0,0.0,0.0,0.0,0.0,0.0,0.0,0.0,0.0,0.0,0.0,0.0,0.0,0.0,0.0,0.0,0.0,0.0,0.0,0.0,0.0,0.0,0.0,0.0,0.0,0.0,0.0,0.0,0.0,0.0,0.0,0.0,0.0,0.0,0.0,0.0,0.0,0.0,0.0,0.0,0.0,0.0,0.0,0.0,0.0,0.0,0.0,0.0,0.0,0.0,0.0,0.0,0.0,0.0,0.0,0.0,0.0,0.0,0.0,0.0,0.0,0.0,0.0,0.0,0.0,0.0,0.0,0.0,0.0,0.0,0.0,0.0,0.0,0.0,0.0,0.0,0.0,0.0,0.0,0.0,0.0,0.0,0.0,0.0,0.0,0.0,0.0,0.0,0.0,0.0,0.0,0.0,0.0,0.0,0.0,0.0,0.0,0.0,0.0,0.0,0.0,0.0,0.0,0.0,0.0,0.0,0.0,0.0,0.0,0.0,0.0,0.0,0.0,0.0,0.0,0.0,0.0,0.0,0.0,0.0,0.0,0.0,0.0,0.0,0.0,0.0,0.0,0.0,0.0,0.0,0.0,0.0,0.0,0.0,0.0,0.0,0.0,0.0,0.0,0.0,0.0,0.0,0.0,0.0,0.0,0.0,0.0,0.0,0.0,0.0
200,3,JL,cogen_conventional_steam_coal,0.0,0.0,0.0,0.0,0.0,0.0,0.0,0.0,0.0,0.0,0.0,0.0,0.0,0.0,0.0,0.0,0.0,0.0,0.0,0.0,0.0,0.0,0.0,0.0,0.0,0.0,0.0,0.0,0.0,0.0,0.0,0.0,0.0,0.0,0.0,0.0,0.0,0.0,0.0,0.0,0.0,0.0,0.0,0.0,0.0,0.0,0.0,0.0,0.0,0.0,0.0,0.0,0.0,0.0,0.0,0.0,0.0,0.0,0.0,0.0,0.0,0.0,0.0,0.0,0.0,0.0,0.0,0.0,0.0,0.0,0.0,0.0,0.0,0.0,0.0,0.0,0.0,0.0,0.0,0.0,0.0,0.0,0.0,0.0,0.0,0.0,0.0,0.0,0.0,0.0,0.0,0.0,0.0,0.0,0.0,0.0,0.0,0.0,0.0,0.0,0.0,0.0,0.0,0.0,0.0,0.0,0.0,0.0,0.0,0.0,0.0,0.0,0.0,0.0,0.0,0.0,0.0,0.0,0.0,0.0,0.0,0.0,0.0,0.0,0.0,0.0,0.0,0.0,0.0,0.0,0.0,0.0,0.0,0.0,0.0,0.0,0.0,0.0,0.0,0.0,0.0,0.0,0.0,0.0,0.0,0.0,0.0,0.0,0.0,0.0,0.0,0.0,0.0,0.0,0.0,0.0,0.0,0.0,0.0,0.0,0.0,0.0,0.0,0.0,0.0,0.0,0.0,0.0
201,3,JL,cogen_conventional_steam_coal,0.0,0.0,0.0,0.0,0.0,0.0,0.0,0.0,0.0,0.0,0.0,0.0,0.0,0.0,0.0,0.0,0.0,0.0,0.0,0.0,0.0,0.0,0.0,0.0,0.0,0.0,0.0,0.0,0.0,0.0,0.0,0.0,0.0,0.0,0.0,0.0,0.0,0.0,0.0,0.0,0.0,0.0,0.0,0.0,0.0,0.0,0.0,0.0,0.0,0.0,0.0,0.0,0.0,0.0,0.0,0.0,0.0,0.0,0.0,0.0,0.0,0.0,0.0,0.0,0.0,0.0,0.0,0.0,0.0,0.0,0.0,0.0,0.0,0.0,0.0,0.0,0.0,0.0,0.0,0.0,0.0,0.0,0.0,0.0,0.0,0.0,0.0,0.0,0.0,0.0,0.0,0.0,0.0,0.0,0.0,0.0,0.0,0.0,0.0,0.0,0.0,0.0,0.0,0.0,0.0,0.0,0.0,0.0,0.0,0.0,0.0,0.0,0.0,0.0,0.0,0.0,0.0,0.0,0.0,0.0,0.0,0.0,0.0,0.0,0.0,0.0,0.0,0.0,0.0,0.0,0.0,0.0,0.0,0.0,0.0,0.0,0.0,0.0,0.0,0.0,0.0,0.0,0.0,0.0,0.0,0.0,0.0,0.0,0.0,0.0,0.0,0.0,0.0,0.0,0.0,0.0,0.0,0.0,0.0,0.0,0.0,0.0,0.0,0.0,0.0,0.0,0.0,0.0
202,3,JL,cogen_conventional_steam_coal,0.0,0.0,0.0,0.0,0.0,0.0,0.0,0.0,0.0,0.0,0.0,0.0,0.0,0.0,0.0,0.0,0.0,0.0,0.0,0.0,0.0,0.0,0.0,0.0,0.0,0.0,0.0,0.0,0.0,0.0,0.0,0.0,0.0,0.0,0.0,0.0,0.0,0.0,0.0,0.0,0.0,0.0,0.0,0.0,0.0,0.0,0.0,0.0,0.0,0.0,0.0,0.0,0.0,0.0,0.0,0.0,0.0,0.0,0.0,0.0,0.0,0.0,0.0,0.0,0.0,0.0,0.0,0.0,0.0,0.0,0.0,0.0,0.0,0.0,0.0,0.0,0.0,0.0,0.0,0.0,0.0,0.0,0.0,0.0,0.0,0.0,0.0,0.0,0.0,0.0,0.0,0.0,0.0,0.0,0.0,0.0,0.0,0.0,0.0,0.0,0.0,0.0,0.0,0.0,0.0,0.0,0.0,0.0,0.0,0.0,0.0,0.0,0.0,0.0,0.0,0.0,0.0,0.0,0.0,0.0,0.0,0.0,0.0,0.0,0.0,0.0,0.0,0.0,0.0,0.0,0.0,0.0,0.0,0.0,0.0,0.0,0.0,0.0,0.0,0.0,0.0,0.0,0.0,0.0,0.0,0.0,0.0,0.0,0.0,0.0,0.0,0.0,0.0,0.0,0.0,0.0,0.0,0.0,0.0,0.0,0.0,0.0,0.0,0.0,0.0,0.0,0.0,0.0
203,3,JL,cogen_conventional_steam_coal,0.0,0.0,0.0,0.0,0.0,0.0,0.0,0.0,0.0,0.0,0.0,0.0,0.0,0.0,0.0,0.0,0.0,0.0,0.0,0.0,0.0,0.0,0.0,0.0,0.0,0.0,0.0,0.0,0.0,0.0,0.0,0.0,0.0,0.0,0.0,0.0,0.0,0.0,0.0,0.0,0.0,0.0,0.0,0.0,0.0,0.0,0.0,0.0,0.0,0.0,0.0,0.0,0.0,0.0,0.0,0.0,0.0,0.0,0.0,0.0,0.0,0.0,0.0,0.0,0.0,0.0,0.0,0.0,0.0,0.0,0.0,0.0,0.0,0.0,0.0,0.0,0.0,0.0,0.0,0.0,0.0,0.0,0.0,0.0,0.0,0.0,0.0,0.0,0.0,0.0,0.0,0.0,0.0,0.0,0.0,0.0,0.0,0.0,0.0,0.0,0.0,0.0,0.0,0.0,0.0,0.0,0.0,0.0,0.0,0.0,0.0,0.0,0.0,0.0,0.0,0.0,0.0,0.0,0.0,0.0,0.0,0.0,0.0,0.0,0.0,0.0,0.0,0.0,0.0,0.0,0.0,0.0,0.0,0.0,0.0,0.0,0.0,0.0,0.0,0.0,0.0,0.0,0.0,0.0,0.0,0.0,0.0,0.0,0.0,0.0,0.0,0.0,0.0,0.0,0.0,0.0,0.0,0.0,0.0,0.0,0.0,0.0,0.0,0.0,0.0,0.0,0.0,0.0
204,3,JL,cogen_conventional_steam_coal,0.0,0.0,0.0,0.0,0.0,0.0,0.0,0.0,0.0,0.0,0.0,0.0,0.0,0.0,0.0,0.0,0.0,0.0,0.0,0.0,0.0,0.0,0.0,0.0,0.0,0.0,0.0,0.0,0.0,0.0,0.0,0.0,0.0,0.0,0.0,0.0,0.0,0.0,0.0,0.0,0.0,0.0,0.0,0.0,0.0,0.0,0.0,0.0,0.0,0.0,0.0,0.0,0.0,0.0,0.0,0.0,0.0,0.0,0.0,0.0,0.0,0.0,0.0,0.0,0.0,0.0,0.0,0.0,0.0,0.0,0.0,0.0,0.0,0.0,0.0,0.0,0.0,0.0,0.0,0.0,0.0,0.0,0.0,0.0,0.0,0.0,0.0,0.0,0.0,0.0,0.0,0.0,0.0,0.0,0.0,0.0,0.0,0.0,0.0,0.0,0.0,0.0,0.0,0.0,0.0,0.0,0.0,0.0,0.0,0.0,0.0,0.0,0.0,0.0,0.0,0.0,0.0,0.0,0.0,0.0,0.0,0.0,0.0,0.0,0.0,0.0,0.0,0.0,0.0,0.0,0.0,0.0,0.0,0.0,0.0,0.0,0.0,0.0,0.0,0.0,0.0,0.0,0.0,0.0,0.0,0.0,0.0,0.0,0.0,0.0,0.0,0.0,0.0,0.0,0.0,0.0,0.0,0.0,0.0,0.0,0.0,0.0,0.0,0.0,0.0,0.0,0.0,0.0
205,3,JL,cogen_conventional_steam_coal,0.0,0.0,0.0,0.0,0.0,0.0,0.0,0.0,0.0,0.0,0.0,0.0,0.0,0.0,0.0,0.0,0.0,0.0,0.0,0.0,0.0,0.0,0.0,0.0,0.0,0.0,0.0,0.0,0.0,0.0,0.0,0.0,0.0,0.0,0.0,0.0,0.0,0.0,0.0,0.0,0.0,0.0,0.0,0.0,0.0,0.0,0.0,0.0,0.0,0.0,0.0,0.0,0.0,0.0,0.0,0.0,0.0,0.0,0.0,0.0,0.0,0.0,0.0,0.0,0.0,0.0,0.0,0.0,0.0,0.0,0.0,0.0,0.0,0.0,0.0,0.0,0.0,0.0,0.0,0.0,0.0,0.0,0.0,0.0,0.0,0.0,0.0,0.0,0.0,0.0,0.0,0.0,0.0,0.0,0.0,0.0,0.0,0.0,0.0,0.0,0.0,0.0,0.0,0.0,0.0,0.0,0.0,0.0,0.0,0.0,0.0,0.0,0.0,0.0,0.0,0.0,0.0,0.0,0.0,0.0,0.0,0.0,0.0,0.0,0.0,0.0,0.0,0.0,0.0,0.0,0.0,0.0,0.0,0.0,0.0,0.0,0.0,0.0,0.0,0.0,0.0,0.0,0.0,0.0,0.0,0.0,0.0,0.0,0.0,0.0,0.0,0.0,0.0,0.0,0.0,0.0,0.0,0.0,0.0,0.0,0.0,0.0,0.0,0.0,0.0,0.0,0.0,0.0
206,3,JL,cogen_conventional_steam_coal,0.0,0.0,0.0,0.0,0.0,0.0,0.0,0.0,0.0,0.0,0.0,0.0,0.0,0.0,0.0,0.0,0.0,0.0,0.0,0.0,0.0,0.0,0.0,0.0,0.0,0.0,0.0,0.0,0.0,0.0,0.0,0.0,0.0,0.0,0.0,0.0,0.0,0.0,0.0,0.0,0.0,0.0,0.0,0.0,0.0,0.0,0.0,0.0,0.0,0.0,0.0,0.0,0.0,0.0,0.0,0.0,0.0,0.0,0.0,0.0,0.0,0.0,0.0,0.0,0.0,0.0,0.0,0.0,0.0,0.0,0.0,0.0,0.0,0.0,0.0,0.0,0.0,0.0,0.0,0.0,0.0,0.0,0.0,0.0,0.0,0.0,0.0,0.0,0.0,0.0,0.0,0.0,0.0,0.0,0.0,0.0,0.0,0.0,0.0,0.0,0.0,0.0,0.0,0.0,0.0,0.0,0.0,0.0,0.0,0.0,0.0,0.0,0.0,0.0,0.0,0.0,0.0,0.0,0.0,0.0,0.0,0.0,0.0,0.0,0.0,0.0,0.0,0.0,0.0,0.0,0.0,0.0,0.0,0.0,0.0,0.0,0.0,0.0,0.0,0.0,0.0,0.0,0.0,0.0,0.0,0.0,0.0,0.0,0.0,0.0,0.0,0.0,0.0,0.0,0.0,0.0,0.0,0.0,0.0,0.0,0.0,0.0,0.0,0.0,0.0,0.0,0.0,0.0
207,3,JL,cogen_conventional_steam_coal,0.0,0.0,0.0,0.0,0.0,0.0,0.0,0.0,0.0,0.0,0.0,0.0,0.0,0.0,0.0,0.0,0.0,0.0,0.0,0.0,0.0,0.0,0.0,0.0,0.0,0.0,0.0,0.0,0.0,0.0,0.0,0.0,0.0,0.0,0.0,0.0,0.0,0.0,0.0,0.0,0.0,0.0,0.0,0.0,0.0,0.0,0.0,0.0,0.0,0.0,0.0,0.0,0.0,0.0,0.0,0.0,0.0,0.0,0.0,0.0,0.0,0.0,0.0,0.0,0.0,0.0,0.0,0.0,0.0,0.0,0.0,0.0,0.0,0.0,0.0,0.0,0.0,0.0,0.0,0.0,0.0,0.0,0.0,0.0,0.0,0.0,0.0,0.0,0.0,0.0,0.0,0.0,0.0,0.0,0.0,0.0,0.0,0.0,0.0,0.0,0.0,0.0,0.0,0.0,0.0,0.0,0.0,0.0,0.0,0.0,0.0,0.0,0.0,0.0,0.0,0.0,0.0,0.0,0.0,0.0,0.0,0.0,0.0,0.0,0.0,0.0,0.0,0.0,0.0,0.0,0.0,0.0,0.0,0.0,0.0,0.0,0.0,0.0,0.0,0.0,0.0,0.0,0.0,0.0,0.0,0.0,0.0,0.0,0.0,0.0,0.0,0.0,0.0,0.0,0.0,0.0,0.0,0.0,0.0,0.0,0.0,0.0,0.0,0.0,0.0,0.0,0.0,0.0
208,3,JL,cogen_conventional_steam_coal,0.0,0.0,0.0,0.0,0.0,0.0,0.0,0.0,0.0,0.0,0.0,0.0,0.0,0.0,0.0,0.0,0.0,0.0,0.0,0.0,0.0,0.0,0.0,0.0,0.0,0.0,0.0,0.0,0.0,0.0,0.0,0.0,0.0,0.0,0.0,0.0,0.0,0.0,0.0,0.0,0.0,0.0,0.0,0.0,0.0,0.0,0.0,0.0,0.0,0.0,0.0,0.0,0.0,0.0,0.0,0.0,0.0,0.0,0.0,0.0,0.0,0.0,0.0,0.0,0.0,0.0,0.0,0.0,0.0,0.0,0.0,0.0,0.0,0.0,0.0,0.0,0.0,0.0,0.0,0.0,0.0,0.0,0.0,0.0,0.0,0.0,0.0,0.0,0.0,0.0,0.0,0.0,0.0,0.0,0.0,0.0,0.0,0.0,0.0,0.0,0.0,0.0,0.0,0.0,0.0,0.0,0.0,0.0,0.0,0.0,0.0,0.0,125.125,125.125,125.125,125.125,125.125,125.125,125.125,125.125,125.125,125.125,125.125,125.125,125.125,125.125,125.125,125.125,125.125,125.125,125.125,125.125,125.125,125.125,125.125,125.125,125.125,125.125,125.125,125.125,125.125,125.125,125.125,125.125,0.0,0.0,0.0,0.0,0.0,0.0,0.0,125.125,0.0,0.0,0.0,0.0,0.0,0.0,0.0,0.0,0.0,0.0,0.0,0.0,0.0,0.0,0.0,0.0
209,3,JL,cogen_conventional_steam_coal,0.0,0.0,0.0,0.0,0.0,0.0,0.0,0.0,0.0,0.0,0.0,0.0,0.0,0.0,0.0,0.0,0.0,0.0,0.0,0.0,0.0,0.0,0.0,0.0,0.0,0.0,0.0,0.0,0.0,0.0,0.0,0.0,0.0,0.0,0.0,0.0,0.0,0.0,0.0,0.0,0.0,0.0,0.0,0.0,0.0,0.0,0.0,0.0,0.0,0.0,0.0,0.0,0.0,0.0,0.0,0.0,0.0,0.0,0.0,0.0,0.0,0.0,0.0,0.0,0.0,0.0,0.0,0.0,0.0,0.0,0.0,0.0,0.0,0.0,0.0,0.0,0.0,0.0,0.0,0.0,0.0,0.0,0.0,0.0,0.0,0.0,0.0,0.0,0.0,0.0,0.0,0.0,0.0,0.0,0.0,0.0,0.0,0.0,0.0,0.0,0.0,0.0,0.0,0.0,0.0,0.0,0.0,0.0,0.0,0.0,0.0,42.2183110253186,125.125,125.125,125.125,125.125,125.125,125.125,125.125,125.125,125.125,125.125,125.125,125.125,125.125,125.125,125.125,125.125,125.125,125.125,125.125,125.125,125.125,125.125,125.125,125.125,125.125,125.125,125.125,125.125,125.125,125.125,125.125,125.125,0.0,0.0,0.0,0.0,0.0,0.0,0.0,0.0,0.0,0.0,0.0,0.0,0.0,0.0,0.0,0.0,0.0,0.0,0.0,0.0,0.0,0.0,0.0,0.0
210,3,JL,cogen_conventional_steam_coal,0.0,0.0,0.0,0.0,0.0,0.0,0.0,0.0,0.0,0.0,0.0,0.0,0.0,0.0,0.0,0.0,0.0,0.0,0.0,0.0,0.0,0.0,0.0,0.0,0.0,0.0,0.0,0.0,0.0,0.0,0.0,0.0,0.0,0.0,0.0,0.0,0.0,0.0,0.0,0.0,0.0,0.0,0.0,0.0,0.0,0.0,0.0,0.0,0.0,0.0,0.0,0.0,0.0,0.0,0.0,0.0,0.0,0.0,0.0,0.0,0.0,0.0,0.0,0.0,0.0,0.0,0.0,0.0,0.0,0.0,0.0,0.0,0.0,0.0,0.0,0.0,0.0,0.0,0.0,0.0,0.0,0.0,0.0,0.0,0.0,0.0,0.0,0.0,0.0,0.0,0.0,0.0,0.0,0.0,0.0,0.0,0.0,0.0,0.0,0.0,0.0,0.0,0.0,0.0,0.0,0.0,0.0,0.0,0.0,0.0,0.0,0.0,125.125,125.125,125.125,125.125,125.125,125.125,125.125,125.125,125.125,125.125,125.125,125.125,125.125,125.125,125.125,125.125,125.125,125.125,125.125,125.125,125.125,125.125,125.125,125.125,125.125,125.125,125.125,125.125,125.125,125.125,125.125,125.125,0.0,0.0,0.0,0.0,0.0,0.0,0.0,0.0,0.0,0.0,0.0,0.0,0.0,0.0,0.0,0.0,0.0,0.0,0.0,0.0,0.0,0.0,0.0,0.0
211,3,JL,cogen_conventional_steam_coal,0.0,0.0,0.0,0.0,0.0,0.0,0.0,0.0,0.0,0.0,0.0,0.0,0.0,0.0,0.0,0.0,0.0,0.0,0.0,0.0,0.0,0.0,0.0,0.0,0.0,0.0,0.0,0.0,0.0,0.0,0.0,0.0,0.0,0.0,0.0,0.0,0.0,0.0,0.0,0.0,0.0,0.0,0.0,0.0,0.0,0.0,0.0,0.0,0.0,0.0,0.0,0.0,0.0,0.0,0.0,0.0,0.0,0.0,0.0,0.0,0.0,0.0,0.0,0.0,0.0,0.0,0.0,0.0,0.0,0.0,0.0,0.0,0.0,0.0,0.0,0.0,0.0,0.0,0.0,0.0,0.0,0.0,0.0,0.0,0.0,0.0,0.0,0.0,0.0,0.0,0.0,0.0,0.0,0.0,0.0,0.0,0.0,0.0,0.0,0.0,0.0,0.0,0.0,0.0,0.0,0.0,0.0,0.0,0.0,0.0,0.0,0.0,125.125,125.125,125.125,125.125,125.125,125.125,125.125,125.125,125.125,125.125,125.125,125.125,125.125,125.125,125.125,125.125,125.125,125.125,125.125,125.125,125.125,125.125,125.125,125.125,125.125,125.125,125.125,125.125,125.125,125.125,125.125,125.125,0.0,0.0,0.0,0.0,0.0,0.0,0.0,0.0,0.0,0.0,0.0,0.0,0.0,0.0,0.0,0.0,0.0,0.0,0.0,0.0,0.0,0.0,0.0,0.0
212,3,JL,conventional_steam_coal,0.0,0.0,0.0,0.0,0.0,0.0,0.0,0.0,0.0,0.0,0.0,0.0,0.0,0.0,0.0,0.0,0.0,0.0,0.0,0.0,0.0,0.0,0.0,0.0,0.0,0.0,0.0,0.0,0.0,0.0,0.0,0.0,0.0,0.0,0.0,0.0,0.0,0.0,0.0,0.0,0.0,0.0,0.0,0.0,0.0,0.0,0.0,0.0,0.0,0.0,0.0,0.0,0.0,0.0,0.0,0.0,0.0,0.0,0.0,0.0,0.0,0.0,0.0,0.0,0.0,0.0,0.0,0.0,0.0,0.0,0.0,0.0,0.0,0.0,0.0,0.0,0.0,0.0,0.0,0.0,0.0,0.0,0.0,0.0,0.0,0.0,0.0,0.0,0.0,0.0,0.0,0.0,0.0,0.0,0.0,0.0,0.0,0.0,0.0,0.0,0.0,0.0,0.0,0.0,0.0,0.0,0.0,0.0,0.0,0.0,0.0,0.0,235.95000000000005,235.95000000000005,235.95000000000005,235.95000000000005,235.95000000000005,235.95000000000005,235.95000000000005,235.95000000000005,235.95000000000005,235.95000000000005,235.95000000000005,235.95000000000005,235.95000000000005,235.95000000000005,235.95000000000005,235.95000000000005,235.95000000000005,235.95000000000005,235.95000000000005,235.95000000000005,235.95000000000005,235.95000000000005,235.95000000000005,235.95000000000005,235.95000000000005,235.95000000000005,235.95000000000005,235.95000000000005,235.95000000000005,235.95000000000005,235.95000000000005,235.95000000000005,0.0,0.0,0.0,0.0,0.0,0.0,154.92746104522053,235.95000000000005,235.95000000000005,0.0,0.0,0.0,0.0,0.0,0.0,0.0,0.0,235.95000000000005,0.0,0.0,0.0,0.0,0.0,0.0
213,3,JL,cogen_conventional_steam_coal,0.0,0.0,0.0,0.0,0.0,0.0,0.0,0.0,0.0,0.0,0.0,0.0,0.0,0.0,0.0,0.0,0.0,0.0,0.0,0.0,0.0,0.0,0.0,0.0,0.0,0.0,0.0,0.0,0.0,0.0,0.0,0.0,0.0,0.0,0.0,0.0,0.0,0.0,0.0,0.0,0.0,0.0,0.0,0.0,235.95000000000005,193.93034496777432,235.95000000000005,235.95000000000005,235.95000000000005,0.0,0.0,0.0,0.0,235.95000000000005,235.95000000000005,0.0,0.0,0.0,0.0,0.0,0.0,0.0,0.0,0.0,0.0,0.0,0.0,0.0,0.0,0.0,0.0,0.0,0.0,0.0,235.95000000000005,192.98637422098295,0.0,235.95000000000005,235.95000000000005,0.0,0.0,0.0,0.0,0.0,0.0,0.0,0.0,0.0,0.0,235.95000000000005,235.95000000000005,0.0,0.0,0.0,0.0,0.0,0.0,0.0,0.0,0.0,0.0,176.11820284170813,235.95000000000005,0.0,0.0,0.0,0.0,0.0,0.0,0.0,0.0,0.0,235.95000000000005,235.95000000000005,235.95000000000005,235.95000000000005,235.95000000000005,235.95000000000005,235.95000000000005,235.95000000000005,235.95000000000005,235.95000000000005,235.95000000000005,235.95000000000005,235.95000000000005,235.95000000000005,235.95000000000005,235.95000000000005,235.95000000000005,235.95000000000005,235.95000000000005,235.95000000000005,235.95000000000005,235.95000000000005,235.95000000000005,235.95000000000005,235.95000000000005,235.95000000000005,235.95000000000005,235.95000000000005,235.95000000000005,235.95000000000005,235.95000000000005,235.95000000000005,0.0,0.0,0.0,0.0,0.0,0.0,0.0,0.0,0.0,0.0,0.0,0.0,0.0,0.0,0.0,0.0,0.0,0.0,0.0,0.0,0.0,0.0,0.0,0.0
214,3,JL,cogen_conventional_steam_coal,0.0,0.0,0.0,0.0,0.0,0.0,0.0,0.0,0.0,0.0,0.0,0.0,0.0,0.0,0.0,0.0,0.0,0.0,0.0,0.0,0.0,0.0,0.0,0.0,0.0,0.0,0.0,0.0,0.0,0.0,0.0,0.0,0.0,0.0,0.0,0.0,0.0,0.0,0.0,0.0,0.0,0.0,0.0,0.0,0.0,0.0,0.0,0.0,0.0,0.0,0.0,0.0,0.0,0.0,0.0,0.0,0.0,0.0,0.0,0.0,0.0,0.0,0.0,0.0,0.0,0.0,0.0,0.0,0.0,0.0,0.0,0.0,0.0,0.0,0.0,0.0,0.0,0.0,0.0,0.0,0.0,0.0,0.0,0.0,0.0,0.0,0.0,0.0,0.0,0.0,0.0,0.0,0.0,0.0,0.0,0.0,0.0,0.0,0.0,0.0,0.0,0.0,0.0,0.0,0.0,0.0,0.0,0.0,0.0,0.0,0.0,0.0,235.95000000000005,235.95000000000005,235.95000000000005,235.95000000000005,235.95000000000005,235.95000000000005,235.95000000000005,235.95000000000005,235.95000000000005,235.95000000000005,235.95000000000005,235.95000000000005,235.95000000000005,235.95000000000005,235.95000000000005,235.95000000000005,235.95000000000005,235.95000000000005,235.95000000000005,235.95000000000005,235.95000000000005,235.95000000000005,235.95000000000005,235.95000000000005,235.95000000000005,235.95000000000005,235.95000000000005,235.95000000000005,235.95000000000005,235.95000000000005,235.95000000000005,235.95000000000005,0.0,0.0,0.0,0.0,0.0,0.0,0.0,235.95000000000005,235.95000000000005,0.0,0.0,0.0,0.0,0.0,0.0,0.0,235.95000000000005,235.95000000000005,0.0,0.0,0.0,0.0,0.0,0.0
215,3,JL,cogen_conventional_steam_coal,0.0,0.0,0.0,0.0,0.0,0.0,0.0,0.0,0.0,0.0,0.0,0.0,0.0,0.0,0.0,0.0,0.0,0.0,0.0,0.0,0.0,0.0,0.0,0.0,0.0,0.0,0.0,0.0,0.0,0.0,0.0,0.0,0.0,0.0,0.0,0.0,0.0,0.0,0.0,0.0,0.0,0.0,0.0,0.0,0.0,0.0,0.0,0.0,0.0,0.0,0.0,0.0,0.0,0.0,0.0,0.0,0.0,0.0,0.0,0.0,0.0,0.0,0.0,0.0,0.0,0.0,0.0,0.0,0.0,0.0,0.0,0.0,0.0,0.0,0.0,0.0,0.0,0.0,0.0,0.0,0.0,0.0,0.0,0.0,0.0,0.0,0.0,0.0,0.0,0.0,0.0,0.0,0.0,0.0,0.0,0.0,0.0,0.0,0.0,0.0,0.0,0.0,0.0,0.0,0.0,0.0,0.0,0.0,0.0,0.0,0.0,0.0,235.95000000000005,235.95000000000005,235.95000000000005,235.95000000000005,235.95000000000005,235.95000000000005,235.95000000000005,235.95000000000005,235.95000000000005,235.95000000000005,235.95000000000005,235.95000000000005,235.95000000000005,235.95000000000005,235.95000000000005,235.95000000000005,235.95000000000005,235.95000000000005,235.95000000000005,235.95000000000005,235.95000000000005,235.95000000000005,235.95000000000005,235.95000000000005,235.95000000000005,235.95000000000005,235.95000000000005,235.95000000000005,235.95000000000005,235.95000000000005,235.95000000000005,235.95000000000005,0.0,0.0,0.0,0.0,0.0,0.0,0.0,235.95000000000005,235.95000000000005,0.0,0.0,0.0,0.0,0.0,0.0,0.0,235.95000000000005,235.95000000000005,0.0,0.0,0.0,0.0,0.0,0.0
216,3,JL,cogen_conventional_steam_coal,0.0,0.0,0.0,0.0,0.0,0.0,0.0,0.0,0.0,0.0,0.0,0.0,0.0,0.0,0.0,0.0,0.0,0.0,0.0,0.0,0.0,0.0,0.0,0.0,0.0,0.0,0.0,0.0,0.0,0.0,0.0,0.0,0.0,0.0,0.0,0.0,0.0,0.0,0.0,0.0,0.0,0.0,0.0,0.0,0.0,0.0,0.0,0.0,0.0,0.0,0.0,0.0,0.0,0.0,0.0,0.0,0.0,0.0,0.0,0.0,0.0,0.0,0.0,0.0,0.0,0.0,0.0,0.0,0.0,0.0,0.0,0.0,0.0,0.0,0.0,0.0,0.0,0.0,0.0,0.0,0.0,0.0,0.0,0.0,0.0,0.0,0.0,0.0,0.0,0.0,0.0,0.0,0.0,0.0,0.0,0.0,0.0,0.0,0.0,0.0,0.0,0.0,0.0,0.0,0.0,0.0,0.0,0.0,0.0,0.0,0.0,0.0,239.52500000000003,239.52500000000003,239.52500000000003,239.52500000000003,239.52500000000003,239.52500000000003,239.52500000000003,239.52500000000003,239.52500000000003,239.52500000000003,239.52500000000003,239.52500000000003,239.52500000000003,239.52500000000003,239.52500000000003,239.52500000000003,239.52500000000003,239.52500000000003,239.52500000000003,239.52500000000003,239.52500000000003,239.52500000000003,239.52500000000003,239.52500000000003,239.52500000000003,239.52500000000003,239.52500000000003,239.52500000000003,239.52500000000003,239.52500000000003,239.52500000000003,239.52500000000003,239.52500000000003,239.52500000000003,0.0,0.0,0.0,0.0,0.0,239.52500000000003,196.0239419021795,0.0,0.0,0.0,0.0,0.0,0.0,0.0,239.52500000000003,239.52500000000003,0.0,0.0,0.0,0.0,0.0,0.0
217,3,JL,cogen_conventional_steam_coal,0.0,0.0,0.0,0.0,0.0,0.0,0.0,0.0,0.0,0.0,0.0,0.0,0.0,0.0,0.0,0.0,0.0,0.0,0.0,0.0,0.0,0.0,0.0,0.0,0.0,0.0,0.0,0.0,0.0,0.0,0.0,0.0,0.0,0.0,0.0,0.0,0.0,0.0,0.0,0.0,0.0,0.0,0.0,0.0,239.52500000000003,0.0,239.52500000000003,239.52500000000003,239.52500000000003,234.64322868170865,0.0,0.0,81.03117658512991,239.52500000000003,239.52500000000003,0.0,0.0,0.0,0.0,0.0,0.0,0.0,0.0,0.0,0.0,0.0,0.0,0.0,0.0,0.0,0.0,0.0,0.0,0.0,239.52500000000003,0.0,0.0,239.52500000000003,239.52500000000003,0.0,0.0,0.0,0.0,0.0,0.0,0.0,0.0,0.0,0.0,239.52500000000003,239.52500000000003,207.81017085381194,0.0,0.0,0.0,0.0,0.0,0.0,0.0,0.0,0.0,239.52500000000003,239.52500000000003,205.71170196999896,0.0,0.0,0.0,0.0,0.0,0.0,0.0,0.0,239.52500000000003,239.52500000000003,239.52500000000003,239.52500000000003,239.52500000000003,239.52500000000003,239.52500000000003,239.52500000000003,239.52500000000003,239.52500000000003,239.52500000000003,239.52500000000003,239.52500000000003,239.52500000000003,239.52500000000003,239.52500000000003,239.52500000000003,239.52500000000003,239.52500000000003,239.52500000000003,239.52500000000003,239.52500000000003,239.52500000000003,239.52500000000003,239.52500000000003,239.52500000000003,239.52500000000003,239.52500000000003,239.52500000000003,239.52500000000003,239.52500000000003,239.52500000000003,65.05209278725573,94.88257952171074,0.0,0.0,0.0,0.0,0.0,239.52500000000003,239.52500000000003,0.0,0.0,0.0,0.0,0.0,0.0,0.0,83.45928534309081,28.003059116007478,0.0,0.0,0.0,0.0,0.0,0.0
218,3,JL,cogen_conventional_steam_coal,0.0,0.0,0.0,0.0,0.0,0.0,0.0,0.0,0.0,0.0,0.0,0.0,0.0,0.0,0.0,0.0,0.0,0.0,0.0,0.0,0.0,0.0,0.0,0.0,0.0,0.0,0.0,0.0,0.0,0.0,0.0,0.0,0.0,0.0,0.0,0.0,0.0,0.0,0.0,0.0,235.95000000000005,235.95000000000005,235.95000000000005,235.95000000000005,235.95000000000005,235.95000000000005,235.95000000000005,235.95000000000005,235.95000000000005,235.95000000000005,235.95000000000005,235.95000000000005,235.95000000000005,235.95000000000005,235.95000000000005,0.0,0.0,0.0,0.0,0.0,0.0,0.0,235.95000000000005,235.95000000000005,235.95000000000005,235.95000000000005,235.95000000000005,235.95000000000005,235.95000000000005,235.95000000000005,235.95000000000005,235.95000000000005,235.95000000000005,235.95000000000005,235.95000000000005,235.95000000000005,235.95000000000005,235.95000000000005,235.95000000000005,0.0,0.0,0.0,0.0,0.0,0.0,0.0,0.0,0.0,235.95000000000005,235.95000000000005,235.95000000000005,235.95000000000005,120.42557332265847,0.0,0.0,0.0,0.0,0.0,0.0,0.0,0.0,235.95000000000005,235.95000000000005,235.95000000000005,0.0,0.0,0.0,0.0,0.0,235.95000000000005,235.95000000000005,235.95000000000005,235.95000000000005,235.95000000000005,235.95000000000005,235.95000000000005,235.95000000000005,235.95000000000005,235.95000000000005,235.95000000000005,235.95000000000005,235.95000000000005,235.95000000000005,235.95000000000005,235.95000000000005,235.95000000000005,235.95000000000005,235.95000000000005,235.95000000000005,235.95000000000005,235.95000000000005,235.95000000000005,235.95000000000005,235.95000000000005,235.95000000000005,235.95000000000005,235.95000000000005,235.95000000000005,235.95000000000005,235.95000000000005,235.95000000000005,235.95000000000005,235.95000000000005,235.95000000000005,235.95000000000005,235.95000000000005,235.95000000000005,0.0,0.0,235.95000000000005,235.95000000000005,235.95000000000005,235.95000000000005,235.95000000000005,235.95000000000005,235.95000000000005,235.95000000000005,235.95000000000005,235.95000000000005,235.95000000000005,235.95000000000005,235.95000000000005,235.95000000000005,0.0,0.0,0.0,0.0,0.0
219,3,JL,cogen_conventional_steam_coal,0.0,0.0,0.0,0.0,0.0,0.0,0.0,0.0,0.0,0.0,0.0,0.0,0.0,0.0,0.0,0.0,0.0,0.0,0.0,0.0,0.0,0.0,0.0,0.0,0.0,0.0,0.0,0.0,0.0,0.0,0.0,0.0,0.0,0.0,0.0,0.0,0.0,0.0,0.0,0.0,235.95000000000005,235.95000000000005,235.95000000000005,235.95000000000005,235.95000000000005,235.95000000000005,235.95000000000005,235.95000000000005,235.95000000000005,235.95000000000005,235.95000000000005,235.95000000000005,235.95000000000005,235.95000000000005,235.95000000000005,0.0,0.0,0.0,0.0,0.0,0.0,0.0,235.95000000000005,235.95000000000005,235.95000000000005,235.95000000000005,235.95000000000005,235.95000000000005,235.95000000000005,235.95000000000005,235.95000000000005,235.95000000000005,235.95000000000005,235.95000000000005,235.95000000000005,235.95000000000005,235.95000000000005,235.95000000000005,235.95000000000005,235.95000000000005,0.0,0.0,0.0,0.0,0.0,0.0,0.0,235.95000000000005,235.95000000000005,235.95000000000005,235.95000000000005,235.95000000000005,235.95000000000005,0.0,0.0,0.0,0.0,0.0,0.0,0.0,0.0,235.95000000000005,235.95000000000005,235.95000000000005,0.0,0.0,0.0,0.0,0.0,235.95000000000005,235.95000000000005,235.95000000000005,235.95000000000005,235.95000000000005,235.95000000000005,235.95000000000005,235.95000000000005,235.95000000000005,235.95000000000005,235.95000000000005,235.95000000000005,235.95000000000005,235.95000000000005,235.95000000000005,235.95000000000005,235.95000000000005,235.95000000000005,235.95000000000005,235.95000000000005,235.95000000000005,235.95000000000005,235.95000000000005,235.95000000000005,235.95000000000005,235.95000000000005,235.95000000000005,235.95000000000005,235.95000000000005,235.95000000000005,235.95000000000005,235.95000000000005,235.95000000000005,235.95000000000005,235.95000000000005,235.95000000000005,235.95000000000005,235.95000000000005,0.0,0.0,235.95000000000005,235.95000000000005,235.95000000000005,235.95000000000005,235.95000000000005,235.95000000000005,235.95000000000005,235.95000000000005,235.95000000000005,235.95000000000005,235.95000000000005,235.95000000000005,235.95000000000005,235.95000000000005,0.0,0.0,0.0,0.0,0.0
220,3,JL,cogen_conventional_steam_coal,0.0,0.0,0.0,0.0,0.0,0.0,0.0,0.0,0.0,0.0,0.0,0.0,0.0,0.0,0.0,0.0,0.0,0.0,0.0,0.0,0.0,0.0,0.0,0.0,0.0,0.0,0.0,0.0,0.0,0.0,0.0,0.0,0.0,0.0,0.0,0.0,0.0,0.0,0.0,0.0,235.95000000000005,235.95000000000005,235.95000000000005,235.95000000000005,235.95000000000005,235.95000000000005,235.95000000000005,235.95000000000005,235.95000000000005,235.95000000000005,235.95000000000005,235.95000000000005,235.95000000000005,235.95000000000005,235.95000000000005,0.0,0.0,0.0,0.0,0.0,0.0,0.0,0.0,235.95000000000005,235.95000000000005,235.95000000000005,235.95000000000005,235.95000000000005,235.95000000000005,235.95000000000005,235.95000000000005,235.95000000000005,235.95000000000005,235.95000000000005,235.95000000000005,235.95000000000005,235.95000000000005,235.95000000000005,235.95000000000005,235.95000000000005,0.0,0.0,0.0,0.0,0.0,0.0,0.0,46.89059902265876,235.95000000000005,235.95000000000005,235.95000000000005,235.95000000000005,235.95000000000005,0.0,0.0,0.0,0.0,0.0,0.0,0.0,0.0,235.95000000000005,235.95000000000005,235.95000000000005,0.0,0.0,0.0,0.0,0.0,235.95000000000005,235.95000000000005,235.95000000000005,235.95000000000005,235.95000000000005,235.95000000000005,235.95000000000005,235.95000000000005,235.95000000000005,235.95000000000005,235.95000000000005,235.95000000000005,235.95000000000005,235.95000000000005,235.95000000000005,235.95000000000005,235.95000000000005,235.95000000000005,235.95000000000005,235.95000000000005,235.95000000000005,235.95000000000005,235.95000000000005,235.95000000000005,235.95000000000005,235.95000000000005,235.95000000000005,235.95000000000005,235.95000000000005,235.95000000000005,235.95000000000005,235.95000000000005,235.95000000000005,235.95000000000005,235.95000000000005,235.95000000000005,235.95000000000005,235.95000000000005,0.0,0.0,235.95000000000005,235.95000000000005,235.95000000000005,235.95000000000005,235.95000000000005,235.95000000000005,235.95000000000005,235.95000000000005,235.95000000000005,235.95000000000005,235.95000000000005,235.95000000000005,235.95000000000005,235.95000000000005,0.0,0.0,0.0,0.0,0.0
221,3,JL,cogen_conventional_steam_coal,0.0,0.0,0.0,0.0,0.0,0.0,0.0,0.0,0.0,0.0,0.0,0.0,0.0,0.0,0.0,0.0,0.0,0.0,0.0,0.0,0.0,0.0,0.0,0.0,0.0,0.0,0.0,0.0,0.0,0.0,0.0,0.0,0.0,0.0,0.0,0.0,0.0,0.0,0.0,0.0,235.95000000000005,235.95000000000005,235.95000000000005,235.95000000000005,235.95000000000005,235.95000000000005,235.95000000000005,235.95000000000005,235.95000000000005,235.95000000000005,235.95000000000005,235.95000000000005,235.95000000000005,235.95000000000005,235.95000000000005,0.0,0.0,0.0,0.0,0.0,0.0,0.0,235.95000000000005,235.95000000000005,235.95000000000005,235.95000000000005,235.95000000000005,235.95000000000005,235.95000000000005,235.95000000000005,235.95000000000005,235.95000000000005,235.95000000000005,235.95000000000005,235.95000000000005,235.95000000000005,235.95000000000005,235.95000000000005,235.95000000000005,0.0,0.0,0.0,0.0,0.0,0.0,0.0,0.0,0.0,235.95000000000005,235.95000000000005,235.95000000000005,235.95000000000005,235.95000000000005,0.0,0.0,0.0,0.0,0.0,0.0,0.0,0.0,235.95000000000005,235.95000000000005,235.95000000000005,0.0,0.0,235.95000000000005,0.0,0.0,235.95000000000005,235.95000000000005,235.95000000000005,235.95000000000005,235.95000000000005,235.95000000000005,235.95000000000005,235.95000000000005,235.95000000000005,235.95000000000005,235.95000000000005,235.95000000000005,235.95000000000005,235.95000000000005,235.95000000000005,235.95000000000005,235.95000000000005,235.95000000000005,235.95000000000005,235.95000000000005,235.95000000000005,235.95000000000005,235.95000000000005,235.95000000000005,235.95000000000005,235.95000000000005,235.95000000000005,235.95000000000005,235.95000000000005,235.95000000000005,235.95000000000005,235.95000000000005,235.95000000000005,235.95000000000005,235.95000000000005,235.95000000000005,235.95000000000005,235.95000000000005,228.0715746017097,0.0,235.95000000000005,235.95000000000005,235.95000000000005,235.95000000000005,235.95000000000005,235.95000000000005,235.95000000000005,235.95000000000005,235.95000000000005,235.95000000000005,235.95000000000005,235.95000000000005,235.95000000000005,235.95000000000005,0.0,0.0,0.0,0.0,0.0
222,3,JL,cogen_conventional_steam_coal,0.0,0.0,0.0,0.0,0.0,0.0,0.0,0.0,0.0,0.0,0.0,0.0,0.0,0.0,0.0,0.0,0.0,0.0,0.0,0.0,0.0,0.0,0.0,0.0,0.0,0.0,0.0,0.0,0.0,0.0,0.0,0.0,0.0,0.0,0.0,0.0,0.0,0.0,0.0,44.01748818507326,235.95000000000005,235.95000000000005,235.95000000000005,235.95000000000005,235.95000000000005,235.95000000000005,235.95000000000005,235.95000000000005,235.95000000000005,235.95000000000005,235.95000000000005,235.95000000000005,235.95000000000005,235.95000000000005,235.95000000000005,0.0,0.0,0.0,0.0,0.0,0.0,0.0,175.45887411213994,235.95000000000005,235.95000000000005,235.95000000000005,235.95000000000005,235.95000000000005,235.95000000000005,235.95000000000005,235.95000000000005,235.95000000000005,235.95000000000005,235.95000000000005,235.95000000000005,235.95000000000005,235.95000000000005,235.95000000000005,235.95000000000005,210.67323088249918,0.0,0.0,0.0,0.0,0.0,0.0,0.0,0.0,235.95000000000005,235.95000000000005,235.95000000000005,235.95000000000005,235.95000000000005,0.0,0.0,0.0,0.0,0.0,0.0,0.0,0.0,235.95000000000005,235.95000000000005,235.95000000000005,0.0,0.0,38.12063132121739,0.0,0.0,235.95000000000005,235.95000000000005,235.95000000000005,235.95000000000005,235.95000000000005,235.95000000000005,235.95000000000005,235.95000000000005,235.95000000000005,235.95000000000005,235.95000000000005,235.95000000000005,235.95000000000005,235.95000000000005,235.95000000000005,235.95000000000005,235.95000000000005,235.95000000000005,235.95000000000005,235.95000000000005,235.95000000000005,235.95000000000005,235.95000000000005,235.95000000000005,235.95000000000005,235.95000000000005,235.95000000000005,235.95000000000005,235.95000000000005,235.95000000000005,235.95000000000005,235.95000000000005,235.95000000000005,235.95000000000005,235.95000000000005,235.95000000000005,235.95000000000005,235.95000000000005,0.0,0.0,235.95000000000005,235.95000000000005,235.95000000000005,235.95000000000005,235.95000000000005,235.95000000000005,235.95000000000005,235.95000000000005,235.95000000000005,235.95000000000005,235.95000000000005,235.95000000000005,235.95000000000005,235.95000000000005,0.0,0.0,0.0,0.0,0.0
223,3,JL,conventional_steam_coal,0.0,0.0,0.0,63.11333103453978,235.95000000000005,235.95000000000005,0.0,0.0,0.0,0.0,0.0,0.0,0.0,0.0,0.0,0.0,0.0,0.0,0.0,0.0,0.0,0.0,0.0,0.0,0.0,0.0,0.0,0.0,0.0,0.0,0.0,0.0,0.0,0.0,0.0,0.0,0.0,0.0,0.0,235.95000000000005,235.95000000000005,235.95000000000005,235.95000000000005,235.95000000000005,235.95000000000005,235.95000000000005,235.95000000000005,235.95000000000005,235.95000000000005,235.95000000000005,235.95000000000005,235.95000000000005,235.95000000000005,235.95000000000005,235.95000000000005,235.95000000000005,235.95000000000005,235.95000000000005,235.95000000000005,235.95000000000005,235.95000000000005,235.95000000000005,235.95000000000005,235.95000000000005,235.95000000000005,235.95000000000005,235.95000000000005,235.95000000000005,235.95000000000005,235.95000000000005,235.95000000000005,235.95000000000005,235.95000000000005,235.95000000000005,235.95000000000005,235.95000000000005,235.95000000000005,235.95000000000005,235.95000000000005,235.95000000000005,235.95000000000005,235.95000000000005,235.95000000000005,235.95000000000005,235.95000000000005,235.95000000000005,235.95000000000005,235.95000000000005,235.95000000000005,235.95000000000005,235.95000000000005,235.95000000000005,235.95000000000005,0.0,0.0,0.0,0.0,0.0,0.0,0.0,235.95000000000005,235.95000000000005,235.95000000000005,235.95000000000005,235.95000000000005,235.95000000000005,235.95000000000005,235.95000000000005,235.95000000000005,235.95000000000005,235.95000000000005,235.95000000000005,235.95000000000005,235.95000000000005,235.95000000000005,235.95000000000005,235.95000000000005,235.95000000000005,235.95000000000005,235.95000000000005,235.95000000000005,235.95000000000005,235.95000000000005,235.95000000000005,235.95000000000005,235.95000000000005,235.95000000000005,235.95000000000005,235.95000000000005,235.95000000000005,235.95000000000005,235.95000000000005,235.95000000000005,235.95000000000005,235.95000000000005,235.95000000000005,235.95000000000005,235.95000000000005,235.95000000000005,235.95000000000005,235.95000000000005,235.95000000000005,235.95000000000005,235.95000000000005,235.95000000000005,235.95000000000005,235.95000000000005,235.95000000000005,235.95000000000005,235.95000000000005,235.95000000000005,235.95000000000005,235.95000000000005,235.95000000000005,235.95000000000005,235.95000000000005,235.95000000000005,235.95000000000005,235.95000000000005,235.95000000000005,235.95000000000005,235.95000000000005,235.95000000000005,58.67647899999997,0.0,0.0,0.0,0.0
224,3,JL,cogen_conventional_steam_coal,0.0,0.0,0.0,235.95000000000005,235.95000000000005,235.95000000000005,0.0,0.0,0.0,0.0,0.0,0.0,0.0,0.0,0.0,0.0,0.0,0.0,0.0,0.0,0.0,0.0,0.0,0.0,0.0,0.0,0.0,0.0,0.0,0.0,0.0,0.0,0.0,0.0,0.0,0.0,0.0,0.0,235.95000000000005,235.95000000000005,235.95000000000005,235.95000000000005,235.95000000000005,235.95000000000005,235.95000000000005,235.95000000000005,235.95000000000005,235.95000000000005,235.95000000000005,235.95000000000005,235.95000000000005,235.95000000000005,235.95000000000005,235.95000000000005,235.95000000000005,235.95000000000005,235.95000000000005,235.95000000000005,235.95000000000005,235.95000000000005,235.95000000000005,235.95000000000005,235.95000000000005,235.95000000000005,235.95000000000005,235.95000000000005,235.95000000000005,235.95000000000005,235.95000000000005,235.95000000000005,235.95000000000005,235.95000000000005,235.95000000000005,235.95000000000005,235.95000000000005,235.95000000000005,235.95000000000005,235.95000000000005,235.95000000000005,235.95000000000005,235.95000000000005,235.95000000000005,235.95000000000005,235.95000000000005,235.95000000000005,235.95000000000005,235.95000000000005,235.95000000000005,235.95000000000005,235.95000000000005,235.95000000000005,235.95000000000005,235.95000000000005,233.92388088249913,0.0,0.0,0.0,0.0,0.0,0.0,136.74389883749848,235.95000000000005,235.95000000000005,235.95000000000005,235.95000000000005,235.95000000000005,235.95000000000005,235.95000000000005,235.95000000000005,235.95000000000005,235.95000000000005,235.95000000000005,235.95000000000005,235.95000000000005,235.95000000000005,235.95000000000005,235.95000000000005,235.95000000000005,235.95000000000005,235.95000000000005,235.95000000000005,235.95000000000005,235.95000000000005,235.95000000000005,235.95000000000005,235.95000000000005,235.95000000000005,235.95000000000005,235.95000000000005,235.95000000000005,235.95000000000005,235.95000000000005,235.95000000000005,235.95000000000005,235.95000000000005,235.95000000000005,235.95000000000005,235.95000000000005,235.95000000000005,235.95000000000005,235.95000000000005,235.95000000000005,235.95000000000005,235.95000000000005,235.95000000000005,235.95000000000005,235.95000000000005,235.95000000000005,235.95000000000005,235.95000000000005,235.95000000000005,235.95000000000005,235.95000000000005,235.95000000000005,235.95000000000005,235.95000000000005,235.95000000000005,235.95000000000005,235.95000000000005,235.95000000000005,235.95000000000005,235.95000000000005,235.95000000000005,235.95000000000005,0.0,0.0,0.0,0.0
225,3,JL,cogen_conventional_steam_coal,0.0,0.0,0.0,0.0,109.11739281189739,235.95000000000005,0.0,0.0,0.0,0.0,0.0,0.0,0.0,0.0,0.0,0.0,0.0,0.0,0.0,0.0,0.0,0.0,0.0,0.0,0.0,0.0,0.0,0.0,0.0,0.0,0.0,0.0,0.0,0.0,0.0,0.0,0.0,0.0,235.95000000000005,235.95000000000005,235.95000000000005,235.95000000000005,235.95000000000005,235.95000000000005,235.95000000000005,235.95000000000005,235.95000000000005,235.95000000000005,235.95000000000005,235.95000000000005,235.95000000000005,235.95000000000005,235.95000000000005,235.95000000000005,235.95000000000005,235.95000000000005,235.95000000000005,235.95000000000005,235.95000000000005,235.95000000000005,235.95000000000005,235.95000000000005,235.95000000000005,235.95000000000005,235.95000000000005,235.95000000000005,235.95000000000005,235.95000000000005,235.95000000000005,235.95000000000005,235.95000000000005,235.95000000000005,235.95000000000005,235.95000000000005,235.95000000000005,235.95000000000005,235.95000000000005,235.95000000000005,235.95000000000005,235.95000000000005,235.95000000000005,235.95000000000005,235.95000000000005,235.95000000000005,235.95000000000005,235.95000000000005,235.95000000000005,235.95000000000005,235.95000000000005,235.95000000000005,235.95000000000005,235.95000000000005,235.95000000000005,0.0,0.0,0.0,0.0,0.0,0.0,0.0,235.95000000000005,235.95000000000005,235.95000000000005,235.95000000000005,235.95000000000005,235.95000000000005,235.95000000000005,235.95000000000005,235.95000000000005,235.95000000000005,235.95000000000005,235.95000000000005,235.95000000000005,235.95000000000005,235.95000000000005,235.95000000000005,235.95000000000005,235.95000000000005,235.95000000000005,235.95000000000005,235.95000000000005,235.95000000000005,235.95000000000005,235.95000000000005,235.95000000000005,235.95000000000005,235.95000000000005,235.95000000000005,235.95000000000005,235.95000000000005,235.95000000000005,235.95000000000005,235.95000000000005,235.95000000000005,235.95000000000005,235.95000000000005,235.95000000000005,235.95000000000005,235.95000000000005,235.95000000000005,235.95000000000005,235.95000000000005,235.95000000000005,235.95000000000005,235.95000000000005,235.95000000000005,235.95000000000005,235.95000000000005,235.95000000000005,235.95000000000005,235.95000000000005,235.95000000000005,235.95000000000005,235.95000000000005,235.95000000000005,235.95000000000005,235.95000000000005,235.95000000000005,235.95000000000005,235.95000000000005,235.95000000000005,235.95000000000005,235.95000000000005,235.95000000000005,0.0,0.0,0.0,0.0
226,3,JL,cogen_conventional_steam_coal,0.0,0.0,0.0,0.0,235.95000000000005,235.95000000000005,0.0,0.0,0.0,0.0,0.0,0.0,0.0,0.0,0.0,0.0,0.0,0.0,0.0,0.0,0.0,0.0,0.0,0.0,0.0,0.0,0.0,0.0,0.0,0.0,0.0,0.0,0.0,0.0,0.0,0.0,0.0,0.0,130.20162051213924,235.95000000000005,235.95000000000005,235.95000000000005,235.95000000000005,235.95000000000005,235.95000000000005,235.95000000000005,235.95000000000005,235.95000000000005,235.95000000000005,235.95000000000005,235.95000000000005,235.95000000000005,235.95000000000005,235.95000000000005,235.95000000000005,235.95000000000005,235.95000000000005,235.95000000000005,235.95000000000005,235.95000000000005,235.95000000000005,235.95000000000005,235.95000000000005,235.95000000000005,235.95000000000005,235.95000000000005,235.95000000000005,235.95000000000005,235.95000000000005,235.95000000000005,235.95000000000005,235.95000000000005,235.95000000000005,235.95000000000005,235.95000000000005,235.95000000000005,235.95000000000005,235.95000000000005,235.95000000000005,235.95000000000005,235.95000000000005,235.95000000000005,235.95000000000005,235.95000000000005,235.95000000000005,235.95000000000005,235.95000000000005,235.95000000000005,235.95000000000005,235.95000000000005,235.95000000000005,235.95000000000005,235.95000000000005,0.0,0.0,0.0,0.0,0.0,0.0,180.20161564723594,235.95000000000005,235.95000000000005,235.95000000000005,235.95000000000005,235.95000000000005,235.95000000000005,235.95000000000005,235.95000000000005,235.95000000000005,235.95000000000005,235.95000000000005,235.95000000000005,235.95000000000005,235.95000000000005,235.95000000000005,235.95000000000005,235.95000000000005,235.95000000000005,235.95000000000005,235.95000000000005,235.95000000000005,235.95000000000005,235.95000000000005,235.95000000000005,235.95000000000005,235.95000000000005,235.95000000000005,235.95000000000005,235.95000000000005,235.95000000000005,235.95000000000005,235.95000000000005,235.95000000000005,235.95000000000005,235.95000000000005,235.95000000000005,235.95000000000005,235.95000000000005,235.95000000000005,235.95000000000005,235.95000000000005,235.95000000000005,235.95000000000005,235.95000000000005,235.95000000000005,235.95000000000005,235.95000000000005,235.95000000000005,235.95000000000005,235.95000000000005,235.95000000000005,235.95000000000005,235.95000000000005,235.95000000000005,235.95000000000005,235.95000000000005,235.95000000000005,235.95000000000005,235.95000000000005,235.95000000000005,235.95000000000005,235.95000000000005,235.95000000000005,0.0,0.0,0.0,0.0,0.0
227,4,LN,cogen_conventional_steam_coal,0.0,0.0,0.0,0.0,0.0,0.0,0.0,0.0,0.0,0.0,0.0,0.0,0.0,0.0,0.0,0.0,0.0,0.0,0.0,0.0,0.0,0.0,0.0,0.0,0.0,0.0,0.0,0.0,0.0,0.0,0.0,0.0,0.0,0.0,0.0,0.0,0.0,0.0,0.0,0.0,0.0,0.0,0.0,0.0,0.0,0.0,0.0,0.0,0.0,0.0,0.0,0.0,0.0,0.0,0.0,0.0,0.0,0.0,0.0,0.0,0.0,0.0,0.0,0.0,0.0,0.0,0.0,0.0,0.0,0.0,0.0,0.0,0.0,0.0,0.0,0.0,0.0,0.0,0.0,0.0,0.0,0.0,0.0,0.0,0.0,0.0,0.0,0.0,0.0,0.0,0.0,0.0,0.0,0.0,0.0,0.0,0.0,0.0,0.0,0.0,0.0,0.0,0.0,0.0,0.0,0.0,0.0,0.0,0.0,0.0,0.0,0.0,0.0,0.0,0.0,0.0,0.0,0.0,0.0,0.0,0.0,0.0,0.0,0.0,0.0,0.0,0.0,0.0,0.0,0.0,0.0,0.0,0.0,0.0,0.0,0.0,0.0,0.0,0.0,0.0,0.0,0.0,0.0,0.0,0.0,0.0,0.0,0.0,0.0,0.0,0.0,0.0,0.0,0.0,0.0,0.0,0.0,0.0,0.0,0.0,0.0,0.0,0.0,0.0,0.0,0.0,0.0,0.0
228,4,LN,cogen_conventional_steam_coal,0.0,0.0,0.0,0.0,0.0,0.0,0.0,0.0,0.0,0.0,0.0,0.0,0.0,0.0,0.0,0.0,0.0,0.0,0.0,0.0,0.0,0.0,0.0,0.0,0.0,0.0,0.0,0.0,0.0,0.0,0.0,0.0,0.0,0.0,0.0,0.0,0.0,0.0,0.0,0.0,0.0,0.0,0.0,0.0,0.0,0.0,0.0,0.0,0.0,0.0,0.0,0.0,0.0,0.0,0.0,0.0,0.0,0.0,0.0,0.0,0.0,0.0,0.0,0.0,0.0,0.0,0.0,0.0,0.0,0.0,0.0,0.0,0.0,0.0,0.0,0.0,0.0,0.0,0.0,0.0,0.0,0.0,0.0,0.0,0.0,0.0,0.0,0.0,0.0,0.0,0.0,0.0,0.0,0.0,0.0,0.0,0.0,0.0,0.0,0.0,0.0,0.0,0.0,0.0,0.0,0.0,0.0,0.0,0.0,0.0,0.0,0.0,0.0,0.0,0.0,0.0,0.0,0.0,0.0,0.0,0.0,0.0,0.0,0.0,0.0,0.0,0.0,0.0,0.0,0.0,0.0,0.0,0.0,0.0,0.0,0.0,0.0,0.0,0.0,0.0,0.0,0.0,0.0,0.0,0.0,0.0,0.0,0.0,0.0,0.0,0.0,0.0,0.0,0.0,0.0,0.0,0.0,0.0,0.0,0.0,0.0,0.0,0.0,0.0,0.0,0.0,0.0,0.0
229,4,LN,cogen_conventional_steam_coal,0.0,0.0,0.0,0.0,0.0,0.0,0.0,0.0,0.0,0.0,0.0,0.0,0.0,0.0,0.0,0.0,0.0,0.0,0.0,0.0,0.0,0.0,0.0,0.0,0.0,0.0,0.0,0.0,0.0,0.0,0.0,0.0,0.0,0.0,0.0,0.0,0.0,0.0,0.0,0.0,0.0,0.0,0.0,0.0,0.0,0.0,0.0,0.0,0.0,0.0,0.0,0.0,0.0,0.0,0.0,0.0,0.0,0.0,0.0,0.0,0.0,0.0,0.0,0.0,0.0,0.0,0.0,0.0,0.0,0.0,0.0,0.0,0.0,0.0,0.0,0.0,0.0,0.0,0.0,0.0,0.0,0.0,0.0,0.0,0.0,0.0,0.0,0.0,0.0,0.0,0.0,0.0,0.0,0.0,0.0,0.0,0.0,0.0,0.0,0.0,0.0,0.0,0.0,0.0,0.0,0.0,0.0,0.0,0.0,0.0,0.0,0.0,0.0,0.0,0.0,0.0,0.0,0.0,0.0,0.0,0.0,0.0,0.0,0.0,0.0,0.0,0.0,0.0,0.0,0.0,0.0,0.0,0.0,0.0,0.0,0.0,0.0,0.0,0.0,0.0,0.0,0.0,0.0,0.0,0.0,0.0,0.0,0.0,0.0,0.0,0.0,0.0,0.0,0.0,0.0,0.0,0.0,0.0,0.0,0.0,0.0,0.0,0.0,0.0,0.0,0.0,0.0,0.0
230,4,LN,cogen_conventional_steam_coal,0.0,0.0,0.0,0.0,0.0,0.0,0.0,0.0,0.0,0.0,0.0,0.0,0.0,0.0,0.0,0.0,0.0,0.0,0.0,0.0,0.0,0.0,0.0,0.0,0.0,0.0,0.0,0.0,0.0,0.0,0.0,0.0,0.0,0.0,0.0,0.0,0.0,0.0,0.0,0.0,0.0,0.0,0.0,0.0,0.0,0.0,0.0,0.0,0.0,0.0,0.0,0.0,0.0,0.0,0.0,0.0,0.0,0.0,0.0,0.0,0.0,0.0,0.0,0.0,0.0,0.0,0.0,0.0,0.0,0.0,0.0,0.0,0.0,0.0,0.0,0.0,0.0,0.0,0.0,0.0,0.0,0.0,0.0,0.0,0.0,0.0,0.0,0.0,0.0,0.0,0.0,0.0,0.0,0.0,0.0,0.0,0.0,0.0,0.0,0.0,0.0,0.0,0.0,0.0,0.0,0.0,0.0,0.0,0.0,0.0,0.0,0.0,0.0,0.0,0.0,0.0,0.0,0.0,0.0,0.0,0.0,0.0,0.0,0.0,0.0,0.0,0.0,0.0,0.0,0.0,0.0,0.0,0.0,0.0,0.0,0.0,0.0,0.0,0.0,0.0,0.0,0.0,0.0,0.0,0.0,0.0,0.0,0.0,0.0,0.0,0.0,0.0,0.0,0.0,0.0,0.0,0.0,0.0,0.0,0.0,0.0,0.0,0.0,0.0,0.0,0.0,0.0,0.0
231,4,LN,conventional_steam_coal,0.0,0.0,0.0,0.0,0.0,0.0,0.0,0.0,0.0,0.0,0.0,0.0,0.0,0.0,0.0,0.0,0.0,0.0,0.0,0.0,0.0,0.0,0.0,0.0,0.0,0.0,0.0,0.0,0.0,0.0,0.0,0.0,0.0,0.0,0.0,0.0,0.0,0.0,0.0,0.0,0.0,0.0,0.0,0.0,0.0,0.0,0.0,0.0,0.0,0.0,0.0,0.0,0.0,0.0,0.0,0.0,0.0,0.0,0.0,0.0,0.0,0.0,0.0,0.0,0.0,0.0,0.0,0.0,0.0,0.0,0.0,0.0,0.0,0.0,0.0,0.0,0.0,0.0,0.0,0.0,0.0,0.0,0.0,0.0,0.0,0.0,0.0,0.0,0.0,0.0,0.0,0.0,0.0,0.0,0.0,0.0,0.0,0.0,0.0,0.0,0.0,0.0,0.0,0.0,0.0,0.0,0.0,0.0,0.0,0.0,0.0,0.0,0.0,0.0,0.0,0.0,0.0,0.0,0.0,0.0,0.0,0.0,0.0,0.0,0.0,0.0,0.0,0.0,0.0,0.0,0.0,0.0,0.0,0.0,0.0,0.0,0.0,0.0,0.0,0.0,0.0,0.0,0.0,0.0,0.0,0.0,0.0,0.0,0.0,0.0,0.0,0.0,0.0,0.0,0.0,0.0,0.0,0.0,0.0,0.0,0.0,0.0,0.0,0.0,0.0,0.0,0.0,0.0
232,4,LN,conventional_steam_coal,0.0,0.0,0.0,0.0,0.0,0.0,0.0,0.0,0.0,0.0,0.0,0.0,0.0,0.0,0.0,0.0,0.0,0.0,0.0,0.0,0.0,0.0,0.0,0.0,0.0,0.0,0.0,0.0,0.0,0.0,0.0,0.0,0.0,0.0,0.0,0.0,0.0,0.0,0.0,0.0,0.0,0.0,0.0,0.0,0.0,0.0,0.0,0.0,0.0,0.0,0.0,0.0,0.0,0.0,0.0,0.0,0.0,0.0,0.0,0.0,0.0,0.0,0.0,0.0,0.0,0.0,0.0,0.0,0.0,0.0,0.0,0.0,0.0,0.0,0.0,0.0,0.0,0.0,0.0,0.0,0.0,0.0,0.0,0.0,0.0,0.0,0.0,0.0,0.0,0.0,0.0,0.0,0.0,0.0,0.0,0.0,0.0,0.0,0.0,0.0,0.0,0.0,0.0,0.0,0.0,0.0,0.0,0.0,0.0,0.0,0.0,0.0,0.0,0.0,0.0,0.0,0.0,0.0,0.0,0.0,0.0,0.0,0.0,0.0,0.0,0.0,0.0,0.0,0.0,0.0,0.0,0.0,0.0,0.0,0.0,0.0,0.0,0.0,0.0,0.0,0.0,0.0,0.0,0.0,0.0,0.0,0.0,0.0,0.0,0.0,0.0,0.0,0.0,0.0,0.0,0.0,0.0,0.0,0.0,0.0,0.0,0.0,0.0,0.0,0.0,0.0,0.0,0.0
233,4,LN,cogen_conventional_steam_coal,0.0,0.0,0.0,0.0,0.0,0.0,0.0,0.0,0.0,0.0,0.0,0.0,0.0,0.0,0.0,0.0,0.0,0.0,0.0,0.0,0.0,0.0,0.0,0.0,0.0,0.0,0.0,0.0,0.0,0.0,0.0,0.0,0.0,0.0,0.0,0.0,0.0,0.0,0.0,0.0,0.0,0.0,0.0,0.0,0.0,0.0,0.0,0.0,0.0,0.0,0.0,0.0,0.0,0.0,0.0,0.0,0.0,0.0,0.0,0.0,0.0,0.0,0.0,0.0,0.0,0.0,0.0,0.0,0.0,0.0,0.0,0.0,0.0,0.0,0.0,0.0,0.0,0.0,0.0,0.0,0.0,0.0,0.0,0.0,0.0,0.0,0.0,0.0,0.0,0.0,0.0,0.0,0.0,0.0,0.0,0.0,0.0,0.0,0.0,0.0,0.0,0.0,0.0,0.0,0.0,0.0,0.0,0.0,0.0,0.0,0.0,0.0,0.0,0.0,0.0,0.0,0.0,0.0,0.0,0.0,0.0,0.0,0.0,0.0,0.0,0.0,0.0,0.0,0.0,0.0,0.0,0.0,0.0,0.0,0.0,0.0,0.0,0.0,0.0,0.0,0.0,0.0,0.0,0.0,0.0,0.0,0.0,0.0,0.0,0.0,0.0,0.0,0.0,0.0,0.0,0.0,0.0,0.0,0.0,0.0,0.0,0.0,0.0,0.0,0.0,0.0,0.0,0.0
234,4,LN,cogen_conventional_steam_coal,0.0,0.0,0.0,0.0,0.0,0.0,0.0,0.0,0.0,0.0,0.0,0.0,0.0,0.0,0.0,0.0,0.0,0.0,0.0,0.0,0.0,0.0,0.0,0.0,0.0,0.0,0.0,0.0,0.0,0.0,0.0,0.0,0.0,0.0,0.0,0.0,0.0,0.0,0.0,0.0,0.0,0.0,0.0,0.0,0.0,0.0,0.0,0.0,0.0,0.0,0.0,0.0,0.0,0.0,0.0,0.0,0.0,0.0,0.0,0.0,0.0,0.0,0.0,0.0,0.0,0.0,0.0,0.0,0.0,0.0,0.0,0.0,0.0,0.0,0.0,0.0,0.0,0.0,0.0,0.0,0.0,0.0,0.0,0.0,0.0,0.0,0.0,0.0,0.0,0.0,0.0,0.0,0.0,0.0,0.0,0.0,0.0,0.0,0.0,0.0,0.0,0.0,0.0,0.0,0.0,0.0,0.0,0.0,0.0,0.0,0.0,0.0,0.0,0.0,0.0,0.0,0.0,0.0,0.0,0.0,0.0,0.0,0.0,0.0,0.0,0.0,0.0,0.0,0.0,0.0,0.0,0.0,0.0,0.0,0.0,0.0,0.0,0.0,0.0,0.0,0.0,0.0,0.0,0.0,0.0,0.0,0.0,0.0,0.0,0.0,0.0,0.0,0.0,0.0,0.0,0.0,0.0,0.0,0.0,0.0,0.0,0.0,0.0,0.0,0.0,0.0,0.0,0.0
235,4,LN,cogen_conventional_steam_coal,0.0,0.0,0.0,0.0,0.0,0.0,0.0,0.0,0.0,0.0,0.0,0.0,0.0,0.0,0.0,0.0,0.0,0.0,0.0,0.0,0.0,0.0,0.0,0.0,0.0,0.0,0.0,0.0,0.0,0.0,0.0,0.0,0.0,0.0,0.0,0.0,0.0,0.0,0.0,0.0,0.0,0.0,0.0,0.0,0.0,0.0,0.0,0.0,0.0,0.0,0.0,0.0,0.0,0.0,0.0,0.0,0.0,0.0,0.0,0.0,0.0,0.0,0.0,0.0,0.0,0.0,0.0,0.0,0.0,0.0,0.0,0.0,0.0,0.0,0.0,0.0,0.0,0.0,0.0,0.0,0.0,0.0,0.0,0.0,0.0,0.0,0.0,0.0,0.0,0.0,0.0,0.0,0.0,0.0,0.0,0.0,0.0,0.0,0.0,0.0,0.0,0.0,0.0,0.0,0.0,0.0,0.0,0.0,0.0,0.0,0.0,0.0,0.0,0.0,0.0,0.0,0.0,0.0,0.0,0.0,0.0,0.0,0.0,0.0,0.0,0.0,0.0,0.0,0.0,0.0,0.0,0.0,0.0,0.0,0.0,0.0,0.0,0.0,0.0,0.0,0.0,0.0,0.0,0.0,0.0,0.0,0.0,0.0,0.0,0.0,0.0,0.0,0.0,0.0,0.0,0.0,0.0,0.0,0.0,0.0,0.0,0.0,0.0,0.0,0.0,0.0,0.0,0.0
236,4,LN,cogen_conventional_steam_coal,0.0,0.0,0.0,0.0,0.0,0.0,0.0,0.0,0.0,0.0,0.0,0.0,0.0,0.0,0.0,0.0,0.0,0.0,0.0,0.0,0.0,0.0,0.0,0.0,0.0,0.0,0.0,0.0,0.0,0.0,0.0,0.0,0.0,0.0,0.0,0.0,0.0,0.0,0.0,0.0,0.0,0.0,0.0,0.0,0.0,0.0,0.0,0.0,0.0,0.0,0.0,0.0,0.0,0.0,0.0,0.0,0.0,0.0,0.0,0.0,0.0,0.0,0.0,0.0,0.0,0.0,0.0,0.0,0.0,0.0,0.0,0.0,0.0,0.0,0.0,0.0,0.0,0.0,0.0,0.0,0.0,0.0,0.0,0.0,0.0,0.0,0.0,0.0,0.0,0.0,0.0,0.0,0.0,0.0,0.0,0.0,0.0,0.0,0.0,0.0,0.0,0.0,0.0,0.0,0.0,0.0,0.0,0.0,0.0,0.0,0.0,0.0,0.0,0.0,0.0,0.0,0.0,0.0,0.0,0.0,0.0,0.0,0.0,0.0,0.0,0.0,0.0,0.0,0.0,0.0,0.0,0.0,0.0,0.0,0.0,0.0,0.0,0.0,0.0,0.0,0.0,0.0,0.0,0.0,0.0,0.0,0.0,0.0,0.0,0.0,0.0,0.0,0.0,0.0,0.0,0.0,0.0,0.0,0.0,0.0,0.0,0.0,0.0,0.0,0.0,0.0,0.0,0.0
237,4,LN,cogen_conventional_steam_coal,0.0,0.0,0.0,0.0,0.0,0.0,0.0,0.0,0.0,0.0,0.0,0.0,0.0,0.0,0.0,0.0,0.0,0.0,0.0,0.0,0.0,0.0,0.0,0.0,0.0,0.0,0.0,0.0,0.0,0.0,0.0,0.0,0.0,0.0,0.0,0.0,0.0,0.0,0.0,0.0,0.0,0.0,0.0,0.0,0.0,0.0,0.0,0.0,0.0,0.0,0.0,0.0,0.0,0.0,0.0,0.0,0.0,0.0,0.0,0.0,0.0,0.0,0.0,0.0,0.0,0.0,0.0,0.0,0.0,0.0,0.0,0.0,0.0,0.0,0.0,0.0,0.0,0.0,0.0,0.0,0.0,0.0,0.0,0.0,0.0,0.0,0.0,0.0,0.0,0.0,0.0,0.0,0.0,0.0,0.0,0.0,0.0,0.0,0.0,0.0,0.0,0.0,0.0,0.0,0.0,0.0,0.0,0.0,0.0,0.0,0.0,0.0,0.0,0.0,0.0,0.0,0.0,0.0,0.0,0.0,0.0,0.0,0.0,0.0,0.0,0.0,0.0,0.0,0.0,0.0,0.0,0.0,0.0,0.0,0.0,0.0,0.0,0.0,0.0,0.0,0.0,0.0,0.0,0.0,0.0,0.0,0.0,0.0,0.0,0.0,0.0,0.0,0.0,0.0,0.0,0.0,0.0,0.0,0.0,0.0,0.0,0.0,0.0,0.0,0.0,0.0,0.0,0.0
238,4,LN,cogen_conventional_steam_coal,0.0,0.0,0.0,0.0,0.0,0.0,0.0,0.0,0.0,0.0,0.0,0.0,0.0,0.0,0.0,0.0,0.0,0.0,0.0,0.0,0.0,0.0,0.0,0.0,0.0,0.0,0.0,0.0,0.0,0.0,0.0,0.0,0.0,0.0,0.0,0.0,0.0,0.0,0.0,0.0,0.0,0.0,0.0,0.0,0.0,0.0,0.0,0.0,0.0,0.0,0.0,0.0,0.0,0.0,0.0,0.0,0.0,0.0,0.0,0.0,0.0,0.0,0.0,0.0,0.0,0.0,0.0,0.0,0.0,0.0,0.0,0.0,0.0,0.0,0.0,0.0,0.0,0.0,0.0,0.0,0.0,0.0,0.0,0.0,0.0,0.0,0.0,0.0,0.0,0.0,0.0,0.0,0.0,0.0,0.0,0.0,0.0,0.0,0.0,0.0,0.0,0.0,0.0,0.0,0.0,0.0,0.0,0.0,0.0,0.0,0.0,0.0,0.0,0.0,0.0,0.0,0.0,0.0,0.0,0.0,0.0,0.0,0.0,0.0,0.0,0.0,0.0,0.0,0.0,0.0,0.0,0.0,0.0,0.0,0.0,0.0,0.0,0.0,0.0,0.0,0.0,0.0,0.0,0.0,0.0,0.0,0.0,0.0,0.0,0.0,0.0,0.0,0.0,0.0,0.0,0.0,0.0,0.0,0.0,0.0,0.0,0.0,0.0,0.0,0.0,0.0,0.0,0.0
239,4,LN,cogen_conventional_steam_coal,0.0,0.0,0.0,0.0,0.0,0.0,0.0,0.0,0.0,0.0,0.0,0.0,0.0,0.0,0.0,0.0,0.0,0.0,0.0,0.0,0.0,0.0,0.0,0.0,0.0,0.0,0.0,0.0,0.0,0.0,0.0,0.0,0.0,0.0,0.0,0.0,0.0,0.0,0.0,0.0,0.0,0.0,0.0,0.0,0.0,0.0,0.0,0.0,0.0,0.0,0.0,0.0,0.0,0.0,0.0,0.0,0.0,0.0,0.0,0.0,0.0,0.0,0.0,0.0,0.0,0.0,0.0,0.0,0.0,0.0,0.0,0.0,0.0,0.0,0.0,0.0,0.0,0.0,0.0,0.0,0.0,0.0,0.0,0.0,0.0,0.0,0.0,0.0,0.0,0.0,0.0,0.0,0.0,0.0,0.0,0.0,0.0,0.0,0.0,0.0,0.0,0.0,0.0,0.0,0.0,0.0,0.0,0.0,0.0,0.0,0.0,0.0,0.0,0.0,0.0,0.0,0.0,0.0,0.0,0.0,0.0,0.0,0.0,0.0,0.0,0.0,0.0,0.0,0.0,0.0,0.0,0.0,0.0,0.0,0.0,0.0,0.0,0.0,0.0,0.0,0.0,0.0,0.0,0.0,0.0,0.0,0.0,0.0,0.0,0.0,0.0,0.0,0.0,0.0,0.0,0.0,0.0,0.0,0.0,0.0,0.0,0.0,0.0,0.0,0.0,0.0,0.0,0.0
240,4,LN,cogen_conventional_steam_coal,0.0,0.0,0.0,0.0,0.0,0.0,0.0,0.0,0.0,0.0,0.0,0.0,0.0,0.0,0.0,0.0,0.0,0.0,0.0,0.0,0.0,0.0,0.0,0.0,0.0,0.0,0.0,0.0,0.0,0.0,0.0,0.0,0.0,0.0,0.0,0.0,0.0,0.0,0.0,0.0,0.0,0.0,0.0,0.0,0.0,0.0,0.0,0.0,0.0,0.0,0.0,0.0,0.0,0.0,0.0,0.0,0.0,0.0,0.0,0.0,0.0,0.0,0.0,0.0,0.0,0.0,0.0,0.0,0.0,0.0,0.0,0.0,0.0,0.0,0.0,0.0,0.0,0.0,0.0,0.0,0.0,0.0,0.0,0.0,0.0,0.0,0.0,0.0,0.0,0.0,0.0,0.0,0.0,0.0,0.0,0.0,0.0,0.0,0.0,0.0,0.0,0.0,0.0,0.0,0.0,0.0,0.0,0.0,0.0,0.0,0.0,0.0,0.0,0.0,0.0,0.0,0.0,0.0,0.0,0.0,0.0,0.0,0.0,0.0,0.0,0.0,0.0,0.0,0.0,0.0,0.0,0.0,0.0,0.0,0.0,0.0,0.0,0.0,0.0,0.0,0.0,0.0,0.0,0.0,0.0,0.0,0.0,0.0,0.0,0.0,0.0,0.0,0.0,0.0,0.0,0.0,0.0,0.0,0.0,0.0,0.0,0.0,0.0,0.0,0.0,0.0,0.0,0.0
241,4,LN,cogen_conventional_steam_coal,0.0,0.0,0.0,0.0,0.0,0.0,0.0,0.0,0.0,0.0,0.0,0.0,0.0,0.0,0.0,0.0,0.0,0.0,0.0,0.0,0.0,0.0,0.0,0.0,0.0,0.0,0.0,0.0,0.0,0.0,0.0,0.0,0.0,0.0,0.0,0.0,0.0,0.0,0.0,0.0,0.0,0.0,0.0,0.0,0.0,0.0,0.0,0.0,0.0,0.0,0.0,0.0,0.0,0.0,0.0,0.0,0.0,0.0,0.0,0.0,0.0,0.0,0.0,0.0,0.0,0.0,0.0,0.0,0.0,0.0,0.0,0.0,0.0,0.0,0.0,0.0,0.0,0.0,0.0,0.0,0.0,0.0,0.0,0.0,0.0,0.0,0.0,0.0,0.0,0.0,0.0,0.0,0.0,0.0,0.0,0.0,0.0,0.0,0.0,0.0,0.0,0.0,0.0,0.0,0.0,0.0,0.0,0.0,0.0,0.0,0.0,0.0,0.0,0.0,0.0,0.0,0.0,0.0,0.0,0.0,0.0,0.0,0.0,0.0,0.0,0.0,0.0,0.0,0.0,0.0,0.0,0.0,0.0,0.0,0.0,0.0,0.0,0.0,0.0,0.0,0.0,0.0,0.0,0.0,0.0,0.0,0.0,0.0,0.0,0.0,0.0,0.0,0.0,0.0,0.0,0.0,0.0,0.0,0.0,0.0,0.0,0.0,0.0,0.0,0.0,0.0,0.0,0.0
242,4,LN,cogen_conventional_steam_coal,0.0,0.0,0.0,0.0,0.0,0.0,0.0,0.0,0.0,0.0,0.0,0.0,0.0,0.0,0.0,0.0,0.0,0.0,0.0,0.0,0.0,0.0,0.0,0.0,0.0,0.0,0.0,0.0,0.0,0.0,0.0,0.0,0.0,0.0,0.0,0.0,0.0,0.0,0.0,0.0,0.0,0.0,0.0,0.0,0.0,0.0,0.0,0.0,0.0,0.0,0.0,0.0,0.0,0.0,0.0,0.0,0.0,0.0,0.0,0.0,0.0,0.0,0.0,0.0,0.0,0.0,0.0,0.0,0.0,0.0,0.0,0.0,0.0,0.0,0.0,0.0,0.0,0.0,0.0,0.0,0.0,0.0,0.0,0.0,0.0,0.0,0.0,0.0,0.0,0.0,0.0,0.0,0.0,0.0,0.0,0.0,0.0,0.0,0.0,0.0,0.0,0.0,0.0,0.0,0.0,0.0,0.0,0.0,0.0,0.0,0.0,0.0,0.0,0.0,0.0,0.0,0.0,0.0,0.0,0.0,0.0,0.0,0.0,0.0,0.0,0.0,0.0,0.0,0.0,0.0,0.0,0.0,0.0,0.0,0.0,0.0,0.0,0.0,0.0,0.0,0.0,0.0,0.0,0.0,0.0,0.0,0.0,0.0,0.0,0.0,0.0,0.0,0.0,0.0,0.0,0.0,0.0,0.0,0.0,0.0,0.0,0.0,0.0,0.0,0.0,0.0,0.0,0.0
243,4,LN,cogen_conventional_steam_coal,0.0,0.0,0.0,0.0,0.0,0.0,0.0,0.0,0.0,0.0,0.0,0.0,0.0,0.0,0.0,0.0,0.0,0.0,0.0,0.0,0.0,0.0,0.0,0.0,0.0,0.0,0.0,0.0,0.0,0.0,0.0,0.0,0.0,0.0,0.0,0.0,0.0,0.0,0.0,0.0,0.0,0.0,0.0,0.0,0.0,0.0,0.0,0.0,0.0,0.0,0.0,0.0,0.0,0.0,0.0,0.0,0.0,0.0,0.0,0.0,0.0,0.0,0.0,0.0,0.0,0.0,0.0,0.0,0.0,0.0,0.0,0.0,0.0,0.0,0.0,0.0,0.0,0.0,0.0,0.0,0.0,0.0,0.0,0.0,0.0,0.0,0.0,0.0,0.0,0.0,0.0,0.0,0.0,0.0,0.0,0.0,0.0,0.0,0.0,0.0,0.0,0.0,0.0,0.0,0.0,0.0,0.0,0.0,0.0,0.0,0.0,0.0,0.0,0.0,0.0,0.0,0.0,0.0,0.0,0.0,0.0,0.0,0.0,0.0,0.0,0.0,0.0,0.0,0.0,0.0,0.0,0.0,0.0,0.0,0.0,0.0,0.0,0.0,0.0,0.0,0.0,0.0,0.0,0.0,0.0,0.0,0.0,0.0,0.0,0.0,0.0,0.0,0.0,0.0,0.0,0.0,0.0,0.0,0.0,0.0,0.0,0.0,0.0,0.0,0.0,0.0,0.0,0.0
244,4,LN,cogen_conventional_steam_coal,0.0,0.0,0.0,0.0,0.0,0.0,0.0,0.0,0.0,0.0,0.0,0.0,0.0,0.0,0.0,0.0,0.0,0.0,0.0,0.0,0.0,0.0,0.0,0.0,0.0,0.0,0.0,0.0,0.0,0.0,0.0,0.0,0.0,0.0,0.0,0.0,0.0,0.0,0.0,0.0,0.0,0.0,0.0,0.0,0.0,0.0,0.0,0.0,0.0,0.0,0.0,0.0,0.0,0.0,0.0,0.0,0.0,0.0,0.0,0.0,0.0,0.0,0.0,0.0,0.0,0.0,0.0,0.0,0.0,0.0,0.0,0.0,0.0,0.0,0.0,0.0,0.0,0.0,0.0,0.0,0.0,0.0,0.0,0.0,0.0,0.0,0.0,0.0,0.0,0.0,0.0,0.0,0.0,0.0,0.0,0.0,0.0,0.0,0.0,0.0,0.0,0.0,0.0,0.0,0.0,0.0,0.0,0.0,0.0,0.0,0.0,0.0,0.0,0.0,0.0,0.0,0.0,0.0,0.0,0.0,0.0,0.0,0.0,0.0,0.0,0.0,0.0,0.0,0.0,0.0,0.0,0.0,0.0,0.0,0.0,0.0,0.0,0.0,0.0,0.0,0.0,0.0,0.0,0.0,0.0,0.0,0.0,0.0,0.0,0.0,0.0,0.0,0.0,0.0,0.0,0.0,0.0,0.0,0.0,0.0,0.0,0.0,0.0,0.0,0.0,0.0,0.0,0.0
245,4,LN,cogen_conventional_steam_coal,0.0,0.0,0.0,0.0,0.0,0.0,0.0,0.0,0.0,0.0,0.0,0.0,0.0,0.0,0.0,0.0,0.0,0.0,0.0,0.0,0.0,0.0,0.0,0.0,0.0,0.0,0.0,0.0,0.0,0.0,0.0,0.0,0.0,0.0,0.0,0.0,0.0,0.0,0.0,0.0,0.0,0.0,0.0,0.0,0.0,0.0,0.0,0.0,0.0,0.0,0.0,0.0,0.0,0.0,0.0,0.0,0.0,0.0,0.0,0.0,0.0,0.0,0.0,0.0,0.0,0.0,0.0,0.0,0.0,0.0,0.0,0.0,0.0,0.0,0.0,0.0,0.0,0.0,0.0,0.0,0.0,0.0,0.0,0.0,0.0,0.0,0.0,0.0,0.0,0.0,0.0,0.0,0.0,0.0,0.0,0.0,0.0,0.0,0.0,0.0,0.0,0.0,0.0,0.0,0.0,0.0,0.0,0.0,0.0,0.0,0.0,0.0,0.0,0.0,0.0,0.0,0.0,0.0,0.0,0.0,0.0,0.0,0.0,0.0,0.0,0.0,0.0,0.0,0.0,0.0,0.0,0.0,0.0,0.0,0.0,0.0,0.0,0.0,0.0,0.0,0.0,0.0,0.0,0.0,0.0,0.0,0.0,0.0,0.0,0.0,0.0,0.0,0.0,0.0,0.0,0.0,0.0,0.0,0.0,0.0,0.0,0.0,0.0,0.0,0.0,0.0,0.0,0.0
246,4,LN,cogen_conventional_steam_coal,0.0,0.0,0.0,0.0,0.0,0.0,0.0,0.0,0.0,0.0,0.0,0.0,0.0,0.0,0.0,0.0,0.0,0.0,0.0,0.0,0.0,0.0,0.0,0.0,0.0,0.0,0.0,0.0,0.0,0.0,0.0,0.0,0.0,0.0,0.0,0.0,0.0,0.0,0.0,0.0,0.0,0.0,0.0,0.0,0.0,0.0,0.0,0.0,0.0,0.0,0.0,0.0,0.0,0.0,0.0,0.0,0.0,0.0,0.0,0.0,0.0,0.0,0.0,0.0,0.0,0.0,0.0,0.0,0.0,0.0,0.0,0.0,0.0,0.0,0.0,0.0,0.0,0.0,0.0,0.0,0.0,0.0,0.0,0.0,0.0,0.0,0.0,0.0,0.0,0.0,0.0,0.0,0.0,0.0,0.0,0.0,0.0,0.0,0.0,0.0,0.0,0.0,0.0,0.0,0.0,0.0,0.0,0.0,0.0,0.0,0.0,0.0,0.0,0.0,0.0,0.0,0.0,0.0,0.0,0.0,0.0,0.0,0.0,0.0,0.0,0.0,0.0,0.0,0.0,0.0,0.0,0.0,0.0,0.0,0.0,0.0,0.0,0.0,0.0,0.0,0.0,0.0,0.0,0.0,0.0,0.0,0.0,0.0,0.0,0.0,0.0,0.0,0.0,0.0,0.0,0.0,0.0,0.0,0.0,0.0,0.0,0.0,0.0,0.0,0.0,0.0,0.0,0.0
247,4,LN,cogen_conventional_steam_coal,0.0,0.0,0.0,0.0,0.0,0.0,0.0,0.0,0.0,0.0,0.0,0.0,0.0,0.0,0.0,0.0,0.0,0.0,0.0,0.0,0.0,0.0,0.0,0.0,0.0,0.0,0.0,0.0,0.0,0.0,0.0,0.0,0.0,0.0,0.0,0.0,0.0,0.0,0.0,0.0,0.0,0.0,0.0,0.0,0.0,0.0,0.0,0.0,0.0,0.0,0.0,0.0,0.0,0.0,0.0,0.0,0.0,0.0,0.0,0.0,0.0,0.0,0.0,0.0,0.0,0.0,0.0,0.0,0.0,0.0,0.0,0.0,0.0,0.0,0.0,0.0,0.0,0.0,0.0,0.0,0.0,0.0,0.0,0.0,0.0,0.0,0.0,0.0,0.0,0.0,0.0,0.0,0.0,0.0,0.0,0.0,0.0,0.0,0.0,0.0,0.0,0.0,0.0,0.0,0.0,0.0,0.0,0.0,0.0,0.0,0.0,0.0,0.0,0.0,0.0,0.0,0.0,0.0,0.0,0.0,0.0,0.0,0.0,0.0,0.0,0.0,0.0,0.0,0.0,0.0,0.0,0.0,0.0,0.0,0.0,0.0,0.0,0.0,0.0,0.0,0.0,0.0,0.0,0.0,0.0,0.0,0.0,0.0,0.0,0.0,0.0,0.0,0.0,0.0,0.0,0.0,0.0,0.0,0.0,0.0,0.0,0.0,0.0,0.0,0.0,0.0,0.0,0.0
248,4,LN,cogen_conventional_steam_coal,0.0,0.0,0.0,0.0,0.0,0.0,0.0,0.0,0.0,0.0,0.0,0.0,0.0,0.0,0.0,0.0,0.0,0.0,0.0,0.0,0.0,0.0,0.0,0.0,0.0,0.0,0.0,0.0,0.0,0.0,0.0,0.0,0.0,0.0,0.0,0.0,0.0,0.0,0.0,0.0,0.0,0.0,0.0,0.0,0.0,0.0,0.0,0.0,0.0,0.0,0.0,0.0,0.0,0.0,0.0,0.0,0.0,0.0,0.0,0.0,0.0,0.0,0.0,0.0,0.0,0.0,0.0,0.0,0.0,0.0,0.0,0.0,0.0,0.0,0.0,0.0,0.0,0.0,0.0,0.0,0.0,0.0,0.0,0.0,0.0,0.0,0.0,0.0,0.0,0.0,0.0,0.0,0.0,0.0,0.0,0.0,0.0,0.0,0.0,0.0,0.0,0.0,0.0,0.0,0.0,0.0,0.0,0.0,0.0,0.0,0.0,0.0,0.0,0.0,0.0,0.0,0.0,0.0,0.0,0.0,0.0,0.0,0.0,0.0,0.0,0.0,0.0,0.0,0.0,0.0,0.0,0.0,0.0,0.0,0.0,0.0,0.0,0.0,0.0,0.0,0.0,0.0,0.0,0.0,0.0,0.0,0.0,0.0,0.0,0.0,0.0,0.0,0.0,0.0,0.0,0.0,0.0,0.0,0.0,0.0,0.0,0.0,0.0,0.0,0.0,0.0,0.0,0.0
249,4,LN,cogen_conventional_steam_coal,0.0,0.0,0.0,0.0,0.0,0.0,0.0,0.0,0.0,0.0,0.0,0.0,0.0,0.0,0.0,0.0,0.0,0.0,0.0,0.0,0.0,0.0,0.0,0.0,0.0,0.0,0.0,0.0,0.0,0.0,0.0,0.0,0.0,0.0,0.0,0.0,0.0,0.0,0.0,0.0,0.0,0.0,0.0,0.0,0.0,0.0,0.0,0.0,0.0,0.0,0.0,0.0,0.0,0.0,0.0,0.0,0.0,0.0,0.0,0.0,0.0,0.0,0.0,0.0,0.0,0.0,0.0,0.0,0.0,0.0,0.0,0.0,0.0,0.0,0.0,0.0,0.0,0.0,0.0,0.0,0.0,0.0,0.0,0.0,0.0,0.0,0.0,0.0,0.0,0.0,0.0,0.0,0.0,0.0,0.0,0.0,0.0,0.0,0.0,0.0,0.0,0.0,0.0,0.0,0.0,0.0,0.0,0.0,0.0,0.0,0.0,0.0,0.0,0.0,0.0,0.0,0.0,0.0,0.0,0.0,0.0,0.0,0.0,0.0,0.0,0.0,0.0,0.0,0.0,0.0,0.0,0.0,0.0,0.0,0.0,0.0,0.0,0.0,0.0,0.0,0.0,0.0,0.0,0.0,0.0,0.0,0.0,0.0,0.0,0.0,0.0,0.0,0.0,0.0,0.0,0.0,0.0,0.0,0.0,0.0,0.0,0.0,0.0,0.0,0.0,0.0,0.0,0.0
250,4,LN,cogen_conventional_steam_coal,0.0,0.0,0.0,0.0,0.0,0.0,0.0,0.0,0.0,0.0,0.0,0.0,0.0,0.0,0.0,0.0,0.0,0.0,0.0,0.0,0.0,0.0,0.0,0.0,0.0,0.0,0.0,0.0,0.0,0.0,0.0,0.0,0.0,0.0,0.0,0.0,0.0,0.0,0.0,0.0,0.0,0.0,0.0,0.0,0.0,0.0,0.0,0.0,0.0,0.0,0.0,0.0,0.0,0.0,0.0,0.0,0.0,0.0,0.0,0.0,0.0,0.0,0.0,0.0,0.0,0.0,0.0,0.0,0.0,0.0,0.0,0.0,0.0,0.0,0.0,0.0,0.0,0.0,0.0,0.0,0.0,0.0,0.0,0.0,0.0,0.0,0.0,0.0,0.0,0.0,0.0,0.0,0.0,0.0,0.0,0.0,0.0,0.0,0.0,0.0,0.0,0.0,0.0,0.0,0.0,0.0,0.0,0.0,0.0,0.0,0.0,0.0,0.0,0.0,0.0,0.0,0.0,0.0,0.0,0.0,0.0,0.0,0.0,0.0,0.0,0.0,0.0,0.0,0.0,0.0,0.0,0.0,0.0,0.0,0.0,0.0,0.0,0.0,0.0,0.0,0.0,0.0,0.0,0.0,0.0,0.0,0.0,0.0,0.0,0.0,0.0,0.0,0.0,0.0,0.0,0.0,0.0,0.0,0.0,0.0,0.0,0.0,0.0,0.0,0.0,0.0,0.0,0.0
251,4,LN,cogen_conventional_steam_coal,0.0,0.0,0.0,0.0,0.0,0.0,0.0,0.0,0.0,0.0,0.0,0.0,0.0,0.0,0.0,0.0,0.0,0.0,0.0,0.0,0.0,0.0,0.0,0.0,0.0,0.0,0.0,0.0,0.0,0.0,0.0,0.0,0.0,0.0,0.0,0.0,0.0,0.0,0.0,0.0,0.0,0.0,0.0,0.0,0.0,0.0,0.0,0.0,0.0,0.0,0.0,0.0,0.0,0.0,0.0,0.0,0.0,0.0,0.0,0.0,0.0,0.0,0.0,0.0,0.0,0.0,0.0,0.0,0.0,0.0,0.0,0.0,0.0,0.0,0.0,0.0,0.0,0.0,0.0,0.0,0.0,0.0,0.0,0.0,0.0,0.0,0.0,0.0,0.0,0.0,0.0,0.0,0.0,0.0,0.0,0.0,0.0,0.0,0.0,0.0,0.0,0.0,0.0,0.0,0.0,0.0,0.0,0.0,0.0,0.0,0.0,0.0,0.0,0.0,0.0,0.0,0.0,0.0,0.0,0.0,0.0,0.0,0.0,0.0,0.0,0.0,0.0,0.0,0.0,0.0,0.0,0.0,0.0,0.0,0.0,0.0,0.0,0.0,0.0,0.0,0.0,0.0,0.0,0.0,0.0,0.0,0.0,0.0,0.0,0.0,0.0,0.0,0.0,0.0,0.0,0.0,0.0,0.0,0.0,0.0,0.0,0.0,0.0,0.0,0.0,0.0,0.0,0.0
252,4,LN,cogen_conventional_steam_coal,0.0,0.0,0.0,0.0,0.0,0.0,0.0,0.0,0.0,0.0,0.0,0.0,0.0,0.0,0.0,0.0,0.0,0.0,0.0,0.0,0.0,0.0,0.0,0.0,0.0,0.0,0.0,0.0,0.0,0.0,0.0,0.0,0.0,0.0,0.0,0.0,0.0,0.0,0.0,0.0,0.0,0.0,0.0,0.0,0.0,0.0,0.0,0.0,0.0,0.0,0.0,0.0,0.0,0.0,0.0,0.0,0.0,0.0,0.0,0.0,0.0,0.0,0.0,0.0,0.0,0.0,0.0,0.0,0.0,0.0,0.0,0.0,0.0,0.0,0.0,0.0,0.0,0.0,0.0,0.0,0.0,0.0,0.0,0.0,0.0,0.0,0.0,0.0,0.0,0.0,0.0,0.0,0.0,0.0,0.0,0.0,0.0,0.0,0.0,0.0,0.0,0.0,0.0,0.0,0.0,0.0,0.0,0.0,0.0,0.0,0.0,0.0,0.0,0.0,0.0,0.0,0.0,0.0,0.0,0.0,0.0,0.0,0.0,0.0,0.0,0.0,0.0,0.0,0.0,0.0,0.0,0.0,0.0,0.0,0.0,0.0,0.0,0.0,0.0,0.0,0.0,0.0,0.0,0.0,0.0,0.0,0.0,0.0,0.0,0.0,0.0,0.0,0.0,0.0,0.0,0.0,0.0,0.0,0.0,0.0,0.0,0.0,0.0,0.0,0.0,0.0,0.0,0.0
253,4,LN,cogen_conventional_steam_coal,0.0,0.0,0.0,0.0,0.0,0.0,0.0,0.0,0.0,0.0,0.0,0.0,0.0,0.0,0.0,0.0,0.0,0.0,0.0,0.0,0.0,0.0,0.0,0.0,0.0,0.0,0.0,0.0,0.0,0.0,0.0,0.0,0.0,0.0,0.0,0.0,0.0,0.0,0.0,0.0,0.0,0.0,0.0,0.0,0.0,0.0,0.0,0.0,0.0,0.0,0.0,0.0,0.0,0.0,0.0,0.0,0.0,0.0,0.0,0.0,0.0,0.0,0.0,0.0,0.0,0.0,0.0,0.0,0.0,0.0,0.0,0.0,0.0,0.0,0.0,0.0,0.0,0.0,0.0,0.0,0.0,0.0,0.0,0.0,0.0,0.0,0.0,0.0,0.0,0.0,0.0,0.0,0.0,0.0,0.0,0.0,0.0,0.0,0.0,0.0,0.0,0.0,0.0,0.0,0.0,0.0,0.0,0.0,0.0,0.0,0.0,0.0,0.0,0.0,0.0,0.0,0.0,0.0,0.0,0.0,0.0,0.0,0.0,0.0,0.0,0.0,0.0,0.0,0.0,0.0,0.0,0.0,0.0,0.0,0.0,0.0,0.0,0.0,0.0,0.0,0.0,0.0,0.0,0.0,0.0,0.0,0.0,0.0,0.0,0.0,0.0,0.0,0.0,0.0,0.0,0.0,0.0,0.0,0.0,0.0,0.0,0.0,0.0,0.0,0.0,0.0,0.0,0.0
254,4,LN,cogen_conventional_steam_coal,0.0,0.0,0.0,0.0,0.0,0.0,0.0,0.0,0.0,0.0,0.0,0.0,0.0,0.0,0.0,0.0,0.0,0.0,0.0,0.0,0.0,0.0,0.0,0.0,0.0,0.0,0.0,0.0,0.0,0.0,0.0,0.0,0.0,0.0,0.0,0.0,0.0,0.0,0.0,0.0,0.0,0.0,0.0,0.0,0.0,0.0,0.0,0.0,0.0,0.0,0.0,0.0,0.0,0.0,0.0,0.0,0.0,0.0,0.0,0.0,0.0,0.0,0.0,0.0,0.0,0.0,0.0,0.0,0.0,0.0,0.0,0.0,0.0,0.0,0.0,0.0,0.0,0.0,0.0,0.0,0.0,0.0,0.0,0.0,0.0,0.0,0.0,0.0,0.0,0.0,0.0,0.0,0.0,0.0,0.0,0.0,0.0,0.0,0.0,0.0,0.0,0.0,0.0,0.0,0.0,0.0,0.0,0.0,0.0,0.0,0.0,0.0,0.0,0.0,0.0,0.0,0.0,0.0,0.0,0.0,0.0,0.0,0.0,0.0,0.0,0.0,0.0,0.0,0.0,0.0,0.0,0.0,0.0,0.0,0.0,0.0,0.0,0.0,0.0,0.0,0.0,0.0,0.0,0.0,0.0,0.0,0.0,0.0,0.0,0.0,0.0,0.0,0.0,0.0,0.0,0.0,0.0,0.0,0.0,0.0,0.0,0.0,0.0,0.0,0.0,0.0,0.0,0.0
255,4,LN,cogen_conventional_steam_coal,0.0,0.0,0.0,0.0,0.0,0.0,0.0,0.0,0.0,0.0,0.0,0.0,0.0,0.0,0.0,0.0,0.0,0.0,0.0,0.0,0.0,0.0,0.0,0.0,0.0,0.0,0.0,0.0,0.0,0.0,0.0,0.0,0.0,0.0,0.0,0.0,0.0,0.0,0.0,0.0,0.0,0.0,0.0,0.0,0.0,0.0,0.0,0.0,0.0,0.0,0.0,0.0,0.0,0.0,0.0,0.0,0.0,0.0,0.0,0.0,0.0,0.0,0.0,0.0,0.0,0.0,0.0,0.0,0.0,0.0,0.0,0.0,0.0,0.0,0.0,0.0,0.0,0.0,0.0,0.0,0.0,0.0,0.0,0.0,0.0,0.0,0.0,0.0,0.0,0.0,0.0,0.0,0.0,0.0,0.0,0.0,0.0,0.0,0.0,0.0,0.0,0.0,0.0,0.0,0.0,0.0,0.0,0.0,0.0,0.0,0.0,0.0,0.0,0.0,0.0,0.0,0.0,0.0,0.0,0.0,0.0,0.0,0.0,0.0,0.0,0.0,0.0,0.0,0.0,0.0,0.0,0.0,0.0,0.0,0.0,0.0,0.0,0.0,0.0,0.0,0.0,0.0,0.0,0.0,0.0,0.0,0.0,0.0,0.0,0.0,0.0,0.0,0.0,0.0,0.0,0.0,0.0,0.0,0.0,0.0,0.0,0.0,0.0,0.0,0.0,0.0,0.0,0.0
256,4,LN,cogen_conventional_steam_coal,0.0,0.0,0.0,0.0,0.0,0.0,0.0,0.0,0.0,0.0,0.0,0.0,0.0,0.0,0.0,0.0,0.0,0.0,0.0,0.0,0.0,0.0,0.0,0.0,0.0,0.0,0.0,0.0,0.0,0.0,0.0,0.0,0.0,0.0,0.0,0.0,0.0,0.0,0.0,0.0,0.0,0.0,0.0,0.0,0.0,0.0,0.0,0.0,0.0,0.0,0.0,0.0,0.0,0.0,0.0,0.0,0.0,0.0,0.0,0.0,0.0,0.0,0.0,0.0,0.0,0.0,0.0,0.0,0.0,0.0,0.0,0.0,0.0,0.0,0.0,0.0,0.0,0.0,0.0,0.0,0.0,0.0,0.0,0.0,0.0,0.0,0.0,0.0,0.0,0.0,0.0,0.0,0.0,0.0,0.0,0.0,0.0,0.0,0.0,0.0,0.0,0.0,0.0,0.0,0.0,0.0,0.0,0.0,0.0,0.0,0.0,0.0,0.0,0.0,0.0,0.0,0.0,0.0,0.0,0.0,0.0,0.0,0.0,0.0,0.0,0.0,0.0,0.0,0.0,0.0,0.0,0.0,0.0,0.0,0.0,0.0,0.0,0.0,0.0,0.0,0.0,0.0,0.0,0.0,0.0,0.0,0.0,0.0,0.0,0.0,0.0,0.0,0.0,0.0,0.0,0.0,0.0,0.0,0.0,0.0,0.0,0.0,0.0,0.0,0.0,0.0,0.0,0.0
257,4,LN,cogen_conventional_steam_coal,0.0,0.0,0.0,0.0,0.0,0.0,0.0,0.0,0.0,0.0,0.0,0.0,0.0,0.0,0.0,0.0,0.0,0.0,0.0,0.0,0.0,0.0,0.0,0.0,0.0,0.0,0.0,0.0,0.0,0.0,0.0,0.0,0.0,0.0,0.0,0.0,0.0,0.0,0.0,0.0,0.0,0.0,0.0,0.0,0.0,0.0,0.0,0.0,0.0,0.0,0.0,0.0,0.0,0.0,0.0,0.0,0.0,0.0,0.0,0.0,0.0,0.0,0.0,0.0,0.0,0.0,0.0,0.0,0.0,0.0,0.0,0.0,0.0,0.0,0.0,0.0,0.0,0.0,0.0,0.0,0.0,0.0,0.0,0.0,0.0,0.0,0.0,0.0,0.0,0.0,0.0,0.0,0.0,0.0,0.0,0.0,0.0,0.0,0.0,0.0,0.0,0.0,0.0,0.0,0.0,0.0,0.0,0.0,0.0,0.0,0.0,0.0,0.0,0.0,0.0,0.0,0.0,0.0,0.0,0.0,0.0,0.0,0.0,0.0,0.0,0.0,0.0,0.0,0.0,0.0,0.0,0.0,0.0,0.0,0.0,0.0,0.0,0.0,0.0,0.0,0.0,0.0,0.0,0.0,0.0,0.0,0.0,0.0,0.0,0.0,0.0,0.0,0.0,0.0,0.0,0.0,0.0,0.0,0.0,0.0,0.0,0.0,0.0,0.0,0.0,0.0,0.0,0.0
258,4,LN,cogen_conventional_steam_coal,0.0,0.0,0.0,0.0,0.0,0.0,0.0,0.0,0.0,0.0,0.0,0.0,0.0,0.0,0.0,0.0,0.0,0.0,0.0,0.0,0.0,0.0,0.0,0.0,0.0,0.0,0.0,0.0,0.0,0.0,0.0,0.0,0.0,0.0,0.0,0.0,0.0,0.0,0.0,0.0,0.0,0.0,0.0,0.0,0.0,0.0,0.0,0.0,0.0,0.0,0.0,0.0,0.0,0.0,0.0,0.0,0.0,0.0,0.0,0.0,0.0,0.0,0.0,0.0,0.0,0.0,0.0,0.0,0.0,0.0,0.0,0.0,0.0,0.0,0.0,0.0,0.0,0.0,0.0,0.0,0.0,0.0,0.0,0.0,0.0,0.0,0.0,0.0,0.0,0.0,0.0,0.0,0.0,0.0,0.0,0.0,0.0,0.0,0.0,0.0,0.0,0.0,0.0,0.0,0.0,0.0,0.0,0.0,0.0,0.0,0.0,0.0,0.0,0.0,0.0,0.0,0.0,0.0,0.0,0.0,0.0,0.0,0.0,0.0,0.0,0.0,0.0,0.0,0.0,0.0,0.0,0.0,0.0,0.0,0.0,0.0,0.0,0.0,0.0,0.0,0.0,0.0,0.0,0.0,0.0,0.0,0.0,0.0,0.0,0.0,0.0,0.0,0.0,0.0,0.0,0.0,0.0,0.0,0.0,0.0,0.0,0.0,0.0,0.0,0.0,0.0,0.0,0.0
259,4,LN,conventional_steam_coal,0.0,0.0,0.0,0.0,0.0,0.0,0.0,0.0,0.0,0.0,0.0,0.0,0.0,0.0,0.0,0.0,0.0,0.0,0.0,0.0,0.0,0.0,0.0,0.0,0.0,0.0,0.0,0.0,0.0,0.0,0.0,0.0,0.0,0.0,0.0,0.0,0.0,0.0,0.0,0.0,0.0,0.0,17.875,17.875,17.875,17.875,17.875,17.875,0.0,0.0,0.0,0.0,0.0,0.0,0.0,0.0,0.0,0.0,0.0,0.0,0.0,0.0,0.0,17.875,17.875,17.875,17.875,17.875,17.875,17.875,17.875,17.875,0.0,0.0,0.0,0.0,0.0,0.0,0.0,0.0,0.0,0.0,0.0,0.0,0.0,0.0,0.0,0.0,0.0,17.875,17.875,17.875,17.875,17.875,17.875,17.875,17.875,0.0,0.0,0.0,0.0,0.0,0.0,0.0,0.0,0.0,0.0,0.0,0.0,0.0,0.0,17.875,17.875,17.875,17.875,17.875,17.875,17.875,17.875,17.875,17.875,17.875,0.0,0.0,0.0,17.875,17.875,0.0,0.0,0.0,0.0,0.0,0.0,0.0,0.0,0.0,0.0,0.0,0.0,0.0,0.0,0.0,0.0,0.0,0.0,0.0,0.0,0.0,0.0,0.0,17.875,17.875,17.875,17.875,17.875,17.875,0.0,17.875,17.875,17.875,17.875,17.875,17.875,17.875,17.875,17.875,17.875,0.0
260,4,LN,conventional_steam_coal,0.0,0.0,0.0,0.0,0.0,0.0,0.0,0.0,0.0,0.0,0.0,0.0,0.0,0.0,0.0,0.0,0.0,0.0,0.0,0.0,0.0,0.0,0.0,0.0,0.0,0.0,0.0,0.0,0.0,0.0,0.0,0.0,0.0,0.0,0.0,0.0,0.0,0.0,0.0,0.0,0.0,0.0,17.875,17.875,17.875,17.875,17.875,17.875,6.8238466242096365,0.0,0.0,0.0,0.0,0.0,0.0,0.0,0.0,0.0,0.0,0.0,0.0,0.0,0.0,17.875,17.875,17.875,17.875,17.875,17.875,17.875,17.875,17.875,0.0,0.0,0.0,0.0,0.0,0.0,0.0,0.0,0.0,0.0,0.0,0.0,0.0,0.0,0.0,0.0,0.0,17.875,17.875,17.875,17.875,17.875,17.875,17.875,17.875,0.0,0.0,0.0,0.0,0.0,0.0,0.0,0.0,0.0,0.0,0.0,0.0,0.0,0.0,17.875,17.875,17.875,17.875,17.875,17.875,17.875,17.875,17.875,17.875,17.875,0.0,0.0,0.0,17.875,17.875,0.0,0.0,0.0,0.0,0.0,0.0,0.0,0.0,0.0,0.0,0.0,0.0,0.0,0.0,0.0,0.0,0.0,0.0,0.0,0.0,0.0,0.0,0.0,0.0,17.875,17.875,17.875,17.875,17.875,0.0,17.875,17.875,17.875,0.0,17.875,17.875,17.875,17.875,17.875,17.875,0.0
261,4,LN,cogen_conventional_steam_coal,0.0,0.0,0.0,0.0,0.0,0.0,0.0,0.0,0.0,0.0,0.0,0.0,0.0,0.0,0.0,0.0,0.0,0.0,0.0,0.0,0.0,0.0,0.0,0.0,0.0,0.0,0.0,0.0,0.0,0.0,0.0,0.0,0.0,0.0,0.0,0.0,0.0,0.0,0.0,0.0,0.0,0.0,17.875,17.875,17.875,17.875,17.875,17.875,0.0,0.0,0.0,0.0,0.0,0.0,0.0,0.0,0.0,0.0,0.0,0.0,0.0,0.0,0.0,17.875,17.875,17.875,17.875,17.875,17.875,17.875,17.875,17.875,0.0,0.0,0.0,0.0,0.0,0.0,0.0,0.0,0.0,0.0,0.0,0.0,0.0,0.0,0.0,0.0,0.0,17.875,17.875,17.875,17.875,17.875,17.875,17.875,17.875,0.0,0.0,0.0,0.0,0.0,0.0,0.0,0.0,0.0,0.0,0.0,0.0,0.0,0.0,17.875,17.875,17.875,17.875,17.875,17.875,17.875,17.875,17.875,17.875,17.875,0.0,0.0,0.0,17.875,17.875,0.0,0.0,0.0,0.0,0.0,0.0,0.0,0.0,0.0,0.0,0.0,0.0,0.0,0.0,0.0,0.0,0.0,0.0,0.0,0.0,0.0,0.0,0.0,17.875,17.875,17.875,17.875,17.875,17.875,17.875,17.875,17.875,17.875,17.875,17.875,17.875,17.875,17.875,17.875,17.875,0.0
262,4,LN,cogen_conventional_steam_coal,0.0,0.0,0.0,0.0,0.0,0.0,0.0,0.0,0.0,0.0,0.0,0.0,0.0,0.0,0.0,0.0,0.0,0.0,0.0,0.0,0.0,0.0,0.0,0.0,0.0,0.0,0.0,0.0,0.0,0.0,0.0,0.0,0.0,0.0,0.0,0.0,0.0,0.0,0.0,0.0,0.0,0.0,17.875,17.875,17.875,17.875,17.875,17.875,0.0,0.0,0.0,0.0,0.0,0.0,0.0,0.0,0.0,0.0,0.0,0.0,0.0,0.0,0.0,17.875,17.875,17.875,17.875,17.875,17.875,17.875,17.875,17.875,0.0,0.0,0.0,0.0,0.0,0.0,0.0,0.0,0.0,0.0,0.0,0.0,0.0,0.0,0.0,0.0,0.0,17.875,17.875,17.875,17.875,17.875,17.875,17.875,17.875,0.0,0.0,0.0,0.0,0.0,0.0,0.0,0.0,0.0,0.0,0.0,0.0,0.0,0.0,17.875,17.875,17.875,17.875,17.875,17.875,17.875,17.875,17.875,17.875,17.875,0.0,0.0,0.0,17.875,0.0,0.0,0.0,0.0,0.0,0.0,0.0,0.0,0.0,0.0,0.0,0.0,0.0,0.0,0.0,0.0,0.0,0.0,0.0,0.0,0.0,0.0,0.0,0.0,17.875,17.875,17.875,16.870954249565102,17.875,17.875,0.0,17.875,17.875,17.875,0.0,17.875,17.875,17.875,17.875,17.875,17.875,0.0
263,4,LN,cogen_conventional_steam_coal,0.0,0.0,0.0,0.0,0.0,0.0,0.0,0.0,0.0,0.0,0.0,0.0,0.0,0.0,0.0,0.0,0.0,0.0,0.0,0.0,0.0,0.0,0.0,0.0,0.0,0.0,0.0,0.0,0.0,0.0,0.0,0.0,0.0,0.0,0.0,0.0,0.0,0.0,0.0,0.0,0.0,0.0,17.875,17.875,17.875,17.875,17.875,17.875,0.0,0.0,0.0,0.0,0.0,0.0,0.0,0.0,0.0,0.0,0.0,0.0,0.0,0.0,0.0,17.875,17.875,17.875,17.875,17.875,17.875,17.875,17.875,17.875,0.0,0.0,0.0,0.0,0.0,0.0,0.0,0.0,0.0,0.0,0.0,0.0,0.0,0.0,0.0,0.0,0.0,17.875,17.875,17.875,17.875,17.875,17.875,17.875,17.875,0.0,0.0,0.0,0.0,0.0,0.0,0.0,0.0,0.0,0.0,0.0,0.0,0.0,0.0,17.875,17.875,17.875,17.875,17.875,17.875,17.875,17.875,17.875,17.875,17.875,0.0,0.0,0.0,17.875,11.462246757778757,0.0,0.0,0.0,0.0,0.0,0.0,0.0,0.0,0.0,0.0,0.0,0.0,0.0,0.0,0.0,0.0,0.0,0.0,0.0,0.0,0.0,0.0,0.0,17.875,17.875,17.875,17.875,17.875,17.875,0.0,17.875,17.875,17.875,0.0,17.875,17.875,17.875,17.875,17.875,17.875,0.0
264,4,LN,cogen_conventional_steam_coal,0.0,0.0,0.0,0.0,0.0,0.0,0.0,0.0,0.0,0.0,0.0,0.0,0.0,0.0,0.0,0.0,0.0,0.0,0.0,0.0,0.0,0.0,0.0,0.0,0.0,0.0,0.0,0.0,0.0,0.0,0.0,0.0,0.0,0.0,0.0,0.0,0.0,0.0,0.0,0.0,0.0,0.0,17.875,17.875,17.875,17.875,17.875,17.875,17.875,0.0,0.0,0.0,0.0,0.0,0.0,0.0,0.0,0.0,0.0,0.0,0.0,0.0,0.0,17.875,17.875,17.875,17.875,17.875,17.875,17.875,17.875,17.875,0.0,0.0,0.0,0.0,0.0,0.0,0.0,0.0,0.0,0.0,0.0,0.0,0.0,0.0,0.0,0.0,0.0,17.875,17.875,17.875,17.875,17.875,17.875,17.875,17.875,0.0,0.0,0.0,0.0,0.0,0.0,0.0,0.0,0.0,0.0,0.0,0.0,0.0,0.0,17.875,17.875,17.875,17.875,17.875,17.875,17.875,17.875,17.875,17.875,17.875,0.0,0.0,0.0,17.875,17.875,0.0,0.0,0.0,0.0,0.0,0.0,0.0,0.0,0.0,0.0,0.0,0.0,0.0,0.0,0.0,0.0,0.0,0.0,0.0,0.0,0.0,0.0,17.875,0.0,17.875,17.875,17.875,17.875,17.875,0.0,17.875,17.875,17.875,17.875,17.875,17.875,17.875,17.875,17.875,17.875,0.0
265,4,LN,cogen_conventional_steam_coal,0.0,0.0,0.0,0.0,0.0,0.0,0.0,0.0,0.0,0.0,0.0,0.0,0.0,0.0,0.0,0.0,0.0,0.0,0.0,0.0,0.0,0.0,0.0,0.0,0.0,0.0,0.0,0.0,0.0,0.0,0.0,0.0,0.0,0.0,0.0,0.0,0.0,0.0,0.0,0.0,0.0,0.0,17.875,17.875,17.875,17.875,17.875,17.875,0.0,0.0,0.0,0.0,0.0,0.0,0.0,0.0,0.0,0.0,0.0,0.0,0.0,0.0,0.0,0.0,17.875,17.875,17.875,17.875,17.875,17.875,17.875,17.875,0.0,0.0,0.0,0.0,0.0,0.0,0.0,0.0,0.0,0.0,0.0,0.0,0.0,0.0,0.0,0.0,0.0,17.875,17.875,17.875,17.875,17.875,17.875,17.875,17.875,0.0,0.0,0.0,0.0,0.0,0.0,0.0,0.0,0.0,0.0,0.0,0.0,0.0,0.0,17.875,17.875,17.875,17.875,17.875,17.875,17.875,17.875,17.875,17.875,17.875,0.0,0.0,0.0,17.875,0.0,0.0,0.0,0.0,0.0,0.0,0.0,0.0,0.0,0.0,0.0,0.0,0.0,0.0,0.0,0.0,0.0,0.0,0.0,0.0,0.0,0.0,0.0,17.875,5.799741676877034,17.875,17.875,17.875,17.875,17.875,0.0,17.875,17.875,17.875,0.0,17.875,17.875,17.875,17.875,17.875,17.875,0.0
266,4,LN,cogen_conventional_steam_coal,0.0,0.0,0.0,0.0,0.0,0.0,0.0,0.0,0.0,0.0,0.0,0.0,0.0,0.0,0.0,0.0,0.0,0.0,0.0,0.0,0.0,0.0,0.0,0.0,0.0,0.0,0.0,0.0,0.0,0.0,0.0,0.0,0.0,0.0,0.0,0.0,0.0,0.0,0.0,0.0,0.0,0.0,17.875,17.875,17.875,17.875,17.875,17.875,17.875,0.0,0.0,0.0,0.0,0.0,0.0,0.0,0.0,0.0,0.0,0.0,0.0,0.0,0.0,0.0,17.875,17.875,17.875,17.875,17.875,17.875,17.875,17.875,0.0,0.0,0.0,0.0,0.0,0.0,0.0,0.0,0.0,0.0,0.0,0.0,0.0,0.0,0.0,0.0,0.0,17.875,17.875,17.875,17.875,17.875,17.875,17.875,17.875,0.0,0.0,0.0,0.0,0.0,0.0,0.0,0.0,0.0,0.0,0.0,0.0,0.0,0.0,17.875,17.875,17.875,17.875,17.875,17.875,17.875,17.875,17.875,17.875,17.875,0.0,17.875,0.0,17.875,17.875,0.0,0.0,0.0,0.0,0.0,0.0,0.0,0.0,0.0,0.0,0.0,0.0,0.0,0.0,0.0,0.0,0.0,0.0,0.0,0.0,0.0,0.0,17.875,17.875,17.875,17.875,0.0,17.875,17.875,0.0,17.875,17.875,17.875,17.875,17.875,17.875,17.875,17.875,17.875,17.875,0.0
267,4,LN,cogen_conventional_steam_coal,0.0,0.0,0.0,0.0,0.0,0.0,0.0,0.0,0.0,0.0,0.0,0.0,0.0,0.0,0.0,0.0,0.0,0.0,0.0,0.0,0.0,0.0,0.0,0.0,0.0,0.0,0.0,0.0,0.0,0.0,0.0,0.0,0.0,0.0,0.0,0.0,0.0,0.0,0.0,0.0,0.0,0.0,21.450000000000003,21.450000000000003,21.450000000000003,21.450000000000003,21.450000000000003,21.450000000000003,0.0,0.0,0.0,0.0,0.0,0.0,0.0,0.0,0.0,0.0,0.0,0.0,0.0,0.0,0.0,21.450000000000003,21.450000000000003,21.450000000000003,21.450000000000003,21.450000000000003,21.450000000000003,21.450000000000003,21.450000000000003,21.450000000000003,0.0,0.0,0.0,0.0,0.0,0.0,0.0,0.0,0.0,0.0,0.0,0.0,0.0,0.0,0.0,0.0,0.0,21.450000000000003,21.450000000000003,21.450000000000003,21.450000000000003,21.450000000000003,21.450000000000003,21.450000000000003,21.450000000000003,0.0,0.0,0.0,0.0,0.0,0.0,0.0,0.0,0.0,0.0,0.0,0.0,0.0,0.0,21.450000000000003,21.450000000000003,21.450000000000003,21.450000000000003,21.450000000000003,21.450000000000003,21.450000000000003,21.450000000000003,21.450000000000003,21.450000000000003,21.450000000000003,13.603869138024223,21.450000000000003,0.0,21.450000000000003,0.0,0.0,0.0,0.0,0.0,0.0,0.0,0.0,0.0,0.0,0.0,0.0,0.0,0.0,0.0,0.0,0.0,0.0,0.0,0.0,0.0,0.0,0.0,0.0,21.450000000000003,21.450000000000003,21.450000000000003,21.450000000000003,21.450000000000003,21.450000000000003,3.646835344635022,21.450000000000003,21.450000000000003,21.450000000000003,0.0,21.450000000000003,21.450000000000003,21.450000000000003,21.450000000000003,21.450000000000003,21.450000000000003,0.0
268,4,LN,cogen_conventional_steam_coal,0.0,0.0,0.0,0.0,0.0,0.0,0.0,0.0,0.0,0.0,0.0,0.0,0.0,0.0,0.0,0.0,0.0,0.0,0.0,0.0,0.0,0.0,0.0,0.0,0.0,0.0,0.0,0.0,0.0,0.0,0.0,0.0,0.0,0.0,0.0,0.0,0.0,0.0,0.0,0.0,0.0,0.0,21.450000000000003,21.450000000000003,21.450000000000003,21.450000000000003,21.450000000000003,21.450000000000003,21.450000000000003,0.0,0.0,0.0,0.0,0.0,0.0,0.0,0.0,0.0,0.0,0.0,0.0,0.0,0.0,21.450000000000003,21.450000000000003,21.450000000000003,21.450000000000003,21.450000000000003,21.450000000000003,21.450000000000003,21.450000000000003,21.450000000000003,0.0,0.0,0.0,0.0,0.0,0.0,0.0,0.0,0.0,0.0,0.0,0.0,0.0,0.0,0.0,0.0,0.0,21.450000000000003,21.450000000000003,21.450000000000003,21.450000000000003,21.450000000000003,21.450000000000003,21.450000000000003,21.450000000000003,0.0,0.0,0.0,0.0,0.0,0.0,0.0,0.0,0.0,0.0,0.0,0.0,0.0,0.0,21.450000000000003,21.450000000000003,21.450000000000003,21.450000000000003,21.450000000000003,21.450000000000003,21.450000000000003,21.450000000000003,21.450000000000003,21.450000000000003,21.450000000000003,0.0,21.450000000000003,0.0,21.450000000000003,21.450000000000003,0.0,0.0,0.0,21.450000000000003,0.0,0.0,0.0,0.0,0.0,0.0,0.0,0.0,0.0,0.0,0.0,0.0,0.0,0.0,0.0,0.0,0.0,0.0,0.0,21.450000000000003,21.450000000000003,21.450000000000003,0.0,21.450000000000003,21.450000000000003,21.450000000000003,21.450000000000003,21.450000000000003,21.450000000000003,0.0,21.450000000000003,21.450000000000003,21.450000000000003,21.450000000000003,21.450000000000003,21.450000000000003,0.0
269,4,LN,cogen_conventional_steam_coal,0.0,0.0,0.0,0.0,0.0,0.0,0.0,0.0,0.0,0.0,0.0,0.0,0.0,0.0,0.0,0.0,0.0,0.0,0.0,0.0,0.0,0.0,0.0,0.0,0.0,0.0,0.0,0.0,0.0,0.0,0.0,0.0,0.0,0.0,0.0,0.0,0.0,0.0,0.0,0.0,0.0,0.0,0.0,0.0,0.0,0.0,0.0,0.0,0.0,0.0,0.0,0.0,0.0,0.0,0.0,0.0,0.0,0.0,0.0,0.0,0.0,0.0,0.0,0.0,0.0,0.0,0.0,0.0,0.0,0.0,0.0,0.0,0.0,0.0,0.0,0.0,0.0,0.0,0.0,0.0,0.0,0.0,0.0,0.0,0.0,0.0,0.0,0.0,0.0,0.0,0.0,0.0,0.0,0.0,0.0,0.0,0.0,0.0,0.0,0.0,0.0,0.0,0.0,0.0,0.0,0.0,0.0,0.0,0.0,0.0,0.0,0.0,0.0,0.0,0.0,0.0,0.0,0.0,0.0,0.0,0.0,0.0,0.0,0.0,0.0,0.0,0.0,0.0,0.0,0.0,0.0,0.0,0.0,0.0,0.0,0.0,0.0,0.0,0.0,0.0,0.0,0.0,0.0,0.0,0.0,0.0,0.0,0.0,0.0,0.0,0.0,0.0,0.0,0.0,0.0,0.0,0.0,0.0,0.0,0.0,0.0,0.0,0.0,0.0,0.0,0.0,0.0,0.0
270,4,LN,cogen_conventional_steam_coal,0.0,0.0,0.0,0.0,0.0,0.0,0.0,0.0,0.0,0.0,0.0,0.0,0.0,0.0,0.0,0.0,0.0,0.0,0.0,0.0,0.0,0.0,0.0,0.0,0.0,0.0,0.0,0.0,0.0,0.0,0.0,0.0,0.0,0.0,0.0,0.0,0.0,0.0,0.0,0.0,0.0,0.0,0.0,0.0,0.0,0.0,0.0,0.0,0.0,0.0,0.0,0.0,0.0,0.0,0.0,0.0,0.0,0.0,0.0,0.0,0.0,0.0,0.0,0.0,0.0,0.0,0.0,0.0,0.0,0.0,0.0,0.0,0.0,0.0,0.0,0.0,0.0,0.0,0.0,0.0,0.0,0.0,0.0,0.0,0.0,0.0,0.0,0.0,0.0,0.0,0.0,0.0,0.0,0.0,0.0,0.0,0.0,0.0,0.0,0.0,0.0,0.0,0.0,0.0,0.0,0.0,0.0,0.0,0.0,0.0,0.0,0.0,0.0,0.0,0.0,0.0,0.0,0.0,0.0,0.0,0.0,0.0,0.0,0.0,0.0,0.0,0.0,0.0,0.0,0.0,0.0,0.0,0.0,0.0,0.0,0.0,0.0,0.0,0.0,0.0,0.0,0.0,0.0,0.0,0.0,0.0,0.0,0.0,0.0,0.0,0.0,0.0,0.0,0.0,0.0,0.0,0.0,0.0,0.0,0.0,0.0,0.0,0.0,0.0,0.0,0.0,0.0,0.0
271,4,LN,cogen_conventional_steam_coal,0.0,0.0,0.0,0.0,0.0,0.0,0.0,0.0,0.0,0.0,0.0,0.0,0.0,0.0,0.0,0.0,0.0,0.0,0.0,0.0,0.0,0.0,0.0,0.0,0.0,0.0,0.0,0.0,0.0,0.0,0.0,0.0,0.0,0.0,0.0,0.0,0.0,0.0,0.0,0.0,0.0,0.0,0.0,0.0,0.0,0.0,0.0,0.0,0.0,0.0,0.0,0.0,0.0,0.0,0.0,0.0,0.0,0.0,0.0,0.0,0.0,0.0,0.0,0.0,0.0,0.0,0.0,0.0,0.0,0.0,0.0,0.0,0.0,0.0,0.0,0.0,0.0,0.0,0.0,0.0,0.0,0.0,0.0,0.0,0.0,0.0,0.0,0.0,0.0,0.0,0.0,0.0,0.0,0.0,0.0,0.0,0.0,0.0,0.0,0.0,0.0,0.0,0.0,0.0,0.0,0.0,0.0,0.0,0.0,0.0,0.0,0.0,0.0,0.0,0.0,0.0,0.0,0.0,0.0,0.0,0.0,0.0,0.0,0.0,0.0,0.0,0.0,0.0,0.0,0.0,0.0,0.0,0.0,0.0,0.0,0.0,0.0,0.0,0.0,0.0,0.0,0.0,0.0,0.0,0.0,0.0,0.0,0.0,0.0,0.0,0.0,0.0,0.0,0.0,0.0,0.0,0.0,0.0,0.0,0.0,0.0,0.0,0.0,0.0,0.0,0.0,0.0,0.0
272,4,LN,cogen_conventional_steam_coal,0.0,0.0,0.0,0.0,0.0,0.0,0.0,0.0,0.0,0.0,0.0,0.0,0.0,0.0,0.0,0.0,0.0,0.0,0.0,0.0,0.0,0.0,0.0,0.0,0.0,0.0,0.0,0.0,0.0,0.0,0.0,0.0,0.0,0.0,0.0,0.0,0.0,0.0,0.0,0.0,0.0,0.0,48.25,48.25,48.25,48.25,48.25,48.25,48.25,0.0,0.0,0.0,0.0,0.0,0.0,0.0,0.0,0.0,0.0,0.0,0.0,0.0,0.0,48.25,48.25,48.25,48.25,48.25,48.25,48.25,48.25,48.25,0.0,0.0,0.0,0.0,0.0,0.0,0.0,0.0,0.0,0.0,0.0,0.0,0.0,0.0,0.0,0.0,0.0,48.25,48.25,48.25,48.25,48.25,48.25,48.25,48.25,15.64817510578996,0.0,0.0,0.0,0.0,0.0,0.0,0.0,0.0,0.0,0.0,0.0,0.0,0.0,48.25,48.25,48.25,48.25,48.25,48.25,48.25,48.25,48.25,48.25,48.25,48.25,48.25,0.0,48.25,0.0,0.0,0.0,0.0,48.25,0.0,0.0,0.0,0.0,0.0,0.0,0.0,0.0,0.0,0.0,0.0,0.0,0.0,0.0,0.0,0.0,0.0,0.0,0.0,48.25,48.25,48.25,48.25,48.25,48.25,0.0,48.25,48.25,48.25,0.0,48.25,48.25,48.25,48.25,48.25,48.25,0.0
273,4,LN,cogen_conventional_steam_coal,0.0,0.0,0.0,0.0,0.0,0.0,0.0,0.0,0.0,0.0,0.0,0.0,0.0,0.0,0.0,0.0,0.0,0.0,0.0,0.0,0.0,0.0,0.0,0.0,0.0,0.0,0.0,0.0,0.0,0.0,0.0,0.0,0.0,0.0,0.0,0.0,0.0,0.0,0.0,0.0,0.0,0.0,0.0,0.0,0.0,0.0,0.0,0.0,0.0,0.0,0.0,0.0,0.0,0.0,0.0,0.0,0.0,0.0,0.0,0.0,0.0,0.0,0.0,0.0,0.0,0.0,0.0,0.0,0.0,0.0,0.0,0.0,0.0,0.0,0.0,0.0,0.0,0.0,0.0,0.0,0.0,0.0,0.0,0.0,0.0,0.0,0.0,0.0,0.0,0.0,0.0,0.0,0.0,0.0,0.0,0.0,0.0,0.0,0.0,0.0,0.0,0.0,0.0,0.0,0.0,0.0,0.0,0.0,0.0,0.0,0.0,0.0,0.0,0.0,0.0,0.0,0.0,0.0,0.0,0.0,0.0,0.0,0.0,0.0,0.0,0.0,0.0,0.0,0.0,0.0,0.0,0.0,0.0,0.0,0.0,0.0,0.0,0.0,0.0,0.0,0.0,0.0,0.0,0.0,0.0,0.0,0.0,0.0,0.0,0.0,0.0,0.0,0.0,0.0,0.0,0.0,0.0,0.0,0.0,0.0,0.0,0.0,0.0,0.0,0.0,0.0,0.0,0.0
274,4,LN,cogen_conventional_steam_coal,0.0,0.0,0.0,0.0,0.0,0.0,0.0,0.0,0.0,0.0,0.0,0.0,0.0,0.0,0.0,0.0,0.0,0.0,0.0,0.0,0.0,0.0,0.0,0.0,0.0,0.0,0.0,0.0,0.0,0.0,0.0,0.0,0.0,0.0,0.0,0.0,0.0,0.0,0.0,0.0,0.0,0.0,0.0,0.0,0.0,0.0,0.0,0.0,0.0,0.0,0.0,0.0,0.0,0.0,0.0,0.0,0.0,0.0,0.0,0.0,0.0,0.0,0.0,0.0,0.0,0.0,0.0,0.0,0.0,0.0,0.0,0.0,0.0,0.0,0.0,0.0,0.0,0.0,0.0,0.0,0.0,0.0,0.0,0.0,0.0,0.0,0.0,0.0,0.0,0.0,0.0,0.0,0.0,0.0,0.0,0.0,0.0,0.0,0.0,0.0,0.0,0.0,0.0,0.0,0.0,0.0,0.0,0.0,0.0,0.0,0.0,0.0,0.0,0.0,0.0,0.0,0.0,0.0,0.0,0.0,0.0,0.0,0.0,0.0,0.0,0.0,0.0,0.0,0.0,0.0,0.0,0.0,0.0,0.0,0.0,0.0,0.0,0.0,0.0,0.0,0.0,0.0,0.0,0.0,0.0,0.0,0.0,0.0,0.0,0.0,0.0,0.0,0.0,0.0,0.0,0.0,0.0,0.0,0.0,0.0,0.0,0.0,0.0,0.0,0.0,0.0,0.0,0.0
275,4,LN,cogen_conventional_steam_coal,0.0,0.0,0.0,0.0,0.0,0.0,0.0,0.0,0.0,0.0,0.0,0.0,0.0,0.0,0.0,0.0,0.0,0.0,0.0,0.0,0.0,0.0,0.0,0.0,0.0,0.0,0.0,0.0,0.0,0.0,0.0,0.0,0.0,0.0,0.0,0.0,0.0,0.0,0.0,0.0,0.0,0.0,0.0,0.0,0.0,0.0,0.0,0.0,0.0,0.0,0.0,0.0,0.0,0.0,0.0,0.0,0.0,0.0,0.0,0.0,0.0,0.0,0.0,0.0,0.0,0.0,0.0,0.0,0.0,0.0,0.0,0.0,0.0,0.0,0.0,0.0,0.0,0.0,0.0,0.0,0.0,0.0,0.0,0.0,0.0,0.0,0.0,0.0,0.0,0.0,0.0,0.0,0.0,0.0,0.0,0.0,0.0,0.0,0.0,0.0,0.0,0.0,0.0,0.0,0.0,0.0,0.0,0.0,0.0,0.0,0.0,0.0,0.0,0.0,0.0,0.0,0.0,0.0,0.0,0.0,0.0,0.0,0.0,0.0,0.0,0.0,0.0,0.0,0.0,0.0,0.0,0.0,0.0,0.0,0.0,0.0,0.0,0.0,0.0,0.0,0.0,0.0,0.0,0.0,0.0,0.0,0.0,0.0,0.0,0.0,0.0,0.0,0.0,0.0,0.0,0.0,0.0,0.0,0.0,0.0,0.0,0.0,0.0,0.0,0.0,0.0,0.0,0.0
276,4,LN,cogen_conventional_steam_coal,0.0,0.0,0.0,0.0,0.0,0.0,0.0,0.0,0.0,0.0,0.0,0.0,0.0,0.0,0.0,0.0,0.0,0.0,0.0,0.0,0.0,0.0,0.0,0.0,0.0,0.0,0.0,0.0,0.0,0.0,0.0,0.0,0.0,0.0,0.0,0.0,0.0,0.0,0.0,0.0,0.0,0.0,0.0,0.0,0.0,0.0,0.0,0.0,0.0,0.0,0.0,0.0,0.0,0.0,0.0,0.0,0.0,0.0,0.0,0.0,0.0,0.0,0.0,0.0,0.0,0.0,0.0,0.0,0.0,0.0,0.0,0.0,0.0,0.0,0.0,0.0,0.0,0.0,0.0,0.0,0.0,0.0,0.0,0.0,0.0,0.0,0.0,0.0,0.0,0.0,0.0,0.0,0.0,0.0,0.0,0.0,0.0,0.0,0.0,0.0,0.0,0.0,0.0,0.0,0.0,0.0,0.0,0.0,0.0,0.0,0.0,0.0,0.0,0.0,0.0,0.0,0.0,0.0,0.0,0.0,0.0,0.0,0.0,0.0,0.0,0.0,0.0,0.0,0.0,0.0,0.0,0.0,0.0,0.0,0.0,0.0,0.0,0.0,0.0,0.0,0.0,0.0,0.0,0.0,0.0,0.0,0.0,0.0,0.0,0.0,0.0,0.0,0.0,0.0,0.0,0.0,0.0,0.0,0.0,0.0,0.0,0.0,0.0,0.0,0.0,0.0,0.0,0.0
277,4,LN,cogen_conventional_steam_coal,0.0,0.0,0.0,0.0,0.0,0.0,0.0,0.0,0.0,0.0,0.0,0.0,0.0,0.0,0.0,0.0,0.0,0.0,0.0,0.0,0.0,0.0,0.0,0.0,0.0,0.0,0.0,0.0,0.0,0.0,0.0,0.0,0.0,0.0,0.0,0.0,0.0,0.0,0.0,0.0,0.0,0.0,0.0,0.0,0.0,0.0,0.0,0.0,0.0,0.0,0.0,0.0,0.0,0.0,0.0,0.0,0.0,0.0,0.0,0.0,0.0,0.0,0.0,0.0,0.0,0.0,0.0,0.0,0.0,0.0,0.0,0.0,0.0,0.0,0.0,0.0,0.0,0.0,0.0,0.0,0.0,0.0,0.0,0.0,0.0,0.0,0.0,0.0,0.0,0.0,0.0,0.0,0.0,0.0,0.0,0.0,0.0,0.0,0.0,0.0,0.0,0.0,0.0,0.0,0.0,0.0,0.0,0.0,0.0,0.0,0.0,0.0,0.0,0.0,0.0,0.0,0.0,0.0,0.0,0.0,0.0,0.0,0.0,0.0,0.0,0.0,0.0,0.0,0.0,0.0,0.0,0.0,0.0,0.0,0.0,0.0,0.0,0.0,0.0,0.0,0.0,0.0,0.0,0.0,0.0,0.0,0.0,0.0,0.0,0.0,0.0,0.0,0.0,0.0,0.0,0.0,0.0,0.0,0.0,0.0,0.0,0.0,0.0,0.0,0.0,0.0,0.0,0.0
278,4,LN,cogen_conventional_steam_coal,0.0,0.0,0.0,0.0,0.0,0.0,0.0,0.0,0.0,0.0,0.0,0.0,0.0,0.0,0.0,0.0,0.0,0.0,0.0,0.0,0.0,0.0,0.0,0.0,0.0,0.0,0.0,0.0,0.0,0.0,0.0,0.0,0.0,0.0,0.0,0.0,0.0,0.0,0.0,0.0,0.0,0.0,0.0,0.0,0.0,0.0,0.0,0.0,0.0,0.0,0.0,0.0,0.0,0.0,0.0,0.0,0.0,0.0,0.0,0.0,0.0,0.0,0.0,0.0,0.0,0.0,0.0,0.0,0.0,0.0,0.0,0.0,0.0,0.0,0.0,0.0,0.0,0.0,0.0,0.0,0.0,0.0,0.0,0.0,0.0,0.0,0.0,0.0,0.0,0.0,0.0,0.0,0.0,0.0,0.0,0.0,0.0,0.0,0.0,0.0,0.0,0.0,0.0,0.0,0.0,0.0,0.0,0.0,0.0,0.0,0.0,0.0,0.0,0.0,0.0,0.0,0.0,0.0,0.0,0.0,0.0,0.0,0.0,0.0,0.0,0.0,0.0,0.0,0.0,0.0,0.0,0.0,0.0,0.0,0.0,0.0,0.0,0.0,0.0,0.0,0.0,0.0,0.0,0.0,0.0,0.0,0.0,0.0,0.0,0.0,0.0,0.0,0.0,0.0,0.0,0.0,0.0,0.0,0.0,0.0,0.0,0.0,0.0,0.0,0.0,0.0,0.0,0.0
279,4,LN,cogen_conventional_steam_coal,0.0,0.0,0.0,0.0,0.0,0.0,0.0,0.0,0.0,0.0,0.0,0.0,0.0,0.0,0.0,0.0,0.0,0.0,0.0,0.0,0.0,0.0,0.0,0.0,0.0,0.0,0.0,0.0,0.0,0.0,0.0,0.0,0.0,0.0,0.0,0.0,0.0,0.0,0.0,0.0,0.0,0.0,0.0,0.0,0.0,0.0,0.0,0.0,0.0,0.0,0.0,0.0,0.0,0.0,0.0,0.0,0.0,0.0,0.0,0.0,0.0,0.0,0.0,0.0,0.0,0.0,0.0,0.0,0.0,0.0,0.0,0.0,0.0,0.0,0.0,0.0,0.0,0.0,0.0,0.0,0.0,0.0,0.0,0.0,0.0,0.0,0.0,0.0,0.0,0.0,0.0,0.0,0.0,0.0,0.0,0.0,0.0,0.0,0.0,0.0,0.0,0.0,0.0,0.0,0.0,0.0,0.0,0.0,0.0,0.0,0.0,0.0,0.0,0.0,0.0,0.0,0.0,0.0,0.0,0.0,0.0,0.0,0.0,0.0,0.0,0.0,0.0,0.0,0.0,0.0,0.0,0.0,0.0,0.0,0.0,0.0,0.0,0.0,0.0,0.0,0.0,0.0,0.0,0.0,0.0,0.0,0.0,0.0,0.0,0.0,0.0,0.0,0.0,0.0,0.0,0.0,0.0,0.0,0.0,0.0,0.0,0.0,0.0,0.0,0.0,0.0,0.0,0.0
280,4,LN,cogen_conventional_steam_coal,0.0,0.0,0.0,0.0,0.0,0.0,0.0,0.0,0.0,0.0,0.0,0.0,0.0,0.0,0.0,0.0,0.0,0.0,0.0,0.0,0.0,0.0,0.0,0.0,0.0,0.0,0.0,0.0,0.0,0.0,0.0,0.0,0.0,0.0,0.0,0.0,0.0,0.0,0.0,0.0,0.0,0.0,48.25,48.25,48.25,48.25,48.25,48.25,0.0,0.0,0.0,0.0,0.0,0.0,0.0,0.0,0.0,0.0,0.0,0.0,0.0,0.0,0.0,48.25,48.25,48.25,48.25,48.25,48.25,48.25,48.25,48.25,0.0,0.0,0.0,0.0,0.0,0.0,0.0,0.0,0.0,0.0,0.0,0.0,0.0,0.0,0.0,0.0,0.0,48.25,48.25,48.25,48.25,48.25,48.25,48.25,48.25,48.25,0.0,0.0,0.0,0.0,0.0,0.0,0.0,0.0,0.0,0.0,0.0,0.0,0.0,48.25,48.25,48.25,48.25,48.25,48.25,48.25,48.25,48.25,48.25,48.25,48.25,48.25,0.0,48.25,48.25,0.0,0.0,0.0,48.25,0.0,0.0,0.0,0.0,0.0,0.0,0.0,0.0,0.0,0.0,0.0,0.0,0.0,0.0,0.0,0.0,0.0,0.0,0.0,48.25,48.25,48.25,48.25,48.25,48.25,0.0,48.25,48.25,48.25,48.25,48.25,48.25,48.25,48.25,48.25,48.25,0.0
281,4,LN,cogen_conventional_steam_coal,0.0,0.0,0.0,0.0,0.0,0.0,0.0,0.0,0.0,0.0,0.0,0.0,0.0,0.0,0.0,0.0,0.0,0.0,0.0,0.0,0.0,0.0,0.0,0.0,0.0,0.0,0.0,0.0,0.0,0.0,0.0,0.0,0.0,0.0,0.0,0.0,0.0,0.0,0.0,0.0,0.0,0.0,66.97500000000002,66.97500000000002,66.97500000000002,66.97500000000002,66.97500000000002,66.97500000000002,66.97500000000002,0.0,0.0,0.0,0.0,0.0,0.0,0.0,0.0,0.0,0.0,0.0,0.0,0.0,0.0,66.97500000000002,66.97500000000002,66.97500000000002,66.97500000000002,66.97500000000002,66.97500000000002,66.97500000000002,66.97500000000002,66.97500000000002,0.0,0.0,0.0,0.0,0.0,0.0,0.0,0.0,0.0,0.0,0.0,0.0,0.0,0.0,0.0,0.0,0.0,66.97500000000002,66.97500000000002,66.97500000000002,66.97500000000002,66.97500000000002,66.97500000000002,66.97500000000002,66.97500000000002,0.0,0.0,0.0,0.0,0.0,0.0,0.0,0.0,0.0,0.0,0.0,0.0,0.0,0.0,66.97500000000002,66.97500000000002,66.97500000000002,66.97500000000002,66.97500000000002,66.97500000000002,66.97500000000002,66.97500000000002,66.97500000000002,66.97500000000002,66.97500000000002,0.0,66.97500000000002,0.0,66.97500000000002,66.97500000000002,0.0,0.0,0.0,66.97500000000002,0.0,0.0,0.0,0.0,0.0,0.0,0.0,0.0,0.0,0.0,0.0,0.0,0.0,0.0,0.0,0.0,0.0,0.0,0.0,66.97500000000002,66.97500000000002,66.97500000000002,66.97500000000002,66.97500000000002,66.97500000000002,0.0,66.97500000000002,66.97500000000002,66.97500000000002,66.97500000000002,66.97500000000002,66.97500000000002,66.97500000000002,66.97500000000002,66.97500000000002,66.97500000000002,0.0
282,4,LN,cogen_conventional_steam_coal,0.0,0.0,0.0,0.0,0.0,0.0,0.0,0.0,0.0,0.0,0.0,0.0,0.0,0.0,0.0,0.0,0.0,0.0,0.0,0.0,0.0,0.0,0.0,0.0,0.0,0.0,0.0,0.0,0.0,0.0,0.0,0.0,0.0,0.0,0.0,0.0,0.0,0.0,0.0,0.0,0.0,0.0,66.97500000000002,66.97500000000002,66.97500000000002,66.97500000000002,66.97500000000002,66.97500000000002,0.0,0.0,0.0,0.0,0.0,0.0,0.0,0.0,0.0,0.0,0.0,0.0,0.0,0.0,0.0,66.97500000000002,66.97500000000002,66.97500000000002,66.97500000000002,66.97500000000002,66.97500000000002,66.97500000000002,66.97500000000002,66.97500000000002,0.0,0.0,0.0,0.0,0.0,0.0,0.0,0.0,0.0,0.0,0.0,0.0,0.0,0.0,0.0,0.0,0.0,66.97500000000002,66.97500000000002,66.97500000000002,66.97500000000002,66.97500000000002,66.97500000000002,66.97500000000002,66.97500000000002,0.0,0.0,0.0,0.0,0.0,0.0,0.0,0.0,0.0,0.0,0.0,0.0,0.0,0.0,66.97500000000002,66.97500000000002,66.97500000000002,66.97500000000002,66.97500000000002,66.97500000000002,66.97500000000002,66.97500000000002,66.97500000000002,66.97500000000002,66.97500000000002,0.0,66.97500000000002,0.0,66.97500000000002,66.97500000000002,0.0,0.0,0.0,66.97500000000002,0.0,0.0,0.0,0.0,0.0,0.0,0.0,0.0,0.0,0.0,0.0,0.0,0.0,0.0,0.0,0.0,0.0,0.0,0.0,66.97500000000002,66.97500000000002,66.97500000000002,0.0,66.97500000000002,66.97500000000002,0.0,66.97500000000002,66.97500000000002,66.97500000000002,66.97500000000002,66.97500000000002,66.97500000000002,66.97500000000002,66.97500000000002,66.97500000000002,66.97500000000002,0.0
283,4,LN,conventional_steam_coal,0.0,0.0,0.0,0.0,0.0,0.0,0.0,0.0,0.0,0.0,0.0,0.0,0.0,0.0,0.0,0.0,0.0,0.0,0.0,0.0,0.0,0.0,0.0,0.0,0.0,0.0,0.0,0.0,0.0,0.0,0.0,0.0,0.0,0.0,0.0,0.0,0.0,0.0,0.0,0.0,0.0,0.0,125.125,125.125,125.125,125.125,125.125,125.125,0.0,0.0,0.0,0.0,0.0,0.0,0.0,0.0,0.0,0.0,0.0,0.0,0.0,0.0,0.0,125.125,125.125,125.125,125.125,125.125,125.125,125.125,125.125,125.125,0.0,0.0,0.0,0.0,0.0,0.0,0.0,0.0,0.0,0.0,0.0,0.0,0.0,0.0,0.0,0.0,0.0,125.125,125.125,125.125,125.125,125.125,125.125,125.125,125.125,0.0,0.0,0.0,0.0,0.0,0.0,0.0,0.0,0.0,0.0,0.0,0.0,0.0,0.0,125.125,125.125,125.125,125.125,125.125,125.125,125.125,125.125,125.125,125.125,125.125,0.0,125.125,0.0,125.125,125.125,0.0,0.0,0.0,125.125,0.0,0.0,0.0,0.0,0.0,0.0,0.0,0.0,0.0,0.0,0.0,0.0,0.0,0.0,0.0,0.0,0.0,0.0,0.0,125.125,125.125,125.125,125.125,125.125,125.125,0.0,125.125,125.125,125.125,125.125,125.125,125.125,125.125,125.125,125.125,125.125,0.0
284,4,LN,conventional_steam_coal,0.0,0.0,0.0,0.0,0.0,0.0,0.0,0.0,0.0,0.0,0.0,0.0,0.0,0.0,0.0,0.0,0.0,0.0,0.0,0.0,0.0,0.0,0.0,0.0,0.0,0.0,0.0,0.0,0.0,0.0,0.0,0.0,0.0,0.0,0.0,0.0,0.0,0.0,0.0,0.0,0.0,0.0,125.125,125.125,125.125,125.125,125.125,125.125,0.0,0.0,0.0,0.0,0.0,0.0,0.0,0.0,0.0,0.0,0.0,0.0,0.0,0.0,0.0,125.125,125.125,125.125,125.125,125.125,125.125,125.125,125.125,125.125,0.0,0.0,0.0,0.0,0.0,0.0,0.0,0.0,0.0,0.0,0.0,0.0,0.0,0.0,0.0,0.0,0.0,125.125,125.125,125.125,125.125,125.125,125.125,125.125,125.125,0.0,0.0,0.0,0.0,0.0,0.0,0.0,0.0,0.0,0.0,0.0,0.0,0.0,0.0,125.125,125.125,125.125,125.125,125.125,125.125,125.125,125.125,125.125,125.125,125.125,0.0,125.125,0.0,125.125,125.125,0.0,0.0,0.0,125.125,0.0,0.0,0.0,0.0,0.0,0.0,0.0,0.0,0.0,0.0,0.0,0.0,0.0,0.0,0.0,0.0,0.0,0.0,0.0,125.125,125.125,125.125,125.125,125.125,125.125,0.0,125.125,125.125,125.125,125.125,125.125,125.125,125.125,125.125,125.125,125.125,0.0
285,4,LN,cogen_conventional_steam_coal,0.0,0.0,0.0,0.0,0.0,0.0,0.0,0.0,0.0,0.0,0.0,0.0,0.0,0.0,0.0,0.0,0.0,0.0,0.0,0.0,0.0,0.0,0.0,0.0,0.0,0.0,0.0,0.0,0.0,0.0,0.0,0.0,0.0,0.0,0.0,0.0,0.0,0.0,0.0,0.0,0.0,0.0,125.125,125.125,125.125,125.125,125.125,125.125,0.0,0.0,0.0,0.0,0.0,0.0,0.0,0.0,0.0,0.0,0.0,0.0,0.0,0.0,0.0,125.125,125.125,125.125,125.125,125.125,125.125,125.125,125.125,125.125,0.0,0.0,0.0,0.0,0.0,0.0,0.0,0.0,0.0,0.0,0.0,0.0,0.0,0.0,0.0,0.0,0.0,125.125,125.125,125.125,125.125,125.125,125.125,125.125,125.125,125.125,0.0,0.0,0.0,0.0,0.0,0.0,0.0,0.0,0.0,0.0,0.0,0.0,0.0,125.125,125.125,125.125,125.125,125.125,125.125,125.125,125.125,125.125,125.125,125.125,125.125,125.125,0.0,125.125,125.125,0.0,0.0,0.0,125.125,0.0,0.0,0.0,0.0,0.0,0.0,0.0,0.0,0.0,0.0,0.0,0.0,0.0,0.0,0.0,0.0,0.0,0.0,0.0,125.125,125.125,125.125,125.125,125.125,125.125,0.0,125.125,125.125,125.125,118.92847396816342,125.125,125.125,125.125,125.125,125.125,125.125,0.0
286,4,LN,cogen_conventional_steam_coal,0.0,0.0,0.0,0.0,0.0,0.0,0.0,0.0,0.0,0.0,0.0,0.0,0.0,0.0,0.0,0.0,0.0,0.0,0.0,0.0,0.0,0.0,0.0,0.0,0.0,0.0,0.0,0.0,0.0,0.0,0.0,0.0,0.0,0.0,0.0,0.0,0.0,0.0,0.0,0.0,0.0,0.0,125.125,125.125,125.125,125.125,125.125,125.125,0.0,0.0,0.0,0.0,0.0,0.0,0.0,0.0,0.0,0.0,0.0,0.0,0.0,0.0,0.0,108.9411634856749,125.125,125.125,125.125,125.125,125.125,125.125,125.125,125.125,0.0,0.0,0.0,0.0,0.0,0.0,0.0,0.0,0.0,0.0,0.0,0.0,0.0,0.0,0.0,0.0,0.0,125.125,125.125,125.125,125.125,125.125,125.125,125.125,125.125,125.125,0.0,0.0,0.0,0.0,0.0,0.0,0.0,0.0,0.0,0.0,0.0,0.0,0.0,125.125,125.125,125.125,125.125,125.125,125.125,125.125,125.125,125.125,125.125,125.125,125.125,125.125,0.0,125.125,125.125,0.0,0.0,0.0,125.125,0.0,0.0,0.0,0.0,0.0,0.0,0.0,0.0,0.0,0.0,0.0,0.0,0.0,0.0,0.0,0.0,0.0,0.0,0.0,125.125,125.125,125.125,125.125,125.125,125.125,0.0,125.125,125.125,125.125,125.125,125.125,125.125,125.125,125.125,125.125,125.125,0.0
287,4,LN,cogen_conventional_steam_coal,0.0,0.0,0.0,0.0,0.0,0.0,0.0,0.0,0.0,0.0,0.0,0.0,0.0,0.0,0.0,0.0,0.0,0.0,0.0,0.0,0.0,0.0,0.0,0.0,0.0,0.0,0.0,0.0,0.0,0.0,0.0,0.0,0.0,0.0,0.0,0.0,0.0,0.0,0.0,0.0,0.0,0.0,125.125,125.125,125.125,125.125,125.125,125.125,0.0,0.0,0.0,0.0,0.0,0.0,0.0,0.0,0.0,0.0,0.0,0.0,0.0,0.0,0.0,125.125,125.125,125.125,125.125,125.125,125.125,125.125,125.125,125.125,0.0,0.0,0.0,0.0,0.0,0.0,0.0,0.0,0.0,0.0,0.0,0.0,0.0,0.0,0.0,0.0,0.0,125.125,125.125,125.125,125.125,125.125,125.125,125.125,125.125,125.125,0.0,0.0,0.0,0.0,0.0,0.0,0.0,0.0,0.0,0.0,0.0,0.0,0.0,125.125,125.125,125.125,125.125,125.125,125.125,125.125,125.125,125.125,125.125,125.125,125.125,0.0,0.0,125.125,0.0,0.0,0.0,0.0,125.125,0.0,0.0,0.0,0.0,0.0,0.0,0.0,0.0,0.0,0.0,0.0,0.0,0.0,0.0,0.0,0.0,0.0,0.0,109.1080120895092,125.125,125.125,125.125,0.0,125.125,125.125,0.0,125.125,125.125,125.125,125.125,125.125,125.125,125.125,125.125,125.125,125.125,0.0
288,4,LN,cogen_conventional_steam_coal,0.0,0.0,0.0,0.0,0.0,0.0,0.0,0.0,0.0,0.0,0.0,0.0,0.0,0.0,0.0,0.0,0.0,0.0,0.0,0.0,0.0,0.0,0.0,0.0,0.0,0.0,0.0,0.0,0.0,0.0,0.0,0.0,0.0,0.0,0.0,0.0,0.0,0.0,0.0,0.0,0.0,0.0,125.125,125.125,125.125,125.125,125.125,125.125,0.0,0.0,0.0,0.0,0.0,0.0,0.0,0.0,0.0,0.0,0.0,0.0,0.0,0.0,0.0,125.125,125.125,125.125,125.125,125.125,125.125,125.125,125.125,125.125,0.0,0.0,0.0,0.0,0.0,0.0,0.0,0.0,0.0,0.0,0.0,0.0,0.0,0.0,0.0,0.0,73.87442835813067,125.125,125.125,125.125,125.125,125.125,125.125,125.125,125.125,0.0,0.0,0.0,0.0,0.0,0.0,0.0,0.0,0.0,0.0,0.0,0.0,0.0,0.0,125.125,125.125,125.125,125.125,125.125,125.125,125.125,125.125,125.125,125.125,125.125,0.0,123.50884889803001,0.0,125.125,0.0,0.0,0.0,0.0,114.40221716349879,0.0,0.0,0.0,0.0,0.0,0.0,0.0,0.0,0.0,0.0,0.0,0.0,0.0,0.0,0.0,0.0,0.0,0.0,0.0,125.125,125.125,125.125,0.0,125.125,125.125,125.125,125.125,125.125,125.125,0.0,125.125,125.125,125.125,125.125,125.125,125.125,0.0
289,4,LN,cogen_conventional_steam_coal,0.0,0.0,0.0,0.0,0.0,0.0,0.0,0.0,0.0,0.0,0.0,0.0,0.0,0.0,0.0,0.0,0.0,0.0,0.0,0.0,0.0,0.0,0.0,0.0,0.0,0.0,0.0,0.0,0.0,0.0,0.0,0.0,0.0,0.0,0.0,0.0,0.0,0.0,0.0,0.0,0.0,0.0,10.725000000000001,10.725000000000001,10.725000000000001,10.725000000000001,10.725000000000001,10.725000000000001,10.725000000000001,0.0,0.0,0.0,0.0,0.0,0.0,10.725000000000001,10.725000000000001,10.725000000000001,10.725000000000001,10.725000000000001,10.725000000000001,10.725000000000001,10.725000000000001,10.725000000000001,10.725000000000001,10.725000000000001,10.725000000000001,10.725000000000001,10.725000000000001,10.725000000000001,10.725000000000001,10.725000000000001,0.0,0.0,0.0,0.0,0.0,0.0,0.0,0.0,0.0,0.0,0.0,0.0,0.0,0.0,0.0,0.0,10.725000000000001,10.725000000000001,10.725000000000001,10.725000000000001,10.725000000000001,10.725000000000001,10.725000000000001,10.725000000000001,10.725000000000001,10.725000000000001,0.0,0.0,0.0,0.0,0.0,0.0,0.0,0.0,0.0,0.0,0.0,0.0,0.0,10.725000000000001,10.725000000000001,10.725000000000001,10.725000000000001,10.725000000000001,10.725000000000001,10.725000000000001,10.725000000000001,10.725000000000001,10.725000000000001,10.725000000000001,10.725000000000001,10.725000000000001,10.725000000000001,10.725000000000001,10.725000000000001,0.0,10.725000000000001,10.725000000000001,10.725000000000001,10.725000000000001,0.0,0.0,0.0,0.0,0.0,0.0,0.0,0.0,0.0,0.0,0.0,0.0,0.0,0.0,0.0,0.0,0.0,10.725000000000001,10.725000000000001,10.725000000000001,10.725000000000001,10.725000000000001,10.725000000000001,10.725000000000001,10.725000000000001,10.725000000000001,10.725000000000001,10.725000000000001,10.725000000000001,10.725000000000001,10.725000000000001,10.725000000000001,10.725000000000001,10.725000000000001,10.725000000000001,0.0
290,4,LN,cogen_conventional_steam_coal,0.0,0.0,0.0,0.0,0.0,0.0,0.0,0.0,0.0,0.0,0.0,0.0,0.0,0.0,0.0,0.0,0.0,0.0,0.0,0.0,0.0,0.0,0.0,0.0,0.0,0.0,0.0,0.0,0.0,0.0,0.0,0.0,0.0,0.0,0.0,0.0,0.0,0.0,0.0,0.0,0.0,0.0,10.725000000000001,10.725000000000001,10.725000000000001,10.725000000000001,10.725000000000001,10.725000000000001,10.725000000000001,0.0,0.0,0.0,0.0,0.0,0.0,10.725000000000001,10.725000000000001,10.725000000000001,10.725000000000001,10.725000000000001,10.725000000000001,10.725000000000001,10.725000000000001,10.725000000000001,10.725000000000001,10.725000000000001,10.725000000000001,10.725000000000001,10.725000000000001,10.725000000000001,10.725000000000001,10.725000000000001,0.0,0.0,0.0,0.0,0.0,0.0,0.0,0.0,0.0,0.0,0.0,0.0,0.0,0.0,0.0,0.0,10.725000000000001,10.725000000000001,10.725000000000001,10.725000000000001,10.725000000000001,10.725000000000001,10.725000000000001,10.725000000000001,10.725000000000001,10.725000000000001,0.0,0.0,0.0,0.0,0.0,0.0,0.0,0.0,0.0,0.0,0.0,0.0,0.0,10.725000000000001,10.725000000000001,10.725000000000001,10.725000000000001,10.725000000000001,10.725000000000001,10.725000000000001,10.725000000000001,10.725000000000001,10.725000000000001,10.725000000000001,10.725000000000001,10.725000000000001,10.725000000000001,10.725000000000001,10.725000000000001,0.0,10.725000000000001,10.725000000000001,10.725000000000001,10.725000000000001,0.0,0.0,0.0,0.0,0.0,0.0,0.0,0.0,0.0,0.0,0.0,0.0,0.0,0.0,0.0,0.0,0.0,10.725000000000001,10.725000000000001,10.725000000000001,10.725000000000001,10.725000000000001,10.725000000000001,10.725000000000001,10.725000000000001,10.725000000000001,10.725000000000001,10.725000000000001,10.725000000000001,10.725000000000001,10.725000000000001,10.725000000000001,10.725000000000001,10.725000000000001,10.725000000000001,0.0
291,4,LN,cogen_conventional_steam_coal,0.0,0.0,0.0,0.0,0.0,0.0,0.0,0.0,0.0,0.0,0.0,0.0,0.0,0.0,0.0,0.0,0.0,0.0,0.0,0.0,0.0,0.0,0.0,0.0,0.0,0.0,0.0,0.0,0.0,0.0,0.0,0.0,0.0,0.0,0.0,0.0,0.0,0.0,0.0,0.0,0.0,0.0,14.3,14.3,14.3,14.3,14.3,14.3,14.3,0.0,0.0,0.0,0.0,0.0,0.0,5.449642746402606,14.3,14.3,14.3,14.3,14.3,14.3,14.3,14.3,14.3,14.3,14.3,14.3,14.3,14.3,14.3,14.3,0.0,0.0,0.0,0.0,0.0,0.0,0.0,0.0,0.0,0.0,0.0,0.0,0.0,0.0,0.0,0.0,14.3,14.3,14.3,14.3,14.3,14.3,14.3,14.3,14.3,14.3,0.0,0.0,0.0,0.0,0.0,0.0,0.0,0.0,0.0,0.0,0.0,0.0,0.0,14.3,14.3,14.3,14.3,14.3,14.3,14.3,14.3,14.3,14.3,14.3,14.3,14.3,14.3,14.3,14.3,0.0,14.3,14.3,14.3,14.3,0.0,0.0,0.0,0.0,0.0,0.0,0.0,0.0,0.0,0.0,0.0,0.0,0.0,0.0,0.0,0.0,0.0,14.3,14.3,14.3,14.3,14.3,14.3,14.3,14.3,14.3,14.3,14.3,14.3,14.3,14.3,14.3,14.3,14.3,14.3,0.0
292,4,LN,cogen_conventional_steam_coal,0.0,0.0,0.0,0.0,0.0,0.0,0.0,0.0,0.0,0.0,0.0,0.0,0.0,0.0,0.0,0.0,0.0,0.0,0.0,0.0,0.0,0.0,0.0,0.0,0.0,0.0,0.0,0.0,0.0,0.0,0.0,0.0,0.0,0.0,0.0,0.0,0.0,0.0,0.0,0.0,0.0,0.0,14.3,14.3,14.3,14.3,14.3,14.3,14.3,0.0,0.0,0.0,0.0,0.0,0.0,14.3,14.3,14.3,14.3,14.3,14.3,14.3,14.3,14.3,14.3,14.3,14.3,14.3,14.3,14.3,14.3,14.3,0.0,0.0,0.0,0.0,0.0,0.0,0.0,0.0,0.0,0.0,0.0,0.0,0.0,0.0,0.0,0.0,14.3,14.3,14.3,14.3,14.3,14.3,14.3,14.3,14.3,14.3,0.0,0.0,0.0,0.0,0.0,0.0,0.0,0.0,0.0,0.0,0.0,0.0,0.0,14.3,14.3,14.3,14.3,14.3,14.3,14.3,14.3,14.3,14.3,14.3,14.3,14.3,14.3,14.3,14.3,0.0,14.3,14.3,14.3,14.3,0.0,0.0,0.0,0.0,0.0,0.0,0.0,0.0,0.0,0.0,0.0,0.0,0.0,0.0,0.0,0.0,0.0,14.3,14.3,14.3,14.3,14.3,14.3,14.3,14.3,14.3,14.3,14.3,14.3,14.3,14.3,14.3,14.3,14.3,14.3,0.0
293,4,LN,cogen_conventional_steam_coal,0.0,0.0,0.0,0.0,0.0,0.0,0.0,0.0,0.0,0.0,0.0,0.0,0.0,0.0,0.0,0.0,0.0,0.0,0.0,0.0,0.0,0.0,0.0,0.0,0.0,0.0,0.0,0.0,0.0,0.0,0.0,0.0,0.0,0.0,0.0,0.0,0.0,0.0,0.0,0.0,0.0,0.0,17.875,17.875,17.875,17.875,17.875,17.875,17.875,0.0,0.0,0.0,0.0,0.0,0.0,17.875,17.875,17.875,17.875,17.875,17.875,17.875,17.875,17.875,17.875,17.875,17.875,17.875,17.875,17.875,17.875,17.875,0.0,0.0,0.0,0.0,0.0,0.0,0.0,0.0,0.0,0.0,0.0,0.0,0.0,0.0,0.0,0.0,17.875,17.875,17.875,17.875,17.875,17.875,17.875,17.875,17.875,17.875,0.0,0.0,0.0,0.0,0.0,0.0,0.0,0.0,0.0,0.0,0.0,0.0,0.0,17.875,17.875,17.875,17.875,17.875,17.875,17.875,17.875,17.875,17.875,17.875,17.875,17.875,17.875,17.875,17.875,0.0,17.875,17.875,17.875,17.875,0.0,0.0,0.0,0.0,0.0,0.0,0.0,0.0,0.0,0.0,0.0,0.0,0.0,0.0,0.0,0.0,0.0,17.875,17.875,17.875,17.875,17.875,17.875,17.875,17.875,17.875,17.875,17.875,17.875,17.875,17.875,17.875,17.875,17.875,17.875,0.0
294,4,LN,cogen_conventional_steam_coal,0.0,0.0,0.0,0.0,0.0,0.0,0.0,0.0,0.0,0.0,0.0,0.0,0.0,0.0,0.0,0.0,0.0,0.0,0.0,0.0,0.0,0.0,0.0,0.0,0.0,0.0,0.0,0.0,0.0,0.0,0.0,0.0,0.0,0.0,0.0,0.0,0.0,0.0,0.0,0.0,0.0,0.0,17.875,17.875,17.875,17.875,17.875,17.875,17.875,0.0,0.0,0.0,0.0,0.0,0.0,17.875,17.875,17.875,17.875,17.875,17.875,17.875,17.875,17.875,17.875,17.875,17.875,17.875,17.875,17.875,17.875,17.875,0.0,0.0,0.0,0.0,0.0,0.0,0.0,0.0,0.0,0.0,0.0,0.0,0.0,0.0,0.0,0.0,17.875,17.875,17.875,17.875,17.875,17.875,17.875,17.875,17.875,17.875,0.0,0.0,0.0,0.0,0.0,0.0,0.0,0.0,0.0,0.0,0.0,0.0,0.0,17.875,17.875,17.875,17.875,17.875,17.875,17.875,17.875,17.875,17.875,17.875,17.875,17.875,17.875,17.875,17.875,0.0,17.875,17.875,17.875,17.875,0.0,0.0,0.0,0.0,0.0,0.0,0.0,0.0,0.0,0.0,0.0,0.0,0.0,0.0,0.0,0.0,0.0,17.875,17.875,17.875,17.875,17.875,17.875,17.875,17.875,17.875,17.875,17.875,17.875,17.875,17.875,17.875,17.875,17.875,17.875,0.0
295,4,LN,cogen_conventional_steam_coal,0.0,0.0,0.0,0.0,0.0,0.0,0.0,0.0,0.0,0.0,0.0,0.0,0.0,0.0,0.0,0.0,0.0,0.0,0.0,0.0,0.0,0.0,0.0,0.0,0.0,0.0,0.0,0.0,0.0,0.0,0.0,0.0,0.0,0.0,0.0,0.0,0.0,0.0,0.0,0.0,0.0,0.0,17.875,17.875,17.875,17.875,17.875,17.875,17.875,0.0,0.0,0.0,0.0,0.0,0.0,17.875,17.875,17.875,17.875,17.875,17.875,17.875,17.875,17.875,17.875,17.875,17.875,17.875,17.875,17.875,17.875,17.875,0.0,0.0,0.0,0.0,0.0,0.0,0.0,0.0,0.0,0.0,0.0,0.0,0.0,0.0,0.0,0.0,17.875,17.875,17.875,17.875,17.875,17.875,17.875,17.875,17.875,17.875,0.0,0.0,0.0,0.0,0.0,0.0,0.0,0.0,0.0,0.0,0.0,0.0,0.0,17.875,17.875,17.875,17.875,17.875,17.875,17.875,17.875,17.875,17.875,17.875,17.875,17.875,17.875,17.875,17.875,0.0,17.875,17.875,17.875,17.875,0.0,0.0,0.0,0.0,0.0,0.0,0.0,0.0,0.0,0.0,0.0,0.0,0.0,0.0,0.0,0.0,0.0,17.875,17.875,17.875,17.875,17.875,17.875,17.875,17.875,17.875,17.875,17.875,17.875,17.875,17.875,17.875,17.875,17.875,17.875,0.0
296,4,LN,cogen_conventional_steam_coal,0.0,0.0,0.0,0.0,0.0,0.0,0.0,0.0,0.0,0.0,0.0,0.0,0.0,0.0,0.0,0.0,0.0,0.0,0.0,0.0,0.0,0.0,0.0,0.0,0.0,0.0,0.0,0.0,0.0,0.0,0.0,0.0,0.0,0.0,0.0,0.0,0.0,0.0,0.0,0.0,0.0,0.0,17.875,17.875,17.875,17.875,17.875,17.875,17.875,0.0,0.0,0.0,0.0,0.0,0.0,17.875,17.875,17.875,17.875,17.875,17.875,17.875,17.875,17.875,17.875,17.875,17.875,17.875,17.875,17.875,17.875,17.875,0.0,0.0,0.0,0.0,0.0,0.0,0.0,0.0,0.0,0.0,0.0,0.0,0.0,0.0,0.0,0.0,17.875,17.875,17.875,17.875,17.875,17.875,17.875,17.875,17.875,17.875,0.0,0.0,0.0,0.0,0.0,0.0,0.0,0.0,0.0,0.0,0.0,0.0,0.0,17.875,17.875,17.875,17.875,17.875,17.875,17.875,17.875,17.875,17.875,17.875,17.875,17.875,17.875,17.875,17.875,0.0,17.875,17.875,17.875,17.875,0.0,0.0,0.0,0.0,0.0,0.0,0.0,0.0,0.0,0.0,0.0,0.0,0.0,0.0,0.0,0.0,0.0,17.875,17.875,17.875,17.875,17.875,17.875,17.875,17.875,17.875,17.875,17.875,17.875,17.875,17.875,17.875,17.875,17.875,17.875,0.0
297,4,LN,cogen_conventional_steam_coal,0.0,0.0,0.0,0.0,0.0,0.0,0.0,0.0,0.0,0.0,0.0,0.0,0.0,0.0,0.0,0.0,0.0,0.0,0.0,0.0,0.0,0.0,0.0,0.0,0.0,0.0,0.0,0.0,0.0,0.0,0.0,0.0,0.0,0.0,0.0,0.0,0.0,0.0,0.0,0.0,0.0,0.0,17.875,17.875,17.875,17.875,17.875,17.875,17.875,0.0,0.0,0.0,0.0,0.0,0.0,17.875,12.746631499998898,17.875,17.875,17.875,17.875,17.875,17.875,17.875,17.875,17.875,17.875,17.875,17.875,17.875,17.875,17.875,0.0,0.0,0.0,0.0,0.0,0.0,0.0,0.0,0.0,0.0,0.0,0.0,0.0,0.0,0.0,0.0,17.875,17.875,17.875,17.875,17.875,17.875,17.875,17.875,17.875,17.875,0.0,0.0,0.0,0.0,0.0,0.0,0.0,0.0,0.0,0.0,0.0,0.0,0.0,17.875,17.875,17.875,17.875,17.875,17.875,17.875,17.875,17.875,17.875,17.875,17.875,17.875,17.875,17.875,17.875,0.0,17.875,17.875,17.875,17.875,0.0,0.0,0.0,0.0,0.0,0.0,0.0,0.0,0.0,0.0,0.0,0.0,0.0,0.0,0.0,0.0,0.0,17.875,17.875,17.875,17.875,17.875,17.875,17.875,17.875,17.875,17.875,17.875,17.875,17.875,17.875,17.875,17.875,17.875,17.875,0.0
298,4,LN,conventional_steam_coal,0.0,0.0,0.0,0.0,0.0,0.0,0.0,0.0,0.0,0.0,0.0,0.0,0.0,0.0,0.0,0.0,0.0,0.0,0.0,0.0,0.0,0.0,0.0,0.0,0.0,0.0,0.0,0.0,0.0,0.0,0.0,0.0,0.0,0.0,0.0,0.0,0.0,0.0,0.0,0.0,0.0,17.875,17.875,17.875,17.875,17.875,17.875,17.875,17.875,17.875,17.875,17.875,17.875,17.875,17.875,17.875,17.875,17.875,17.875,17.875,17.875,17.875,17.875,17.875,17.875,17.875,17.875,17.875,17.875,17.875,17.875,17.875,0.0,0.0,0.0,0.0,0.0,0.0,0.0,0.0,0.0,0.0,0.0,0.0,0.0,0.0,0.0,0.0,17.875,17.875,17.875,17.875,17.875,17.875,17.875,17.875,17.875,17.875,0.0,0.0,0.0,0.0,17.875,0.0,0.0,0.0,0.0,0.0,0.0,0.0,17.875,17.875,17.875,17.875,17.875,17.875,17.875,17.875,17.875,17.875,17.875,17.875,17.875,17.875,17.875,17.875,17.875,0.0,17.875,17.875,17.875,17.875,0.0,0.0,0.0,0.0,0.0,17.875,0.0,0.0,0.0,17.875,0.0,0.0,0.0,0.0,0.0,0.0,0.0,17.875,17.875,17.875,17.875,17.875,17.875,17.875,17.875,17.875,17.875,17.875,17.875,17.875,17.875,17.875,17.875,17.875,17.875,0.0
299,4,LN,conventional_steam_coal,0.0,0.0,0.0,0.0,0.0,0.0,0.0,0.0,0.0,0.0,0.0,0.0,0.0,0.0,0.0,0.0,0.0,0.0,0.0,0.0,0.0,0.0,0.0,0.0,0.0,0.0,0.0,0.0,0.0,0.0,0.0,0.0,0.0,0.0,0.0,0.0,0.0,0.0,0.0,0.0,0.0,17.875,17.875,17.875,17.875,17.875,17.875,17.875,17.875,17.875,17.875,17.875,17.875,17.875,17.875,17.875,17.875,17.875,17.875,17.875,17.875,17.875,17.875,17.875,17.875,17.875,17.875,17.875,17.875,17.875,17.875,17.875,0.0,0.0,0.0,0.0,0.0,0.0,0.0,0.0,0.0,0.0,0.0,0.0,0.0,0.0,0.0,0.0,17.875,17.875,17.875,17.875,17.875,17.875,17.875,17.875,17.875,17.875,13.042265105791557,0.0,0.0,0.0,17.875,0.0,0.0,0.0,0.0,0.0,0.0,0.0,17.875,17.875,17.875,17.875,17.875,17.875,17.875,17.875,17.875,17.875,17.875,17.875,17.875,17.875,17.875,17.875,17.875,0.0,17.875,17.875,17.875,17.875,0.0,0.0,0.0,0.0,0.0,17.875,0.0,0.0,0.0,17.875,0.0,0.0,0.0,0.0,0.0,0.0,0.0,17.875,17.875,17.875,17.875,17.875,17.875,17.875,17.875,17.875,17.875,17.875,17.875,17.875,17.875,17.875,17.875,17.875,17.875,0.0
300,4,LN,conventional_steam_coal,0.0,0.0,0.0,0.0,0.0,0.0,0.0,0.0,0.0,0.0,0.0,0.0,0.0,0.0,0.0,0.0,0.0,0.0,0.0,0.0,0.0,0.0,0.0,0.0,0.0,0.0,0.0,0.0,0.0,0.0,0.0,0.0,0.0,0.0,0.0,0.0,0.0,0.0,0.0,0.0,0.0,17.875,17.875,17.875,17.875,17.875,17.875,17.875,17.875,17.875,17.875,17.875,17.875,17.875,17.875,17.875,17.875,17.875,17.875,17.875,17.875,17.875,17.875,17.875,17.875,17.875,17.875,17.875,17.875,17.875,17.875,17.875,0.0,0.0,0.0,0.0,0.0,0.0,0.0,0.0,0.0,0.0,0.0,0.0,0.0,0.0,0.0,0.0,17.875,17.875,17.875,17.875,17.875,17.875,17.875,17.875,17.875,17.875,0.0,0.0,0.0,0.0,17.875,0.0,0.0,0.0,0.0,0.0,0.0,0.0,17.875,17.875,17.875,17.875,17.875,17.875,17.875,17.875,17.875,17.875,17.875,17.875,17.875,17.875,17.875,17.875,17.875,0.0,17.875,17.875,17.875,17.875,0.0,0.0,0.0,0.0,0.0,17.875,0.0,0.0,0.0,17.875,0.0,0.0,0.0,0.0,0.0,0.0,0.0,17.875,17.875,17.875,17.875,17.875,17.875,17.875,17.875,17.875,17.875,17.875,17.875,17.875,17.875,17.875,17.875,17.875,17.875,0.0
301,4,LN,conventional_steam_coal,0.0,0.0,0.0,0.0,0.0,0.0,0.0,0.0,0.0,0.0,0.0,0.0,0.0,0.0,0.0,0.0,0.0,0.0,0.0,0.0,0.0,0.0,0.0,0.0,0.0,0.0,0.0,0.0,0.0,0.0,0.0,0.0,0.0,0.0,0.0,0.0,0.0,0.0,0.0,0.0,0.0,17.875,17.875,17.875,17.875,17.875,17.875,17.875,17.875,17.875,17.875,17.875,17.875,17.875,17.875,17.875,17.875,17.875,17.875,17.875,17.875,17.875,17.875,17.875,17.875,17.875,17.875,17.875,17.875,17.875,17.875,17.875,0.0,0.0,0.0,0.0,0.0,0.0,0.0,0.0,0.0,0.0,0.0,0.0,0.0,0.0,0.0,0.0,17.875,17.875,17.875,17.875,17.875,17.875,17.875,17.875,17.875,17.875,17.875,0.0,0.0,0.0,17.875,0.0,0.0,0.0,0.0,0.0,0.0,0.0,17.875,17.875,17.875,17.875,17.875,17.875,17.875,17.875,17.875,17.875,17.875,17.875,17.875,17.875,17.875,17.875,17.875,0.0,17.875,17.875,17.875,17.875,0.0,0.0,0.0,0.0,0.0,17.875,0.0,0.0,0.0,17.875,0.0,0.0,0.0,0.0,0.0,0.0,0.0,17.875,17.875,17.875,17.875,17.875,17.875,17.875,17.875,17.875,17.875,17.875,17.875,17.875,17.875,17.875,17.875,17.875,17.875,0.0
302,4,LN,cogen_conventional_steam_coal,0.0,0.0,0.0,0.0,0.0,0.0,0.0,0.0,0.0,0.0,0.0,0.0,0.0,0.0,0.0,0.0,0.0,0.0,0.0,0.0,0.0,0.0,0.0,0.0,0.0,0.0,0.0,0.0,0.0,0.0,0.0,0.0,0.0,0.0,0.0,0.0,0.0,0.0,0.0,0.0,0.0,125.125,125.125,125.125,125.125,125.125,125.125,125.125,125.125,125.125,125.125,125.125,125.125,125.125,125.125,125.125,125.125,125.125,125.125,125.125,125.125,125.125,125.125,125.125,125.125,125.125,125.125,125.125,125.125,125.125,125.125,125.125,0.0,0.0,0.0,0.0,0.0,0.0,0.0,0.0,0.0,0.0,0.0,0.0,0.0,0.0,0.0,0.0,125.125,125.125,125.125,125.125,125.125,125.125,125.125,125.125,125.125,125.125,0.0,125.125,0.0,0.0,125.125,0.0,0.0,0.0,0.0,0.0,0.0,125.125,125.125,125.125,125.125,125.125,125.125,125.125,125.125,125.125,125.125,125.125,125.125,125.125,125.125,125.125,125.125,125.125,125.125,113.54036790899454,125.125,125.125,125.125,125.125,0.0,0.0,0.0,0.0,0.0,125.125,0.0,86.71521833332645,0.0,125.125,0.0,0.0,0.0,0.0,0.0,0.0,103.50335456366588,125.125,125.125,125.125,125.125,125.125,125.125,125.125,125.125,125.125,125.125,125.125,125.125,125.125,125.125,125.125,125.125,125.125,125.125,0.0
303,4,LN,cogen_conventional_steam_coal,0.0,0.0,0.0,0.0,0.0,0.0,0.0,0.0,0.0,0.0,0.0,0.0,0.0,0.0,0.0,0.0,0.0,0.0,0.0,0.0,0.0,0.0,0.0,0.0,0.0,0.0,0.0,0.0,0.0,0.0,0.0,0.0,0.0,0.0,0.0,0.0,0.0,0.0,0.0,0.0,0.0,125.125,125.125,125.125,125.125,125.125,125.125,125.125,125.125,125.125,125.125,125.125,125.125,125.125,125.125,125.125,125.125,125.125,125.125,125.125,125.125,125.125,125.125,125.125,125.125,125.125,125.125,125.125,125.125,125.125,125.125,125.125,0.0,0.0,0.0,0.0,0.0,0.0,0.0,0.0,0.0,0.0,0.0,0.0,0.0,0.0,0.0,0.0,125.125,125.125,125.125,125.125,125.125,125.125,125.125,125.125,125.125,125.125,0.0,125.125,0.0,0.0,125.125,0.0,0.0,0.0,0.0,0.0,0.0,125.125,125.125,125.125,125.125,125.125,125.125,125.125,125.125,125.125,125.125,125.125,125.125,125.125,125.125,125.125,125.125,125.125,125.125,125.125,125.125,125.125,125.125,125.125,0.0,0.0,0.0,0.0,0.0,125.125,125.125,0.0,100.36744833331159,125.125,0.0,0.0,0.0,0.0,0.0,0.0,125.125,125.125,125.125,125.125,125.125,125.125,125.125,125.125,125.125,125.125,125.125,125.125,125.125,125.125,125.125,125.125,125.125,125.125,125.125,0.0
304,4,LN,cogen_conventional_steam_coal,0.0,0.0,0.0,0.0,0.0,0.0,0.0,0.0,0.0,0.0,0.0,0.0,0.0,0.0,0.0,0.0,0.0,0.0,0.0,0.0,0.0,0.0,0.0,0.0,0.0,0.0,0.0,0.0,0.0,0.0,0.0,0.0,0.0,0.0,0.0,0.0,0.0,0.0,0.0,0.0,0.0,125.125,125.125,125.125,125.125,125.125,125.125,125.125,125.125,125.125,125.125,125.125,125.125,125.125,125.125,125.125,125.125,125.125,125.125,125.125,125.125,125.125,125.125,125.125,125.125,125.125,125.125,125.125,125.125,125.125,125.125,125.125,0.0,0.0,0.0,0.0,0.0,0.0,0.0,0.0,0.0,0.0,0.0,0.0,0.0,0.0,0.0,0.0,125.125,125.125,125.125,125.125,125.125,125.125,125.125,125.125,125.125,125.125,0.0,125.125,0.0,88.74545726531176,125.125,0.0,0.0,0.0,0.0,0.0,0.0,0.0,125.125,125.125,125.125,125.125,125.125,125.125,125.125,125.125,125.125,125.125,125.125,125.125,125.125,125.125,125.125,125.125,125.125,125.125,125.125,125.125,125.125,125.125,0.0,0.0,0.0,0.0,0.0,125.125,125.125,125.125,0.0,125.125,0.0,0.0,0.0,0.0,0.0,0.0,0.0,125.125,125.125,125.125,125.125,125.125,125.125,125.125,125.125,125.125,125.125,125.125,125.125,125.125,125.125,125.125,125.125,125.125,125.125,0.0
305,4,LN,cogen_conventional_steam_coal,0.0,0.0,0.0,0.0,0.0,0.0,0.0,0.0,0.0,0.0,0.0,0.0,0.0,0.0,0.0,0.0,0.0,0.0,0.0,0.0,0.0,0.0,0.0,0.0,0.0,0.0,0.0,0.0,0.0,0.0,0.0,0.0,0.0,0.0,0.0,0.0,0.0,0.0,0.0,0.0,0.0,125.125,125.125,125.125,125.125,125.125,125.125,125.125,125.125,125.125,125.125,125.125,125.125,125.125,125.125,125.125,125.125,125.125,125.125,125.125,125.125,125.125,125.125,125.125,125.125,125.125,125.125,125.125,125.125,125.125,125.125,125.125,0.0,0.0,0.0,0.0,0.0,0.0,0.0,0.0,0.0,0.0,0.0,0.0,0.0,0.0,0.0,0.0,125.125,125.125,125.125,125.125,125.125,125.125,125.125,125.125,125.125,125.125,0.0,66.7672651057901,0.0,0.0,125.125,0.0,0.0,0.0,0.0,0.0,0.0,0.0,125.125,125.125,125.125,125.125,125.125,125.125,125.125,125.125,125.125,125.125,125.125,125.125,125.125,125.125,125.125,125.125,125.125,125.125,125.125,125.125,125.125,125.125,0.0,0.0,0.0,0.0,0.0,125.125,125.125,0.0,0.0,125.125,0.0,0.0,0.0,0.0,0.0,0.0,0.0,125.125,125.125,125.125,125.125,125.125,125.125,125.125,125.125,125.125,125.125,125.125,125.125,125.125,125.125,125.125,125.125,125.125,125.125,0.0
306,4,LN,cogen_conventional_steam_coal,0.0,0.0,0.0,0.0,0.0,0.0,0.0,0.0,0.0,0.0,0.0,0.0,0.0,0.0,0.0,0.0,0.0,0.0,0.0,0.0,0.0,0.0,0.0,0.0,0.0,0.0,0.0,0.0,0.0,0.0,0.0,0.0,0.0,0.0,0.0,0.0,0.0,0.0,0.0,0.0,0.0,314.6,314.6,314.6,314.6,314.6,314.6,314.6,314.6,314.6,314.6,314.6,314.6,314.6,314.6,314.6,314.6,314.6,314.6,314.6,314.6,314.6,314.6,314.6,314.6,314.6,314.6,314.6,314.6,314.6,314.6,314.6,0.0,0.0,0.0,0.0,0.0,0.0,0.0,0.0,0.0,0.0,0.0,0.0,0.0,0.0,0.0,0.0,314.6,314.6,314.6,314.6,314.6,314.6,314.6,314.6,314.6,314.6,314.6,0.0,0.0,0.0,314.6,0.0,0.0,0.0,0.0,0.0,0.0,0.0,314.6,314.6,314.6,314.6,314.6,314.6,314.6,314.6,314.6,314.6,314.6,314.6,314.6,314.6,314.6,314.6,314.6,314.6,314.6,314.6,314.6,314.6,0.0,0.0,0.0,0.0,0.0,314.6,314.6,314.6,0.0,314.6,0.0,0.0,0.0,0.0,0.0,0.0,314.6,314.6,314.6,314.6,314.6,314.6,314.6,314.6,314.6,314.6,314.6,314.6,314.6,314.6,314.6,314.6,314.6,314.6,314.6,0.0
307,4,LN,cogen_conventional_steam_coal,0.0,0.0,0.0,0.0,0.0,0.0,0.0,0.0,0.0,0.0,0.0,0.0,0.0,0.0,0.0,0.0,0.0,0.0,0.0,0.0,0.0,0.0,0.0,0.0,0.0,0.0,0.0,0.0,0.0,0.0,0.0,0.0,0.0,0.0,0.0,0.0,0.0,0.0,0.0,0.0,51.62862724081094,314.6,314.6,314.6,314.6,314.6,314.6,314.6,314.6,314.6,314.6,314.6,314.6,314.6,314.6,314.6,314.6,314.6,314.6,314.6,314.6,314.6,314.6,314.6,314.6,314.6,314.6,314.6,314.6,314.6,314.6,314.6,0.0,0.0,0.0,0.0,0.0,0.0,0.0,0.0,0.0,0.0,0.0,0.0,0.0,0.0,0.0,0.0,314.6,314.6,314.6,314.6,314.6,314.6,314.6,314.6,314.6,314.6,314.6,0.0,0.0,0.0,314.6,0.0,0.0,0.0,0.0,0.0,0.0,213.056553631886,314.6,314.6,314.6,314.6,314.6,314.6,314.6,314.6,314.6,314.6,314.6,314.6,314.6,314.6,314.6,314.6,314.6,314.6,314.6,314.6,314.6,314.6,0.0,0.0,0.0,0.0,0.0,314.6,264.17371739997145,314.6,0.0,314.6,0.0,0.0,0.0,0.0,0.0,0.0,314.6,314.6,314.6,314.6,314.6,314.6,314.6,314.6,314.6,314.6,314.6,314.6,314.6,314.6,314.6,314.6,314.6,314.6,314.6,0.0
308,4,LN,cogen_conventional_steam_coal,38.87677099999951,0.0,0.0,0.0,0.0,0.0,0.0,0.0,0.0,0.0,0.0,0.0,0.0,0.0,0.0,0.0,0.0,0.0,0.0,0.0,0.0,0.0,0.0,0.0,0.0,0.0,0.0,0.0,0.0,0.0,0.0,0.0,0.0,0.0,0.0,0.0,0.0,0.0,0.0,0.0,48.25,48.25,48.25,48.25,48.25,48.25,48.25,48.25,48.25,48.25,48.25,48.25,48.25,48.25,48.25,48.25,48.25,48.25,48.25,48.25,48.25,48.25,48.25,48.25,48.25,48.25,48.25,48.25,48.25,48.25,48.25,48.25,48.25,0.0,0.0,0.0,0.0,0.0,48.25,0.0,0.0,0.0,0.0,0.0,0.0,0.0,0.0,0.0,48.25,48.25,48.25,48.25,48.25,48.25,48.25,48.25,48.25,48.25,48.25,48.25,48.25,48.25,48.25,48.25,48.25,48.25,48.25,48.25,48.25,48.25,48.25,48.25,48.25,48.25,48.25,48.25,48.25,48.25,48.25,48.25,48.25,48.25,48.25,48.25,48.25,48.25,48.25,48.25,48.25,48.25,48.25,48.25,0.0,0.0,0.0,0.0,48.25,48.25,48.25,48.25,48.25,48.25,0.0,0.0,0.0,0.0,0.0,0.0,48.25,48.25,48.25,48.25,48.25,48.25,48.25,48.25,48.25,48.25,48.25,48.25,48.25,48.25,48.25,48.25,48.25,48.25,48.25,0.0
309,4,LN,cogen_conventional_steam_coal,0.0,0.0,0.0,0.0,0.0,0.0,0.0,0.0,0.0,0.0,0.0,0.0,0.0,0.0,0.0,0.0,0.0,0.0,0.0,0.0,0.0,0.0,0.0,0.0,0.0,0.0,0.0,0.0,0.0,0.0,0.0,0.0,0.0,0.0,0.0,0.0,0.0,0.0,0.0,0.0,48.25,48.25,48.25,48.25,48.25,48.25,48.25,48.25,48.25,48.25,48.25,48.25,48.25,48.25,48.25,48.25,48.25,48.25,48.25,48.25,48.25,48.25,48.25,48.25,48.25,48.25,48.25,48.25,48.25,48.25,48.25,48.25,0.0,0.0,0.0,0.0,0.0,0.0,48.25,0.0,0.0,0.0,0.0,0.0,0.0,0.0,0.0,0.0,48.25,48.25,48.25,48.25,48.25,48.25,48.25,48.25,48.25,48.25,48.25,48.25,48.25,48.25,48.25,48.25,48.25,48.25,48.25,48.25,48.25,48.25,48.25,48.25,48.25,48.25,48.25,48.25,48.25,48.25,48.25,48.25,48.25,48.25,48.25,48.25,48.25,48.25,48.25,48.25,48.25,48.25,48.25,48.25,0.0,0.0,0.0,0.0,48.25,48.25,48.25,48.25,48.25,48.25,0.0,0.0,0.0,0.0,0.0,0.0,48.25,48.25,48.25,48.25,48.25,48.25,48.25,48.25,48.25,48.25,48.25,48.25,48.25,48.25,48.25,48.25,48.25,48.25,48.25,0.0
310,4,LN,cogen_conventional_steam_coal,125.125,0.0,0.0,0.0,0.0,0.0,0.0,0.0,0.0,0.0,0.0,0.0,0.0,0.0,0.0,0.0,0.0,0.0,0.0,0.0,0.0,0.0,0.0,0.0,0.0,0.0,0.0,0.0,0.0,0.0,0.0,0.0,0.0,0.0,0.0,0.0,0.0,0.0,0.0,0.0,125.125,125.125,125.125,125.125,125.125,125.125,125.125,125.125,125.125,125.125,125.125,125.125,125.125,125.125,125.125,125.125,125.125,125.125,125.125,125.125,125.125,125.125,125.125,125.125,125.125,125.125,125.125,125.125,125.125,125.125,125.125,125.125,125.125,0.0,0.0,0.0,0.0,0.0,125.125,0.0,0.0,0.0,0.0,0.0,0.0,0.0,0.0,0.0,125.125,125.125,125.125,125.125,125.125,125.125,125.125,125.125,125.125,125.125,125.125,125.125,125.125,125.125,125.125,125.125,125.125,125.125,125.125,125.125,125.125,125.125,125.125,125.125,125.125,125.125,125.125,125.125,125.125,125.125,125.125,125.125,125.125,125.125,125.125,125.125,125.125,125.125,125.125,125.125,125.125,125.125,125.125,125.125,0.0,0.0,0.0,0.0,125.125,125.125,125.125,125.125,125.125,125.125,0.0,0.0,0.0,0.0,0.0,0.0,125.125,125.125,125.125,125.125,125.125,125.125,125.125,125.125,125.125,125.125,125.125,125.125,125.125,125.125,125.125,125.125,125.125,125.125,125.125,0.0
311,4,LN,cogen_conventional_steam_coal,125.125,62.452118409024195,0.0,0.0,0.0,0.0,0.0,0.0,0.0,0.0,0.0,0.0,0.0,0.0,0.0,0.0,0.0,0.0,0.0,0.0,0.0,0.0,0.0,0.0,0.0,0.0,0.0,0.0,0.0,0.0,0.0,0.0,0.0,0.0,0.0,0.0,0.0,0.0,0.0,0.0,125.125,125.125,125.125,125.125,125.125,125.125,125.125,125.125,125.125,125.125,125.125,125.125,125.125,125.125,125.125,125.125,125.125,125.125,125.125,125.125,125.125,125.125,125.125,125.125,125.125,125.125,125.125,125.125,125.125,125.125,125.125,125.125,0.0,0.0,0.0,0.0,0.0,0.0,125.125,0.0,0.0,0.0,0.0,0.0,0.0,0.0,0.0,0.0,125.125,125.125,125.125,125.125,125.125,125.125,125.125,125.125,125.125,125.125,125.125,125.125,125.125,125.125,125.125,125.125,125.125,125.125,125.125,125.125,125.125,125.125,125.125,125.125,125.125,125.125,125.125,125.125,125.125,125.125,125.125,125.125,125.125,125.125,125.125,125.125,125.125,125.125,125.125,125.125,125.125,125.125,125.125,125.125,0.0,0.0,0.0,0.0,125.125,125.125,125.125,125.125,125.125,125.125,0.0,0.0,0.0,0.0,0.0,0.0,125.125,125.125,125.125,125.125,125.125,125.125,125.125,125.125,125.125,125.125,125.125,125.125,125.125,125.125,125.125,125.125,125.125,125.125,125.125,0.0
312,4,LN,cogen_conventional_steam_coal,125.125,125.125,0.0,0.0,0.0,0.0,0.0,0.0,0.0,0.0,0.0,0.0,0.0,0.0,0.0,0.0,0.0,0.0,0.0,0.0,0.0,0.0,0.0,0.0,0.0,0.0,0.0,0.0,0.0,0.0,0.0,0.0,0.0,0.0,0.0,0.0,0.0,0.0,0.0,0.0,125.125,125.125,125.125,125.125,125.125,125.125,125.125,125.125,125.125,125.125,125.125,125.125,125.125,125.125,125.125,125.125,125.125,125.125,125.125,125.125,125.125,125.125,125.125,125.125,125.125,125.125,125.125,125.125,125.125,125.125,125.125,125.125,84.6253346698843,0.0,0.0,0.0,0.0,0.0,125.125,0.0,0.0,0.0,0.0,0.0,0.0,0.0,0.0,0.0,125.125,125.125,125.125,125.125,125.125,125.125,125.125,125.125,125.125,125.125,125.125,125.125,125.125,125.125,125.125,125.125,125.125,125.125,125.125,125.125,125.125,125.125,125.125,125.125,125.125,125.125,125.125,125.125,125.125,125.125,125.125,125.125,125.125,125.125,125.125,125.125,125.125,125.125,125.125,125.125,125.125,125.125,125.125,125.125,0.0,0.0,0.0,0.0,125.125,125.125,125.125,125.125,125.125,125.125,0.0,0.0,0.0,0.0,0.0,0.0,125.125,125.125,125.125,125.125,125.125,125.125,125.125,125.125,125.125,125.125,125.125,125.125,125.125,125.125,125.125,125.125,125.125,125.125,125.125,0.0
313,4,LN,cogen_conventional_steam_coal,0.0,0.0,0.0,0.0,0.0,0.0,0.0,0.0,0.0,0.0,0.0,0.0,0.0,0.0,0.0,0.0,0.0,0.0,0.0,0.0,0.0,0.0,0.0,0.0,0.0,0.0,0.0,0.0,0.0,0.0,0.0,0.0,0.0,0.0,0.0,0.0,0.0,0.0,0.0,0.0,125.125,125.125,125.125,125.125,125.125,125.125,125.125,125.125,125.125,125.125,125.125,125.125,125.125,125.125,125.125,125.125,125.125,125.125,125.125,125.125,125.125,125.125,125.125,125.125,125.125,125.125,125.125,125.125,125.125,125.125,125.125,125.125,125.125,0.0,0.0,0.0,0.0,0.0,87.68581640321008,0.0,0.0,0.0,0.0,0.0,0.0,0.0,0.0,0.0,125.125,125.125,125.125,125.125,125.125,125.125,125.125,125.125,125.125,125.125,125.125,125.125,125.125,125.125,125.125,125.125,125.125,125.125,125.125,125.125,125.125,125.125,125.125,125.125,125.125,125.125,125.125,125.125,125.125,125.125,125.125,125.125,125.125,125.125,125.125,125.125,125.125,125.125,125.125,125.125,125.125,125.125,125.125,125.125,54.598432097133355,0.0,0.0,0.0,125.125,125.125,125.125,125.125,125.125,125.125,0.0,0.0,0.0,0.0,0.0,0.0,125.125,125.125,125.125,125.125,125.125,125.125,125.125,125.125,125.125,125.125,125.125,125.125,125.125,125.125,125.125,125.125,125.125,125.125,125.125,0.0
314,4,LN,cogen_conventional_steam_coal,125.125,125.125,0.0,0.0,0.0,0.0,0.0,0.0,0.0,0.0,0.0,0.0,0.0,0.0,0.0,0.0,0.0,0.0,0.0,0.0,0.0,125.125,125.125,0.0,0.0,0.0,0.0,0.0,0.0,125.125,125.125,0.0,0.0,125.125,125.125,125.125,0.0,0.0,0.0,0.0,125.125,125.125,125.125,125.125,125.125,125.125,125.125,125.125,125.125,125.125,125.125,125.125,125.125,125.125,125.125,125.125,125.125,125.125,125.125,125.125,125.125,125.125,125.125,125.125,125.125,125.125,125.125,125.125,125.125,125.125,125.125,125.125,125.125,0.0,0.0,0.0,0.0,0.0,125.125,0.0,0.0,0.0,0.0,0.0,0.0,0.0,0.0,125.125,125.125,125.125,125.125,125.125,125.125,125.125,125.125,125.125,125.125,125.125,125.125,125.125,125.125,125.125,125.125,125.125,125.125,125.125,125.125,125.125,125.125,125.125,125.125,125.125,125.125,125.125,125.125,125.125,125.125,125.125,125.125,125.125,125.125,125.125,125.125,125.125,125.125,125.125,125.125,125.125,125.125,125.125,125.125,125.125,125.125,0.0,0.0,106.71172745899685,125.125,125.125,125.125,125.125,125.125,125.125,0.0,0.0,0.0,0.0,125.125,125.125,125.125,125.125,125.125,125.125,125.125,125.125,125.125,125.125,125.125,125.125,125.125,125.125,125.125,125.125,125.125,125.125,125.125,125.125,125.125,125.125
315,4,LN,cogen_conventional_steam_coal,125.125,125.125,0.0,0.0,0.0,0.0,0.0,0.0,0.0,0.0,0.0,0.0,0.0,0.0,0.0,0.0,0.0,0.0,0.0,0.0,0.0,125.125,125.125,0.0,0.0,0.0,0.0,0.0,0.0,125.125,125.125,0.0,0.0,125.125,125.125,0.0,0.0,0.0,0.0,0.0,125.125,125.125,125.125,125.125,125.125,125.125,125.125,125.125,125.125,125.125,125.125,125.125,125.125,125.125,125.125,125.125,125.125,125.125,125.125,125.125,125.125,125.125,125.125,125.125,125.125,125.125,125.125,125.125,125.125,125.125,125.125,125.125,125.125,0.0,0.0,0.0,0.0,0.0,125.125,0.0,0.0,0.0,0.0,0.0,0.0,0.0,0.0,125.125,125.125,125.125,125.125,125.125,125.125,125.125,125.125,125.125,125.125,125.125,125.125,125.125,125.125,125.125,125.125,125.125,125.125,125.125,125.125,125.125,125.125,125.125,125.125,125.125,125.125,125.125,125.125,125.125,125.125,125.125,125.125,125.125,125.125,125.125,125.125,125.125,125.125,125.125,125.125,125.125,125.125,125.125,125.125,125.125,125.125,0.0,0.0,125.125,125.125,125.125,125.125,125.125,125.125,125.125,0.0,0.0,0.0,0.0,125.125,125.125,125.125,125.125,125.125,125.125,125.125,125.125,125.125,125.125,125.125,125.125,125.125,125.125,125.125,125.125,125.125,125.125,125.125,125.125,125.125,125.125
316,4,LN,cogen_conventional_steam_coal,125.125,125.125,0.0,0.0,0.0,0.0,0.0,0.0,0.0,0.0,0.0,0.0,0.0,0.0,0.0,0.0,0.0,0.0,0.0,0.0,0.0,125.125,125.125,0.0,0.0,0.0,0.0,0.0,0.0,125.125,125.125,0.0,0.0,125.125,125.125,125.125,0.0,0.0,0.0,0.0,125.125,125.125,125.125,125.125,125.125,125.125,125.125,125.125,125.125,125.125,125.125,125.125,125.125,125.125,125.125,125.125,125.125,125.125,125.125,125.125,125.125,125.125,125.125,125.125,125.125,125.125,125.125,125.125,125.125,125.125,125.125,125.125,125.125,0.0,0.0,0.0,0.0,0.0,125.125,0.0,0.0,0.0,0.0,0.0,0.0,0.0,0.0,125.125,125.125,125.125,125.125,125.125,125.125,125.125,125.125,125.125,125.125,125.125,125.125,125.125,125.125,125.125,125.125,125.125,125.125,125.125,125.125,125.125,125.125,125.125,125.125,125.125,125.125,125.125,125.125,125.125,125.125,125.125,125.125,125.125,125.125,125.125,125.125,125.125,125.125,125.125,125.125,125.125,125.125,125.125,125.125,125.125,125.125,90.26870669601658,0.0,125.125,125.125,125.125,125.125,125.125,125.125,125.125,0.0,0.0,0.0,0.0,125.125,125.125,125.125,125.125,125.125,125.125,125.125,125.125,125.125,125.125,125.125,125.125,125.125,125.125,125.125,125.125,125.125,125.125,125.125,125.125,125.125,118.50126311642856
317,4,LN,cogen_conventional_steam_coal,125.125,125.125,0.0,0.0,0.0,0.0,0.0,0.0,0.0,0.0,0.0,0.0,0.0,0.0,0.0,0.0,0.0,0.0,0.0,0.0,0.0,0.0,0.0,0.0,0.0,0.0,0.0,0.0,0.0,125.125,125.125,0.0,0.0,125.125,125.125,17.345421105706237,0.0,0.0,0.0,0.0,125.125,125.125,125.125,125.125,125.125,125.125,125.125,125.125,125.125,125.125,125.125,125.125,125.125,125.125,125.125,125.125,125.125,125.125,125.125,125.125,125.125,125.125,125.125,125.125,125.125,125.125,125.125,125.125,125.125,125.125,125.125,125.125,125.125,0.0,0.0,0.0,0.0,0.0,125.125,0.0,0.0,0.0,0.0,0.0,0.0,0.0,0.0,125.125,125.125,125.125,125.125,125.125,125.125,125.125,125.125,125.125,125.125,125.125,125.125,125.125,125.125,125.125,125.125,125.125,125.125,125.125,125.125,125.125,125.125,125.125,125.125,125.125,125.125,125.125,125.125,125.125,125.125,125.125,125.125,125.125,125.125,125.125,125.125,125.125,125.125,125.125,125.125,125.125,125.125,125.125,125.125,125.125,125.125,125.125,0.0,0.0,125.125,125.125,125.125,125.125,125.125,125.125,125.125,0.0,0.0,0.0,125.125,125.125,125.125,125.125,125.125,125.125,125.125,125.125,125.125,125.125,125.125,125.125,125.125,125.125,125.125,125.125,125.125,125.125,125.125,125.125,125.125,125.125
318,4,LN,cogen_conventional_steam_coal,125.125,125.125,0.0,0.0,0.0,0.0,0.0,0.0,0.0,0.0,0.0,0.0,0.0,0.0,0.0,0.0,0.0,0.0,0.0,0.0,0.0,125.125,125.125,0.0,0.0,0.0,0.0,0.0,0.0,125.125,125.125,0.0,0.0,125.125,125.125,0.0,0.0,0.0,0.0,0.0,125.125,125.125,125.125,125.125,125.125,125.125,125.125,125.125,125.125,125.125,125.125,125.125,125.125,125.125,125.125,125.125,125.125,125.125,125.125,125.125,125.125,125.125,125.125,125.125,125.125,125.125,125.125,125.125,125.125,125.125,125.125,125.125,125.125,0.0,0.0,0.0,0.0,0.0,125.125,0.0,0.0,0.0,0.0,0.0,0.0,0.0,0.0,125.125,125.125,125.125,125.125,125.125,125.125,125.125,125.125,125.125,125.125,125.125,125.125,125.125,125.125,125.125,125.125,125.125,125.125,125.125,125.125,125.125,125.125,125.125,125.125,125.125,125.125,125.125,125.125,125.125,125.125,125.125,125.125,125.125,125.125,125.125,125.125,125.125,125.125,125.125,125.125,125.125,125.125,125.125,125.125,125.125,125.125,125.125,0.0,0.0,125.125,125.125,125.125,125.125,125.125,125.125,125.125,0.0,0.0,0.0,125.125,125.125,125.125,125.125,125.125,125.125,125.125,125.125,125.125,125.125,125.125,125.125,125.125,125.125,125.125,125.125,125.125,125.125,125.125,125.125,125.125,125.125
319,4,LN,cogen_conventional_steam_coal,125.125,125.125,0.0,0.0,0.0,0.0,0.0,0.0,0.0,0.0,0.0,0.0,0.0,0.0,0.0,0.0,0.0,0.0,0.0,0.0,0.0,125.125,125.125,0.0,0.0,0.0,0.0,0.0,0.0,125.125,125.125,0.0,0.0,125.125,125.125,0.0,0.0,0.0,0.0,0.0,125.125,125.125,125.125,125.125,125.125,125.125,125.125,125.125,125.125,125.125,125.125,125.125,125.125,125.125,125.125,125.125,125.125,125.125,125.125,125.125,125.125,125.125,125.125,125.125,125.125,125.125,125.125,125.125,125.125,125.125,125.125,125.125,125.125,0.0,0.0,0.0,0.0,0.0,125.125,0.0,0.0,0.0,0.0,0.0,0.0,0.0,0.0,125.125,125.125,125.125,125.125,125.125,125.125,125.125,125.125,125.125,125.125,125.125,125.125,125.125,125.125,125.125,125.125,125.125,125.125,125.125,125.125,125.125,125.125,125.125,125.125,125.125,125.125,125.125,125.125,125.125,125.125,125.125,125.125,125.125,125.125,125.125,125.125,125.125,125.125,125.125,125.125,125.125,125.125,125.125,125.125,125.125,125.125,125.125,0.0,0.0,125.125,125.125,125.125,125.125,125.125,125.125,125.125,0.0,0.0,0.0,125.125,125.125,125.125,125.125,125.125,125.125,125.125,125.125,125.125,125.125,125.125,125.125,125.125,125.125,125.125,125.125,125.125,125.125,125.125,125.125,125.125,125.125
320,4,LN,cogen_conventional_steam_coal,125.125,125.125,0.0,0.0,0.0,0.0,0.0,0.0,0.0,0.0,0.0,0.0,0.0,0.0,0.0,0.0,0.0,0.0,0.0,0.0,0.0,0.0,0.0,0.0,0.0,0.0,0.0,0.0,0.0,125.125,125.125,0.0,0.0,125.125,125.125,0.0,0.0,0.0,0.0,0.0,125.125,125.125,125.125,125.125,125.125,125.125,125.125,125.125,125.125,125.125,125.125,125.125,125.125,125.125,125.125,125.125,125.125,125.125,125.125,125.125,125.125,125.125,125.125,125.125,125.125,125.125,125.125,125.125,125.125,125.125,125.125,125.125,125.125,0.0,0.0,0.0,0.0,125.125,125.125,0.0,0.0,0.0,0.0,0.0,0.0,0.0,0.0,125.125,125.125,125.125,125.125,125.125,125.125,125.125,125.125,125.125,125.125,125.125,125.125,125.125,125.125,125.125,125.125,125.125,125.125,125.125,125.125,125.125,125.125,125.125,125.125,125.125,125.125,125.125,125.125,125.125,125.125,125.125,125.125,125.125,125.125,125.125,125.125,125.125,125.125,125.125,125.125,125.125,125.125,125.125,125.125,125.125,125.125,125.125,0.0,0.0,125.125,125.125,125.125,125.125,125.125,125.125,125.125,0.0,0.0,0.0,125.125,125.125,125.125,125.125,125.125,125.125,125.125,125.125,125.125,125.125,125.125,125.125,125.125,125.125,125.125,125.125,125.125,125.125,125.125,125.125,125.125,125.125
321,4,LN,cogen_conventional_steam_coal,125.125,125.125,0.0,0.0,0.0,0.0,0.0,0.0,0.0,0.0,0.0,0.0,0.0,0.0,0.0,0.0,0.0,0.0,0.0,0.0,0.0,125.125,125.125,0.0,0.0,0.0,0.0,0.0,0.0,125.125,125.125,0.0,0.0,125.125,125.125,0.0,0.0,0.0,0.0,0.0,125.125,125.125,125.125,125.125,125.125,125.125,125.125,125.125,125.125,125.125,125.125,125.125,125.125,125.125,125.125,125.125,125.125,125.125,125.125,125.125,125.125,125.125,125.125,125.125,125.125,125.125,125.125,125.125,125.125,125.125,125.125,125.125,125.125,0.0,0.0,0.0,0.0,125.125,125.125,0.0,0.0,0.0,0.0,0.0,0.0,0.0,0.0,125.125,125.125,125.125,125.125,125.125,125.125,125.125,125.125,125.125,125.125,125.125,125.125,125.125,125.125,125.125,125.125,125.125,125.125,125.125,125.125,125.125,125.125,125.125,125.125,125.125,125.125,125.125,125.125,125.125,125.125,125.125,125.125,125.125,125.125,125.125,125.125,125.125,125.125,125.125,125.125,125.125,125.125,125.125,125.125,125.125,125.125,125.125,0.0,0.0,125.125,125.125,125.125,125.125,125.125,125.125,125.125,0.0,0.0,0.0,125.125,125.125,125.125,125.125,125.125,125.125,125.125,125.125,125.125,125.125,125.125,125.125,125.125,125.125,125.125,125.125,125.125,125.125,125.125,125.125,125.125,0.0
322,4,LN,cogen_conventional_steam_coal,125.125,125.125,0.0,0.0,0.0,0.0,0.0,0.0,0.0,0.0,0.0,0.0,0.0,0.0,0.0,0.0,0.0,0.0,0.0,0.0,0.0,125.125,0.0,0.0,0.0,0.0,0.0,0.0,0.0,125.125,125.125,0.0,0.0,125.125,125.125,125.125,0.0,0.0,0.0,0.0,125.125,125.125,125.125,125.125,125.125,125.125,125.125,125.125,125.125,125.125,125.125,125.125,125.125,125.125,125.125,125.125,125.125,125.125,125.125,125.125,125.125,125.125,125.125,125.125,125.125,125.125,125.125,125.125,125.125,125.125,125.125,125.125,125.125,0.0,0.0,0.0,0.0,125.125,125.125,0.0,0.0,0.0,0.0,0.0,0.0,0.0,0.0,0.0,125.125,125.125,125.125,125.125,125.125,125.125,125.125,125.125,125.125,125.125,125.125,125.125,125.125,125.125,125.125,125.125,125.125,125.125,125.125,125.125,125.125,125.125,125.125,125.125,125.125,125.125,125.125,125.125,125.125,125.125,125.125,125.125,125.125,125.125,125.125,125.125,125.125,125.125,125.125,125.125,125.125,125.125,125.125,125.125,125.125,125.125,0.0,0.0,125.125,125.125,125.125,125.125,125.125,125.125,125.125,0.0,0.0,0.0,125.125,125.125,125.125,125.125,125.125,125.125,125.125,125.125,125.125,125.125,125.125,125.125,125.125,125.125,125.125,125.125,125.125,125.125,125.125,125.125,125.125,125.125
323,4,LN,cogen_conventional_steam_coal,125.125,125.125,0.0,0.0,0.0,0.0,0.0,0.0,0.0,0.0,0.0,0.0,0.0,0.0,0.0,0.0,0.0,0.0,0.0,0.0,0.0,0.0,0.0,0.0,0.0,0.0,0.0,0.0,0.0,125.125,125.125,0.0,0.0,125.125,125.125,0.0,0.0,0.0,0.0,0.0,125.125,125.125,125.125,125.125,125.125,125.125,125.125,125.125,125.125,125.125,125.125,125.125,125.125,125.125,125.125,125.125,125.125,125.125,125.125,125.125,125.125,125.125,125.125,125.125,125.125,125.125,125.125,125.125,125.125,125.125,125.125,125.125,125.125,0.0,0.0,0.0,0.0,125.125,125.125,0.0,0.0,0.0,0.0,0.0,0.0,0.0,0.0,0.0,125.125,125.125,125.125,125.125,125.125,125.125,125.125,125.125,125.125,125.125,125.125,125.125,125.125,125.125,125.125,125.125,125.125,125.125,125.125,125.125,125.125,125.125,125.125,125.125,125.125,125.125,125.125,125.125,125.125,125.125,125.125,125.125,125.125,125.125,125.125,125.125,125.125,125.125,125.125,125.125,125.125,125.125,125.125,125.125,125.125,0.0,0.0,0.0,125.125,125.125,125.125,125.125,125.125,125.125,125.125,0.0,0.0,0.0,125.125,125.125,125.125,125.125,125.125,125.125,125.125,125.125,125.125,125.125,125.125,125.125,125.125,125.125,125.125,125.125,125.125,125.125,125.125,125.125,125.125,125.125
324,4,LN,cogen_conventional_steam_coal,125.125,125.125,0.0,0.0,0.0,0.0,0.0,0.0,0.0,0.0,0.0,0.0,0.0,0.0,0.0,0.0,0.0,0.0,0.0,0.0,0.0,125.125,125.125,0.0,0.0,0.0,0.0,0.0,0.0,125.125,125.125,0.0,0.0,125.125,125.125,125.125,0.0,0.0,0.0,0.0,125.125,125.125,125.125,125.125,125.125,125.125,125.125,125.125,125.125,125.125,125.125,125.125,125.125,125.125,125.125,125.125,125.125,125.125,125.125,125.125,125.125,125.125,125.125,125.125,125.125,125.125,125.125,125.125,125.125,125.125,125.125,125.125,125.125,0.0,0.0,0.0,0.0,124.36775855248447,125.125,0.0,0.0,0.0,0.0,0.0,0.0,0.0,0.0,0.0,125.125,125.125,125.125,125.125,125.125,125.125,125.125,125.125,125.125,125.125,125.125,125.125,125.125,125.125,125.125,125.125,125.125,125.125,125.125,125.125,125.125,125.125,125.125,125.125,125.125,125.125,125.125,125.125,125.125,125.125,125.125,125.125,125.125,125.125,125.125,125.125,125.125,125.125,125.125,125.125,125.125,125.125,125.125,125.125,125.125,0.0,0.0,0.0,125.125,125.125,125.125,125.125,125.125,125.125,125.125,0.0,0.0,0.0,125.125,125.125,125.125,125.125,125.125,125.125,125.125,125.125,125.125,125.125,125.125,125.125,125.125,125.125,125.125,125.125,125.125,125.125,125.125,125.125,125.125,125.125
325,4,LN,cogen_conventional_steam_coal,125.125,125.125,0.0,0.0,0.0,0.0,0.0,0.0,0.0,0.0,0.0,0.0,0.0,0.0,0.0,0.0,0.0,0.0,0.0,0.0,0.0,0.0,0.0,0.0,0.0,0.0,0.0,0.0,0.0,125.125,125.125,0.0,0.0,125.125,125.125,0.0,0.0,0.0,0.0,0.0,125.125,125.125,125.125,125.125,125.125,125.125,125.125,125.125,125.125,125.125,125.125,125.125,125.125,125.125,125.125,125.125,125.125,125.125,125.125,125.125,125.125,125.125,125.125,125.125,125.125,125.125,125.125,125.125,125.125,125.125,125.125,125.125,125.125,0.0,0.0,0.0,0.0,0.0,125.125,0.0,0.0,0.0,0.0,0.0,0.0,0.0,0.0,125.125,125.125,125.125,125.125,125.125,125.125,125.125,125.125,125.125,125.125,125.125,125.125,125.125,125.125,125.125,125.125,125.125,125.125,125.125,125.125,125.125,125.125,125.125,125.125,125.125,125.125,125.125,125.125,125.125,125.125,125.125,125.125,125.125,125.125,125.125,125.125,125.125,125.125,125.125,125.125,125.125,125.125,125.125,125.125,125.125,125.125,0.0,0.0,0.0,125.125,125.125,125.125,125.125,125.125,125.125,125.125,0.0,0.0,0.0,125.125,125.125,125.125,125.125,125.125,125.125,125.125,125.125,125.125,125.125,125.125,125.125,125.125,125.125,125.125,125.125,125.125,125.125,125.125,125.125,125.125,125.125
326,4,LN,cogen_conventional_steam_coal,125.125,125.125,0.0,0.0,0.0,0.0,0.0,0.0,0.0,0.0,0.0,0.0,0.0,0.0,0.0,0.0,0.0,0.0,0.0,0.0,0.0,0.0,0.0,0.0,0.0,0.0,0.0,0.0,0.0,125.125,125.125,0.0,0.0,125.125,125.125,0.0,0.0,0.0,0.0,0.0,125.125,125.125,125.125,125.125,125.125,125.125,125.125,125.125,125.125,125.125,125.125,125.125,125.125,125.125,125.125,125.125,125.125,125.125,125.125,125.125,125.125,125.125,125.125,125.125,125.125,125.125,125.125,125.125,125.125,125.125,125.125,125.125,125.125,0.0,0.0,0.0,0.0,0.0,125.125,0.0,0.0,0.0,0.0,0.0,0.0,0.0,0.0,125.125,125.125,125.125,125.125,125.125,125.125,125.125,125.125,125.125,125.125,125.125,125.125,125.125,125.125,125.125,125.125,125.125,125.125,125.125,125.125,125.125,125.125,125.125,125.125,125.125,125.125,125.125,125.125,125.125,125.125,125.125,125.125,125.125,125.125,125.125,125.125,125.125,125.125,125.125,125.125,125.125,125.125,125.125,125.125,125.125,125.125,0.0,0.0,0.0,125.125,125.125,125.125,125.125,125.125,125.125,125.125,0.0,0.0,0.0,125.125,125.125,125.125,125.125,125.125,125.125,125.125,125.125,125.125,125.125,125.125,125.125,125.125,125.125,125.125,125.125,125.125,125.125,125.125,125.125,125.125,125.125
327,4,LN,cogen_conventional_steam_coal,125.125,125.125,0.0,0.0,0.0,0.0,0.0,0.0,0.0,0.0,0.0,0.0,0.0,0.0,0.0,0.0,0.0,0.0,0.0,0.0,0.0,0.0,0.0,0.0,0.0,0.0,0.0,0.0,0.0,125.125,125.125,0.0,0.0,125.125,125.125,0.0,0.0,0.0,0.0,0.0,125.125,125.125,125.125,125.125,125.125,125.125,125.125,125.125,125.125,125.125,125.125,125.125,125.125,125.125,125.125,125.125,125.125,125.125,125.125,125.125,125.125,125.125,125.125,125.125,125.125,125.125,125.125,125.125,125.125,125.125,125.125,125.125,125.125,0.0,0.0,0.0,0.0,0.0,125.125,0.0,0.0,0.0,0.0,0.0,0.0,0.0,0.0,125.125,125.125,125.125,125.125,125.125,125.125,125.125,125.125,125.125,125.125,125.125,125.125,125.125,125.125,125.125,125.125,125.125,125.125,125.125,125.125,125.125,125.125,125.125,125.125,125.125,125.125,125.125,125.125,125.125,125.125,125.125,125.125,125.125,125.125,125.125,125.125,125.125,125.125,125.125,125.125,125.125,125.125,125.125,125.125,125.125,125.125,0.0,0.0,0.0,125.125,125.125,125.125,125.125,125.125,125.125,125.125,0.0,0.0,0.0,125.125,125.125,125.125,125.125,125.125,125.125,125.125,125.125,125.125,125.125,125.125,125.125,125.125,125.125,125.125,125.125,125.125,125.125,125.125,125.125,125.125,125.125
328,4,LN,cogen_conventional_steam_coal,125.125,125.125,0.0,0.0,0.0,0.0,0.0,0.0,0.0,0.0,0.0,0.0,0.0,0.0,0.0,0.0,0.0,0.0,0.0,0.0,0.0,0.0,0.0,0.0,0.0,0.0,0.0,0.0,0.0,125.125,125.125,0.0,0.0,125.125,125.125,0.0,0.0,0.0,0.0,0.0,125.125,125.125,125.125,125.125,125.125,125.125,125.125,125.125,125.125,125.125,125.125,125.125,125.125,125.125,125.125,125.125,125.125,125.125,125.125,125.125,125.125,125.125,125.125,125.125,125.125,125.125,125.125,125.125,125.125,125.125,125.125,125.125,125.125,0.0,0.0,0.0,0.0,0.0,125.125,0.0,0.0,0.0,0.0,0.0,0.0,0.0,0.0,125.125,125.125,125.125,125.125,125.125,125.125,125.125,125.125,125.125,125.125,125.125,125.125,125.125,125.125,125.125,125.125,125.125,125.125,125.125,125.125,125.125,125.125,125.125,125.125,125.125,125.125,125.125,125.125,125.125,125.125,125.125,125.125,125.125,125.125,125.125,125.125,125.125,125.125,125.125,125.125,125.125,125.125,125.125,125.125,125.125,125.125,0.0,0.0,0.0,125.125,125.125,125.125,125.125,125.125,125.125,125.125,0.0,0.0,125.125,125.125,125.125,125.125,125.125,125.125,125.125,125.125,125.125,125.125,125.125,125.125,125.125,125.125,125.125,125.125,125.125,125.125,125.125,125.125,125.125,125.125,125.125
329,4,LN,cogen_conventional_steam_coal,125.125,125.125,0.0,0.0,0.0,0.0,0.0,0.0,0.0,0.0,0.0,0.0,0.0,0.0,0.0,0.0,0.0,0.0,0.0,0.0,0.0,125.125,46.29020100676075,0.0,0.0,0.0,0.0,0.0,0.0,125.125,125.125,0.0,0.0,125.125,125.125,0.0,0.0,0.0,0.0,0.0,125.125,125.125,125.125,125.125,125.125,125.125,125.125,125.125,125.125,125.125,125.125,125.125,125.125,125.125,125.125,125.125,125.125,125.125,125.125,125.125,125.125,125.125,125.125,125.125,125.125,125.125,125.125,125.125,125.125,125.125,125.125,125.125,125.125,0.0,0.0,0.0,0.0,0.0,125.125,0.0,0.0,0.0,0.0,0.0,0.0,0.0,0.0,125.125,125.125,125.125,125.125,125.125,125.125,125.125,125.125,125.125,125.125,125.125,125.125,125.125,125.125,125.125,125.125,125.125,125.125,125.125,125.125,125.125,125.125,125.125,125.125,125.125,125.125,125.125,125.125,125.125,125.125,125.125,125.125,125.125,125.125,125.125,125.125,125.125,125.125,125.125,125.125,125.125,125.125,125.125,125.125,125.125,125.125,0.0,0.0,0.0,125.125,125.125,125.125,125.125,125.125,125.125,125.125,0.0,0.0,125.125,125.125,125.125,125.125,125.125,125.125,125.125,125.125,125.125,125.125,125.125,125.125,125.125,125.125,125.125,125.125,125.125,125.125,125.125,125.125,125.125,125.125,125.125
330,4,LN,cogen_conventional_steam_coal,24.5,24.5,0.0,0.0,0.0,0.0,0.0,0.0,0.0,0.0,0.0,0.0,0.0,0.0,0.0,0.0,0.0,0.0,0.0,0.0,0.0,0.0,0.0,0.0,0.0,0.0,0.0,0.0,0.0,24.5,24.5,0.0,0.0,24.5,24.5,0.0,0.0,0.0,0.0,0.0,24.5,24.5,24.5,24.5,24.5,24.5,24.5,24.5,24.5,24.5,24.5,24.5,24.5,24.5,24.5,24.5,24.5,24.5,24.5,24.5,24.5,24.5,24.5,24.5,24.5,24.5,24.5,24.5,24.5,24.5,24.5,24.5,24.5,0.0,0.0,0.0,0.0,0.0,24.5,0.0,0.0,0.0,0.0,0.0,0.0,0.0,0.0,0.0,24.5,24.5,24.5,24.5,24.5,24.5,24.5,24.5,24.5,24.5,24.5,24.5,24.5,24.5,24.5,24.5,24.5,24.5,24.5,24.5,24.5,24.5,24.5,24.5,24.5,24.5,24.5,24.5,24.5,24.5,24.5,24.5,24.5,24.5,24.5,24.5,24.5,24.5,24.5,24.5,24.5,24.5,24.5,24.5,24.5,0.0,0.0,0.0,24.5,24.5,24.5,24.5,24.5,24.5,24.5,0.0,0.0,0.0,0.0,24.5,24.5,24.5,24.5,24.5,24.5,24.5,24.5,24.5,24.5,24.5,24.5,24.5,24.5,24.5,24.5,24.5,24.5,24.5,24.5,24.5
331,4,LN,cogen_conventional_steam_coal,24.5,24.5,0.0,0.0,0.0,0.0,0.0,0.0,0.0,0.0,0.0,0.0,0.0,0.0,0.0,0.0,0.0,0.0,0.0,0.0,0.0,0.0,0.0,0.0,0.0,0.0,0.0,0.0,0.0,0.0,0.0,0.0,0.0,0.0,0.0,0.0,0.0,0.0,0.0,0.0,24.5,24.5,24.5,24.5,24.5,24.5,24.5,24.5,24.5,24.5,24.5,24.5,24.5,24.5,24.5,24.5,24.5,24.5,24.5,24.5,24.5,24.5,24.5,24.5,24.5,24.5,24.5,24.5,24.5,24.5,24.5,24.5,24.5,0.0,0.0,0.0,0.0,0.0,24.5,0.0,0.0,0.0,0.0,0.0,0.0,0.0,0.0,24.5,24.5,24.5,24.5,24.5,24.5,24.5,24.5,24.5,24.5,24.5,24.5,24.5,24.5,24.5,24.5,24.5,24.5,24.5,24.5,24.5,24.5,24.5,24.5,24.5,24.5,24.5,24.5,24.5,24.5,24.5,24.5,24.5,24.5,24.5,24.5,24.5,24.5,24.5,24.5,24.5,24.5,24.5,24.5,24.5,24.5,0.0,0.0,0.0,24.5,24.5,24.5,24.5,24.5,24.5,24.5,0.0,0.0,24.5,24.5,24.5,24.5,24.5,24.5,24.5,24.5,24.5,24.5,24.5,24.5,24.5,24.5,24.5,24.5,24.5,24.5,24.5,24.5,24.5,24.5,24.5
332,4,LN,cogen_conventional_steam_coal,24.5,24.5,0.0,0.0,0.0,0.0,0.0,0.0,0.0,0.0,0.0,0.0,0.0,0.0,0.0,0.0,0.0,0.0,0.0,0.0,0.0,0.0,0.0,0.0,0.0,0.0,0.0,0.0,0.0,24.5,24.5,0.0,0.0,24.5,24.5,0.0,0.0,0.0,0.0,0.0,24.5,24.5,24.5,24.5,24.5,24.5,24.5,24.5,24.5,24.5,24.5,24.5,24.5,24.5,24.5,24.5,24.5,24.5,24.5,24.5,24.5,24.5,24.5,24.5,24.5,24.5,24.5,24.5,24.5,24.5,24.5,24.5,24.5,0.0,0.0,0.0,0.0,0.0,24.5,0.0,0.0,0.0,0.0,0.0,0.0,0.0,0.0,24.5,24.5,24.5,24.5,24.5,24.5,24.5,24.5,24.5,24.5,24.5,24.5,24.5,24.5,24.5,24.5,24.5,24.5,24.5,24.5,24.5,24.5,24.5,24.5,24.5,24.5,24.5,24.5,24.5,24.5,24.5,24.5,24.5,24.5,24.5,24.5,24.5,24.5,24.5,24.5,24.5,24.5,24.5,24.5,24.5,24.5,0.0,0.0,0.0,24.5,24.5,24.5,24.5,24.5,24.5,24.5,0.0,0.0,24.5,17.82208916384525,24.5,24.5,24.5,24.5,24.5,24.5,24.5,24.5,24.5,24.5,24.5,24.5,24.5,24.5,24.5,24.5,24.5,24.5,24.5,24.5,0.0
333,4,LN,cogen_conventional_steam_coal,24.5,24.5,0.0,0.0,0.0,0.0,0.0,0.0,0.0,0.0,0.0,0.0,0.0,0.0,0.0,0.0,0.0,0.0,0.0,0.0,0.0,0.0,0.0,0.0,0.0,0.0,0.0,0.0,0.0,24.5,24.5,0.0,0.0,24.5,24.5,0.0,0.0,0.0,0.0,0.0,24.5,24.5,24.5,24.5,24.5,24.5,24.5,24.5,24.5,24.5,24.5,24.5,24.5,24.5,24.5,24.5,24.5,24.5,24.5,24.5,24.5,24.5,24.5,24.5,24.5,24.5,24.5,24.5,24.5,24.5,24.5,24.5,24.5,0.0,0.0,0.0,0.0,24.5,24.5,0.0,0.0,0.0,0.0,0.0,0.0,0.0,0.0,24.5,24.5,24.5,24.5,24.5,24.5,24.5,24.5,24.5,24.5,24.5,24.5,24.5,24.5,24.5,24.5,24.5,24.5,24.5,24.5,24.5,24.5,24.5,24.5,24.5,24.5,24.5,24.5,24.5,24.5,24.5,24.5,24.5,24.5,24.5,24.5,24.5,24.5,24.5,24.5,24.5,24.5,24.5,24.5,24.5,24.5,0.0,0.0,0.0,24.5,24.5,24.5,24.5,24.5,24.5,24.5,0.0,0.0,24.5,0.0,24.5,24.5,24.5,24.5,24.5,24.5,24.5,24.5,24.5,24.5,24.5,24.5,24.5,24.5,24.5,24.5,24.5,24.5,24.5,24.5,24.5
334,4,LN,cogen_conventional_steam_coal,24.5,24.5,0.0,0.0,0.0,0.0,0.0,0.0,0.0,0.0,0.0,0.0,0.0,0.0,0.0,0.0,0.0,0.0,0.0,0.0,0.0,0.0,0.0,0.0,0.0,0.0,0.0,0.0,0.0,0.0,0.0,0.0,0.0,0.0,0.0,0.0,0.0,0.0,0.0,0.0,24.5,24.5,24.5,24.5,24.5,24.5,24.5,24.5,24.5,24.5,24.5,24.5,24.5,24.5,24.5,24.5,24.5,24.5,24.5,24.5,24.5,24.5,24.5,24.5,24.5,24.5,24.5,24.5,24.5,24.5,24.5,24.5,24.5,0.0,0.0,0.0,0.0,0.0,24.5,0.0,0.0,0.0,0.0,0.0,0.0,0.0,0.0,24.5,24.5,24.5,24.5,24.5,24.5,24.5,24.5,24.5,24.5,24.5,24.5,24.5,24.5,24.5,24.5,24.5,24.5,24.5,24.5,24.5,24.5,24.5,24.5,24.5,24.5,24.5,24.5,24.5,24.5,24.5,24.5,24.5,24.5,24.5,24.5,24.5,24.5,24.5,24.5,24.5,24.5,24.5,24.5,24.5,24.5,0.0,0.0,0.0,24.5,24.5,24.5,24.5,24.5,24.5,24.5,0.0,0.0,24.5,0.0,24.5,24.5,24.5,24.5,24.5,24.5,24.5,24.5,24.5,24.5,24.5,24.5,24.5,24.5,24.5,24.5,24.5,24.5,24.5,24.5,24.5
335,4,LN,cogen_conventional_steam_coal,24.5,24.5,0.0,0.0,0.0,0.0,0.0,0.0,0.0,0.0,0.0,0.0,0.0,0.0,0.0,0.0,0.0,0.0,0.0,0.0,0.0,0.0,0.0,0.0,0.0,0.0,0.0,0.0,0.0,0.0,0.0,0.0,0.0,0.0,0.0,0.0,0.0,0.0,0.0,0.0,24.5,24.5,24.5,24.5,24.5,24.5,24.5,24.5,24.5,24.5,24.5,24.5,24.5,24.5,24.5,24.5,24.5,24.5,24.5,24.5,24.5,24.5,24.5,24.5,24.5,24.5,24.5,24.5,24.5,24.5,24.5,24.5,24.5,0.0,0.0,0.0,0.0,0.0,24.5,0.0,0.0,0.0,0.0,0.0,0.0,0.0,0.0,24.5,24.5,24.5,24.5,24.5,24.5,24.5,24.5,24.5,24.5,24.5,24.5,24.5,24.5,24.5,24.5,24.5,24.5,24.5,24.5,24.5,24.5,24.5,24.5,24.5,24.5,24.5,24.5,24.5,24.5,24.5,24.5,24.5,24.5,24.5,24.5,24.5,24.5,24.5,24.5,24.5,24.5,24.5,24.5,24.5,24.5,0.0,0.0,0.0,24.5,24.5,24.5,24.5,24.5,24.5,24.5,0.0,0.0,24.5,0.0,24.5,24.5,24.5,24.5,24.5,24.5,24.5,24.5,24.5,24.5,24.5,24.5,24.5,24.5,24.5,24.5,24.5,24.5,24.5,24.5,0.0
336,4,LN,cogen_conventional_steam_coal,24.5,24.5,0.0,0.0,0.0,0.0,0.0,0.0,0.0,0.0,0.0,0.0,0.0,0.0,0.0,0.0,0.0,0.0,0.0,0.0,0.0,0.0,0.0,0.0,0.0,0.0,0.0,0.0,0.0,0.0,0.0,0.0,0.0,0.0,0.0,0.0,0.0,0.0,0.0,0.0,24.5,24.5,24.5,24.5,24.5,24.5,24.5,24.5,24.5,24.5,24.5,24.5,24.5,24.5,24.5,24.5,24.5,24.5,24.5,24.5,24.5,24.5,24.5,24.5,24.5,24.5,24.5,24.5,24.5,24.5,24.5,24.5,24.5,0.0,0.0,0.0,0.0,0.0,24.5,0.0,0.0,0.0,0.0,0.0,0.0,0.0,0.0,7.67143801884481,24.5,24.5,24.5,24.5,24.5,24.5,24.5,24.5,24.5,24.5,24.5,24.5,24.5,24.5,24.5,24.5,24.5,24.5,24.5,24.5,24.5,24.5,24.5,24.5,24.5,24.5,24.5,24.5,24.5,24.5,24.5,24.5,24.5,24.5,24.5,24.5,24.5,24.5,24.5,24.5,24.5,24.5,24.5,24.5,24.5,0.0,0.0,0.0,24.5,24.5,24.5,24.5,24.5,24.5,24.5,0.0,0.0,24.5,24.5,24.5,24.5,24.5,24.5,24.5,24.5,24.5,24.5,24.5,24.5,24.5,24.5,24.5,24.5,24.5,24.5,24.5,24.5,24.5,24.5,0.0
337,4,LN,cogen_conventional_steam_coal,24.5,24.5,0.0,0.0,0.0,0.0,0.0,0.0,0.0,0.0,0.0,0.0,0.0,0.0,0.0,0.0,0.0,0.0,0.0,0.0,0.0,0.0,0.0,0.0,0.0,0.0,0.0,0.0,0.0,24.5,24.5,0.0,0.0,24.5,24.5,0.0,0.0,0.0,0.0,0.0,24.5,24.5,24.5,24.5,24.5,24.5,24.5,24.5,24.5,24.5,24.5,24.5,24.5,24.5,24.5,24.5,24.5,24.5,24.5,24.5,24.5,24.5,24.5,24.5,24.5,24.5,24.5,24.5,24.5,24.5,24.5,24.5,24.5,0.0,0.0,0.0,0.0,0.0,24.5,0.0,0.0,0.0,0.0,0.0,0.0,0.0,0.0,24.5,24.5,24.5,24.5,24.5,24.5,24.5,24.5,24.5,24.5,24.5,24.5,24.5,24.5,24.5,24.5,24.5,24.5,24.5,24.5,24.5,24.5,24.5,24.5,24.5,24.5,24.5,24.5,24.5,24.5,24.5,24.5,24.5,24.5,24.5,24.5,24.5,24.5,24.5,24.5,24.5,24.5,24.5,24.5,24.5,24.5,0.0,0.0,0.0,24.5,24.5,24.5,24.5,24.5,24.5,3.3295314317479097,0.0,0.0,24.438714452094928,24.5,24.5,24.5,24.5,24.5,24.5,24.5,24.5,24.5,24.5,24.5,24.5,24.5,24.5,24.5,24.5,24.5,24.5,24.5,24.5,24.5,0.0
338,4,LN,cogen_conventional_steam_coal,24.5,24.5,0.0,0.0,0.0,0.0,0.0,0.0,0.0,0.0,0.0,0.0,0.0,0.0,0.0,0.0,0.0,0.0,0.0,0.0,0.0,24.5,24.5,24.5,0.0,0.0,0.0,0.0,0.0,24.5,24.5,0.0,0.0,24.5,24.5,24.5,24.5,0.0,0.0,24.5,24.5,24.5,24.5,24.5,24.5,24.5,24.5,24.5,24.5,24.5,24.5,24.5,24.5,24.5,24.5,24.5,24.5,24.5,24.5,24.5,24.5,24.5,24.5,24.5,24.5,24.5,24.5,24.5,24.5,24.5,24.5,24.5,24.5,0.0,0.0,0.0,24.5,24.5,24.5,24.5,24.5,24.5,24.5,24.5,24.5,24.5,24.5,24.5,24.5,24.5,24.5,24.5,24.5,24.5,24.5,24.5,24.5,24.5,24.5,24.5,24.5,24.5,24.5,24.5,24.5,24.5,24.5,24.5,24.5,24.5,24.5,24.5,24.5,24.5,24.5,24.5,24.5,24.5,24.5,24.5,24.5,24.5,24.5,24.5,24.5,24.5,24.5,24.5,24.5,24.5,24.5,24.5,24.5,24.5,24.5,24.5,24.5,24.5,24.5,24.5,24.5,24.5,24.5,0.0,24.5,24.5,24.5,24.5,24.5,24.5,24.5,24.5,24.5,24.5,24.5,24.5,24.5,24.5,24.5,24.5,24.5,24.5,24.5,24.5,24.5,24.5,24.5,24.5
339,4,LN,cogen_conventional_steam_coal,24.5,24.5,0.0,0.0,0.0,0.0,0.0,0.0,0.0,0.0,0.0,0.0,0.0,0.0,0.0,0.0,0.0,0.0,0.0,0.0,0.0,24.5,24.5,24.5,0.0,0.0,0.0,0.0,0.0,24.5,24.5,0.0,0.0,24.5,24.5,24.5,24.5,0.0,0.0,24.5,24.5,24.5,24.5,24.5,24.5,24.5,24.5,24.5,24.5,24.5,24.5,24.5,24.5,24.5,24.5,24.5,24.5,24.5,24.5,24.5,24.5,24.5,24.5,24.5,24.5,24.5,24.5,24.5,24.5,24.5,24.5,24.5,24.5,0.0,0.0,0.0,24.5,24.5,24.5,24.5,24.5,24.5,24.5,24.5,24.5,24.5,24.5,24.5,24.5,24.5,24.5,24.5,24.5,24.5,24.5,24.5,24.5,24.5,24.5,24.5,24.5,24.5,24.5,24.5,24.5,24.5,24.5,24.5,24.5,24.5,24.5,24.5,24.5,24.5,24.5,24.5,24.5,24.5,24.5,24.5,24.5,24.5,24.5,24.5,24.5,24.5,24.5,24.5,24.5,24.5,24.5,24.5,24.5,24.5,24.5,24.5,24.5,24.5,24.5,24.5,24.5,24.5,24.5,0.0,24.5,24.5,24.5,24.5,24.5,24.5,24.5,24.5,24.5,24.5,24.5,24.5,24.5,24.5,24.5,24.5,24.5,24.5,24.5,24.5,24.5,24.5,24.5,24.5
340,4,LN,cogen_conventional_steam_coal,24.5,24.5,0.0,0.0,0.0,0.0,0.0,0.0,0.0,0.0,0.0,0.0,0.0,0.0,0.0,0.0,0.0,0.0,0.0,0.0,0.0,24.5,24.5,24.5,0.0,0.0,0.0,0.0,0.0,24.5,24.5,0.0,0.0,24.5,24.5,24.5,24.5,0.0,0.0,24.5,24.5,24.5,24.5,24.5,24.5,24.5,24.5,24.5,24.5,24.5,24.5,24.5,24.5,24.5,24.5,24.5,24.5,24.5,24.5,24.5,24.5,24.5,24.5,24.5,24.5,24.5,24.5,24.5,24.5,24.5,24.5,24.5,24.5,0.0,0.0,0.0,24.5,24.5,24.5,24.5,24.5,24.5,24.5,24.5,24.5,24.5,24.5,24.5,24.5,24.5,24.5,24.5,24.5,24.5,24.5,24.5,24.5,24.5,24.5,24.5,24.5,24.5,24.5,24.5,24.5,24.5,24.5,24.5,24.5,24.5,24.5,24.5,24.5,24.5,24.5,24.5,24.5,24.5,24.5,24.5,24.5,24.5,24.5,24.5,24.5,24.5,24.5,24.5,24.5,24.5,24.5,24.5,24.5,24.5,24.5,24.5,24.5,24.5,24.5,24.5,24.5,24.5,24.5,0.0,24.5,24.5,24.5,24.5,24.5,24.5,24.5,24.5,24.5,24.5,24.5,24.5,24.5,24.5,24.5,24.5,24.5,24.5,24.5,24.5,24.5,24.5,24.5,24.5
341,4,LN,cogen_conventional_steam_coal,24.5,24.5,0.0,0.0,0.0,0.0,24.5,0.0,0.0,0.0,0.0,0.0,0.0,0.0,0.0,0.0,0.0,0.0,0.0,0.0,0.0,24.5,24.5,24.5,0.0,0.0,0.0,0.0,0.0,24.5,24.5,0.0,0.0,24.5,24.5,24.5,24.5,0.0,0.0,24.5,24.5,24.5,24.5,24.5,24.5,24.5,24.5,24.5,24.5,24.5,24.5,24.5,24.5,24.5,24.5,24.5,24.5,24.5,24.5,24.5,24.5,24.5,24.5,24.5,24.5,24.5,24.5,24.5,24.5,24.5,24.5,24.5,24.5,0.0,0.0,0.0,24.5,24.5,24.5,24.5,24.5,24.5,24.5,24.5,24.5,24.5,24.5,24.5,24.5,24.5,24.5,24.5,24.5,24.5,24.5,24.5,24.5,24.5,24.5,24.5,24.5,24.5,24.5,24.5,24.5,24.5,24.5,24.5,24.5,24.5,24.5,24.5,24.5,24.5,24.5,24.5,24.5,24.5,24.5,24.5,24.5,24.5,24.5,24.5,24.5,24.5,24.5,24.5,24.5,24.5,24.5,24.5,24.5,24.5,24.5,24.5,24.5,24.5,24.5,24.5,24.5,24.5,24.5,0.0,24.5,24.5,24.5,24.5,24.5,24.5,24.5,24.5,24.5,24.5,24.5,24.5,24.5,24.5,24.5,24.5,24.5,24.5,24.5,24.5,24.5,24.5,24.5,24.5
342,4,LN,cogen_conventional_steam_coal,357.5,357.5,0.0,0.0,0.0,0.0,337.8758029999981,0.0,0.0,0.0,0.0,0.0,0.0,0.0,0.0,0.0,0.0,0.0,0.0,0.0,116.00152652614906,357.5,357.5,357.5,304.8348181947813,336.4026279404534,0.0,357.5,330.18326914045815,357.5,357.5,0.0,253.2483796591705,357.5,357.5,357.5,357.5,0.0,0.0,357.5,357.5,357.5,357.5,357.5,357.5,357.5,357.5,357.5,357.5,357.5,357.5,357.5,357.5,357.5,357.5,357.5,357.5,357.5,357.5,357.5,357.5,357.5,357.5,357.5,357.5,357.5,357.5,357.5,357.5,357.5,357.5,357.5,357.5,80.33855493853184,0.0,0.0,357.5,357.5,357.5,357.5,357.5,357.5,357.5,357.5,357.5,357.5,357.5,357.5,357.5,357.5,357.5,357.5,357.5,357.5,357.5,357.5,357.5,357.5,357.5,357.5,357.5,357.5,357.5,357.5,357.5,357.5,357.5,357.5,357.5,357.5,357.5,357.5,357.5,357.5,357.5,357.5,357.5,357.5,357.5,357.5,357.5,357.5,357.5,357.5,357.5,357.5,357.5,357.5,357.5,357.5,357.5,357.5,357.5,357.5,357.5,357.5,357.5,357.5,357.5,357.5,357.5,357.5,357.5,357.5,357.5,357.5,357.5,357.5,357.5,357.5,357.5,357.5,357.5,357.5,357.5,357.5,357.5,357.5,357.5,357.5,357.5,357.5,357.5,357.5,357.5,357.5,357.5,357.5
343,4,LN,cogen_conventional_steam_coal,357.5,357.5,0.0,0.0,0.0,0.0,0.0,0.0,0.0,0.0,0.0,0.0,0.0,0.0,0.0,0.0,0.0,0.0,0.0,0.0,357.5,357.5,357.5,357.5,357.5,0.0,0.0,90.8831679404575,357.5,357.5,357.5,0.0,0.0,357.5,357.5,357.5,357.5,0.0,0.0,357.5,357.5,357.5,357.5,357.5,357.5,357.5,357.5,357.5,357.5,357.5,357.5,357.5,357.5,357.5,357.5,357.5,357.5,357.5,357.5,357.5,357.5,357.5,357.5,357.5,357.5,357.5,357.5,357.5,357.5,357.5,357.5,357.5,357.5,0.0,0.0,78.64739396062714,357.5,357.5,357.5,357.5,357.5,357.5,357.5,357.5,357.5,357.5,357.5,357.5,357.5,357.5,357.5,357.5,357.5,357.5,357.5,357.5,357.5,357.5,357.5,357.5,357.5,357.5,357.5,357.5,357.5,357.5,357.5,357.5,357.5,357.5,357.5,357.5,357.5,357.5,357.5,357.5,357.5,357.5,357.5,357.5,357.5,357.5,357.5,357.5,357.5,357.5,357.5,357.5,357.5,357.5,357.5,357.5,357.5,357.5,357.5,357.5,357.5,357.5,357.5,357.5,357.5,357.5,357.5,351.90080750753987,357.5,357.5,357.5,357.5,357.5,357.5,357.5,357.5,357.5,357.5,357.5,357.5,357.5,357.5,357.5,357.5,357.5,357.5,357.5,357.5,357.5,357.5,357.5,357.5
344,4,LN,cogen_conventional_steam_coal,235.95000000000005,235.95000000000005,235.95000000000005,235.95000000000005,235.95000000000005,235.95000000000005,235.95000000000005,0.0,0.0,0.0,0.0,0.0,0.0,0.0,0.0,0.0,0.0,0.0,0.0,235.95000000000005,235.95000000000005,235.95000000000005,235.95000000000005,235.95000000000005,235.95000000000005,235.95000000000005,235.95000000000005,235.95000000000005,235.95000000000005,235.95000000000005,235.95000000000005,235.95000000000005,235.95000000000005,235.95000000000005,235.95000000000005,235.95000000000005,235.95000000000005,235.95000000000005,235.95000000000005,235.95000000000005,235.95000000000005,235.95000000000005,235.95000000000005,235.95000000000005,235.95000000000005,235.95000000000005,235.95000000000005,235.95000000000005,235.95000000000005,235.95000000000005,235.95000000000005,235.95000000000005,235.95000000000005,235.95000000000005,235.95000000000005,235.95000000000005,235.95000000000005,235.95000000000005,235.95000000000005,235.95000000000005,235.95000000000005,235.95000000000005,235.95000000000005,235.95000000000005,235.95000000000005,235.95000000000005,235.95000000000005,235.95000000000005,235.95000000000005,235.95000000000005,235.95000000000005,235.95000000000005,235.95000000000005,235.95000000000005,235.95000000000005,235.95000000000005,235.95000000000005,235.95000000000005,235.95000000000005,235.95000000000005,235.95000000000005,235.95000000000005,235.95000000000005,235.95000000000005,235.95000000000005,235.95000000000005,235.95000000000005,235.95000000000005,235.95000000000005,235.95000000000005,235.95000000000005,235.95000000000005,235.95000000000005,235.95000000000005,235.95000000000005,235.95000000000005,235.95000000000005,235.95000000000005,235.95000000000005,235.95000000000005,235.95000000000005,235.95000000000005,235.95000000000005,235.95000000000005,235.95000000000005,235.95000000000005,235.95000000000005,235.95000000000005,235.95000000000005,235.95000000000005,235.95000000000005,235.95000000000005,235.95000000000005,235.95000000000005,235.95000000000005,235.95000000000005,235.95000000000005,235.95000000000005,235.95000000000005,235.95000000000005,235.95000000000005,235.95000000000005,235.95000000000005,235.95000000000005,235.95000000000005,235.95000000000005,235.95000000000005,235.95000000000005,235.95000000000005,235.95000000000005,235.95000000000005,235.95000000000005,235.95000000000005,235.95000000000005,235.95000000000005,235.95000000000005,235.95000000000005,235.95000000000005,235.95000000000005,235.95000000000005,235.95000000000005,235.95000000000005,235.95000000000005,235.95000000000005,235.95000000000005,235.95000000000005,235.95000000000005,235.95000000000005,235.95000000000005,235.95000000000005,235.95000000000005,235.95000000000005,235.95000000000005,235.95000000000005,235.95000000000005,235.95000000000005,235.95000000000005,235.95000000000005,235.95000000000005,235.95000000000005,235.95000000000005,235.95000000000005,235.95000000000005,235.95000000000005,235.95000000000005,235.95000000000005,235.95000000000005,235.95000000000005
345,4,LN,cogen_conventional_steam_coal,235.95000000000005,235.95000000000005,235.95000000000005,235.95000000000005,235.95000000000005,235.95000000000005,235.95000000000005,0.0,0.0,0.0,0.0,0.0,0.0,0.0,0.0,0.0,0.0,0.0,0.0,235.95000000000005,235.95000000000005,235.95000000000005,235.95000000000005,235.95000000000005,235.95000000000005,235.95000000000005,235.95000000000005,235.95000000000005,235.95000000000005,235.95000000000005,235.95000000000005,235.95000000000005,235.95000000000005,235.95000000000005,235.95000000000005,235.95000000000005,235.95000000000005,235.95000000000005,235.95000000000005,235.95000000000005,235.95000000000005,235.95000000000005,235.95000000000005,235.95000000000005,235.95000000000005,235.95000000000005,235.95000000000005,235.95000000000005,235.95000000000005,235.95000000000005,235.95000000000005,235.95000000000005,235.95000000000005,235.95000000000005,235.95000000000005,235.95000000000005,235.95000000000005,235.95000000000005,235.95000000000005,235.95000000000005,235.95000000000005,235.95000000000005,235.95000000000005,235.95000000000005,235.95000000000005,235.95000000000005,235.95000000000005,235.95000000000005,235.95000000000005,235.95000000000005,235.95000000000005,235.95000000000005,235.95000000000005,235.95000000000005,235.95000000000005,235.95000000000005,235.95000000000005,235.95000000000005,235.95000000000005,235.95000000000005,235.95000000000005,235.95000000000005,235.95000000000005,235.95000000000005,235.95000000000005,235.95000000000005,235.95000000000005,235.95000000000005,235.95000000000005,235.95000000000005,235.95000000000005,235.95000000000005,235.95000000000005,235.95000000000005,235.95000000000005,235.95000000000005,235.95000000000005,235.95000000000005,235.95000000000005,235.95000000000005,235.95000000000005,235.95000000000005,235.95000000000005,235.95000000000005,235.95000000000005,235.95000000000005,235.95000000000005,235.95000000000005,235.95000000000005,235.95000000000005,235.95000000000005,235.95000000000005,235.95000000000005,235.95000000000005,235.95000000000005,235.95000000000005,235.95000000000005,235.95000000000005,235.95000000000005,235.95000000000005,235.95000000000005,235.95000000000005,235.95000000000005,235.95000000000005,235.95000000000005,235.95000000000005,235.95000000000005,235.95000000000005,235.95000000000005,235.95000000000005,235.95000000000005,235.95000000000005,235.95000000000005,235.95000000000005,235.95000000000005,235.95000000000005,235.95000000000005,235.95000000000005,235.95000000000005,235.95000000000005,235.95000000000005,235.95000000000005,235.95000000000005,235.95000000000005,235.95000000000005,235.95000000000005,235.95000000000005,235.95000000000005,235.95000000000005,235.95000000000005,235.95000000000005,235.95000000000005,235.95000000000005,235.95000000000005,235.95000000000005,235.95000000000005,235.95000000000005,235.95000000000005,235.95000000000005,235.95000000000005,235.95000000000005,235.95000000000005,235.95000000000005,235.95000000000005,235.95000000000005,235.95000000000005,235.95000000000005,235.95000000000005
348,1,HL,natural_gas_fired_combined_cycle,0.0,0.0,0.0,0.0,0.0,0.0,0.0,0.0,0.0,0.0,0.0,0.0,0.0,0.0,0.0,0.0,0.0,0.0,0.0,0.0,0.0,0.0,0.0,0.0,0.0,0.0,0.0,0.0,0.0,0.0,0.0,0.0,0.0,0.0,0.0,0.0,0.0,0.0,0.0,0.0,0.0,0.0,0.0,0.0,0.0,0.0,0.0,0.0,0.0,0.0,0.0,0.0,0.0,0.0,0.0,0.0,0.0,0.0,0.0,0.0,0.0,0.0,0.0,0.0,0.0,0.0,0.0,0.0,0.0,0.0,0.0,0.0,0.0,0.0,0.0,0.0,0.0,0.0,0.0,0.0,0.0,0.0,0.0,0.0,0.0,0.0,0.0,0.0,0.0,0.0,0.0,0.0,0.0,0.0,0.0,0.0,0.0,0.0,0.0,0.0,0.0,0.0,0.0,0.0,0.0,0.0,0.0,0.0,0.0,0.0,0.0,0.0,0.0,0.0,0.0,0.0,0.0,0.0,0.0,0.0,0.0,0.0,0.0,0.0,0.0,0.0,0.0,0.0,0.0,0.0,0.0,0.0,0.0,0.0,0.0,0.0,0.0,0.0,0.0,0.0,0.0,0.0,0.0,0.0,0.0,0.0,0.0,0.0,0.0,0.0,0.0,0.0,0.0,0.0,0.0,0.0,0.0,0.0,0.0,0.0,0.0,0.0,0.0,0.0,0.0,0.0,0.0,0.0
349,1,HL,natural_gas_fired_combined_cycle,0.0,0.0,0.0,0.0,0.0,0.0,0.0,0.0,0.0,0.0,0.0,0.0,0.0,0.0,0.0,0.0,0.0,0.0,0.0,0.0,0.0,0.0,0.0,0.0,0.0,0.0,0.0,0.0,0.0,0.0,0.0,0.0,0.0,0.0,0.0,0.0,0.0,0.0,0.0,0.0,0.0,0.0,0.0,0.0,0.0,0.0,0.0,0.0,0.0,0.0,0.0,0.0,0.0,0.0,0.0,0.0,0.0,0.0,0.0,0.0,0.0,0.0,0.0,0.0,0.0,0.0,0.0,0.0,0.0,0.0,0.0,0.0,0.0,0.0,0.0,0.0,0.0,0.0,0.0,0.0,0.0,0.0,0.0,0.0,0.0,0.0,0.0,0.0,0.0,0.0,0.0,0.0,0.0,0.0,0.0,0.0,0.0,0.0,0.0,0.0,0.0,0.0,0.0,0.0,0.0,0.0,0.0,0.0,0.0,0.0,0.0,0.0,0.0,0.0,0.0,0.0,0.0,0.0,0.0,0.0,0.0,0.0,0.0,0.0,0.0,0.0,0.0,0.0,0.0,0.0,0.0,0.0,0.0,0.0,0.0,0.0,0.0,0.0,0.0,0.0,0.0,0.0,0.0,0.0,0.0,0.0,0.0,0.0,0.0,0.0,0.0,0.0,0.0,0.0,0.0,0.0,0.0,0.0,0.0,0.0,0.0,0.0,0.0,0.0,0.0,0.0,0.0,0.0
365,4,LN,nuclear,0.0,742.7,742.7,742.7,742.7,742.7,742.7,742.7,742.7,742.7,742.7,742.7,742.7,0.0,742.7,742.7,742.7,742.7,742.7,742.7,742.7,742.7,742.7,742.7,742.7,742.7,742.7,742.7,742.7,742.7,742.7,742.7,742.7,742.7,742.7,742.7,742.7,742.7,742.7,742.7,742.7,742.7,742.7,742.7,742.7,742.7,742.7,742.7,742.7,742.7,742.7,742.7,742.7,742.7,742.7,742.7,742.7,742.7,742.7,742.7,742.7,742.7,742.7,742.7,742.7,742.7,742.7,742.7,742.7,742.7,742.7,742.7,742.7,742.7,742.7,742.7,742.7,742.7,742.7,742.7,742.7,742.7,742.7,742.7,742.7,742.7,742.7,742.7,742.7,742.7,742.7,742.7,742.7,742.7,742.7,742.7,742.7,742.7,742.7,742.7,742.7,742.7,742.7,742.7,742.7,742.7,742.7,742.7,742.7,742.7,742.7,742.7,742.7,742.7,742.7,742.7,742.7,742.7,742.7,742.7,742.7,742.7,742.7,742.7,742.7,742.7,742.7,742.7,742.7,742.7,742.7,742.7,742.7,742.7,742.7,742.7,742.7,742.7,742.7,742.7,742.7,742.7,742.7,742.7,742.7,742.7,742.7,742.7,742.7,742.7,742.7,742.7,742.7,742.7,742.7,742.7,742.7,742.7,742.7,742.7,742.7,742.7,742.7,742.7,742.7,742.7,742.7,0.0
366,4,LN,nuclear,0.0,742.7,742.7,742.7,742.7,742.7,742.7,742.7,742.7,742.7,742.7,742.7,742.7,0.0,742.7,742.7,742.7,742.7,742.7,742.7,742.7,742.7,742.7,742.7,742.7,742.7,742.7,742.7,742.7,742.7,742.7,742.7,742.7,742.7,742.7,742.7,742.7,742.7,742.7,742.7,742.7,742.7,742.7,742.7,742.7,742.7,742.7,742.7,742.7,742.7,742.7,742.7,742.7,742.7,742.7,742.7,742.7,742.7,742.7,742.7,742.7,742.7,742.7,742.7,742.7,742.7,742.7,742.7,742.7,742.7,742.7,742.7,742.7,742.7,742.7,742.7,742.7,742.7,742.7,742.7,742.7,742.7,742.7,742.7,742.7,742.7,742.7,742.7,742.7,742.7,742.7,742.7,742.7,742.7,742.7,742.7,742.7,742.7,742.7,742.7,742.7,742.7,742.7,742.7,742.7,742.7,742.7,742.7,742.7,742.7,742.7,742.7,742.7,742.7,742.7,742.7,742.7,742.7,742.7,742.7,742.7,742.7,742.7,742.7,742.7,742.7,742.7,742.7,742.7,742.7,742.7,742.7,742.7,742.7,742.7,742.7,742.7,742.7,742.7,742.7,742.7,742.7,742.7,742.7,742.7,742.7,742.7,742.7,742.7,742.7,742.7,742.7,742.7,742.7,742.7,742.7,742.7,742.7,742.7,742.7,742.7,742.7,742.7,742.7,742.7,742.7,742.7,0.0
367,4,LN,nuclear,0.0,742.7,742.7,742.7,742.7,742.7,742.7,742.7,742.7,742.7,742.7,742.7,742.7,742.7,0.0,735.2067560028065,742.7,742.7,742.7,742.7,742.7,742.7,742.7,742.7,742.7,742.7,742.7,742.7,742.7,742.7,742.7,742.7,742.7,742.7,742.7,742.7,742.7,742.7,742.7,742.7,742.7,742.7,742.7,742.7,742.7,742.7,742.7,742.7,742.7,742.7,742.7,742.7,742.7,742.7,742.7,742.7,742.7,742.7,742.7,742.7,742.7,742.7,742.7,742.7,742.7,742.7,742.7,742.7,742.7,742.7,742.7,742.7,742.7,742.7,742.7,742.7,742.7,742.7,742.7,742.7,742.7,742.7,742.7,742.7,742.7,742.7,742.7,742.7,742.7,742.7,742.7,742.7,742.7,742.7,742.7,742.7,742.7,742.7,742.7,742.7,742.7,742.7,742.7,742.7,742.7,742.7,742.7,742.7,742.7,742.7,742.7,742.7,742.7,742.7,742.7,742.7,742.7,742.7,742.7,742.7,742.7,742.7,742.7,742.7,742.7,742.7,742.7,742.7,742.7,742.7,742.7,742.7,742.7,742.7,742.7,742.7,742.7,742.7,742.7,742.7,742.7,742.7,742.7,742.7,742.7,742.7,742.7,742.7,742.7,742.7,742.7,742.7,742.7,742.7,742.7,742.7,742.7,742.7,742.7,742.7,742.7,742.7,742.7,742.7,742.7,742.7,742.7,0.0
368,4,LN,nuclear,0.0,742.7,742.7,742.7,742.7,742.7,742.7,742.7,742.7,742.7,742.7,742.7,742.7,742.7,742.7,742.7,742.7,742.7,742.7,742.7,742.7,742.7,742.7,742.7,742.7,742.7,742.7,742.7,742.7,742.7,742.7,742.7,742.7,742.7,742.7,742.7,742.7,742.7,742.7,742.7,742.7,742.7,742.7,742.7,742.7,742.7,742.7,742.7,742.7,742.7,742.7,742.7,742.7,742.7,742.7,742.7,742.7,742.7,742.7,742.7,742.7,742.7,742.7,742.7,742.7,742.7,742.7,742.7,742.7,742.7,742.7,742.7,742.7,742.7,742.7,742.7,742.7,742.7,742.7,742.7,742.7,742.7,742.7,742.7,742.7,742.7,742.7,742.7,742.7,742.7,742.7,742.7,742.7,742.7,742.7,742.7,742.7,742.7,742.7,742.7,742.7,742.7,742.7,742.7,742.7,742.7,742.7,742.7,742.7,742.7,742.7,742.7,742.7,742.7,742.7,742.7,742.7,742.7,742.7,742.7,742.7,742.7,742.7,742.7,742.7,742.7,742.7,742.7,742.7,742.7,742.7,742.7,742.7,742.7,742.7,742.7,742.7,742.7,742.7,742.7,742.7,742.7,742.7,742.7,742.7,742.7,742.7,742.7,742.7,742.7,742.7,742.7,742.7,742.7,742.7,742.7,742.7,742.7,742.7,742.7,742.7,742.7,742.7,742.7,742.7,742.7,742.7,0.0
369,4,LN,nuclear,0.0,742.7,742.7,742.7,742.7,742.7,742.7,742.7,742.7,742.7,742.7,742.7,0.0,742.7,742.7,0.0,742.7,742.7,742.7,742.7,742.7,742.7,742.7,742.7,742.7,742.7,742.7,742.7,742.7,742.7,742.7,742.7,742.7,742.7,742.7,742.7,742.7,742.7,742.7,742.7,742.7,742.7,742.7,742.7,742.7,742.7,742.7,742.7,742.7,742.7,742.7,742.7,742.7,742.7,742.7,742.7,742.7,742.7,742.7,742.7,742.7,742.7,742.7,742.7,742.7,742.7,742.7,742.7,742.7,742.7,742.7,742.7,742.7,742.7,742.7,742.7,742.7,742.7,742.7,742.7,742.7,742.7,742.7,742.7,742.7,742.7,742.7,742.7,742.7,742.7,742.7,742.7,742.7,742.7,742.7,742.7,742.7,742.7,742.7,742.7,742.7,742.7,742.7,742.7,742.7,742.7,742.7,742.7,742.7,742.7,742.7,742.7,742.7,742.7,742.7,742.7,742.7,742.7,742.7,742.7,742.7,742.7,742.7,742.7,742.7,742.7,742.7,742.7,742.7,742.7,742.7,742.7,742.7,742.7,742.7,742.7,742.7,742.7,742.7,742.7,742.7,742.7,742.7,742.7,742.7,742.7,742.7,742.7,742.7,742.7,742.7,742.7,742.7,742.7,742.7,742.7,742.7,742.7,742.7,742.7,742.7,742.7,742.7,742.7,742.7,742.7,742.7,0.0
370,4,LN,nuclear,0.0,903.0,903.0,903.0,903.0,903.0,903.0,903.0,903.0,539.4703050489052,903.0,903.0,903.0,903.0,903.0,903.0,903.0,903.0,903.0,903.0,903.0,903.0,903.0,903.0,903.0,903.0,903.0,903.0,903.0,903.0,903.0,903.0,903.0,903.0,903.0,903.0,903.0,903.0,903.0,903.0,903.0,903.0,903.0,903.0,903.0,903.0,903.0,903.0,903.0,903.0,903.0,903.0,903.0,903.0,903.0,903.0,903.0,903.0,903.0,903.0,903.0,903.0,903.0,903.0,903.0,903.0,903.0,903.0,903.0,903.0,903.0,903.0,903.0,903.0,903.0,903.0,903.0,903.0,903.0,903.0,903.0,903.0,903.0,903.0,903.0,903.0,903.0,903.0,903.0,903.0,903.0,903.0,903.0,903.0,903.0,903.0,903.0,903.0,903.0,903.0,903.0,903.0,903.0,903.0,903.0,903.0,903.0,903.0,903.0,903.0,903.0,903.0,903.0,903.0,903.0,903.0,903.0,903.0,903.0,903.0,903.0,903.0,903.0,903.0,903.0,903.0,903.0,903.0,903.0,903.0,903.0,903.0,903.0,903.0,903.0,903.0,903.0,903.0,903.0,903.0,903.0,903.0,903.0,903.0,903.0,903.0,903.0,903.0,903.0,903.0,903.0,903.0,903.0,903.0,903.0,903.0,903.0,903.0,903.0,903.0,903.0,903.0,903.0,903.0,903.0,903.0,903.0,0.0
371,4,LN,nuclear,0.0,903.0,903.0,903.0,903.0,903.0,903.0,903.0,903.0,903.0,903.0,903.0,903.0,903.0,593.163039401071,903.0,903.0,903.0,903.0,903.0,903.0,903.0,903.0,903.0,903.0,903.0,903.0,903.0,903.0,903.0,903.0,903.0,903.0,903.0,903.0,903.0,903.0,903.0,903.0,903.0,903.0,903.0,903.0,903.0,903.0,903.0,903.0,903.0,903.0,903.0,903.0,903.0,903.0,903.0,903.0,903.0,903.0,903.0,903.0,903.0,903.0,903.0,903.0,903.0,903.0,903.0,903.0,903.0,903.0,903.0,903.0,903.0,903.0,903.0,903.0,903.0,903.0,903.0,903.0,903.0,903.0,903.0,903.0,903.0,903.0,903.0,903.0,903.0,903.0,903.0,903.0,903.0,903.0,903.0,903.0,903.0,903.0,903.0,903.0,903.0,903.0,903.0,903.0,903.0,903.0,903.0,903.0,903.0,903.0,903.0,903.0,903.0,903.0,903.0,903.0,903.0,903.0,903.0,903.0,903.0,903.0,903.0,903.0,903.0,903.0,903.0,903.0,903.0,903.0,903.0,903.0,903.0,903.0,903.0,903.0,903.0,903.0,903.0,903.0,903.0,903.0,903.0,903.0,903.0,903.0,903.0,903.0,903.0,903.0,903.0,903.0,903.0,903.0,903.0,903.0,903.0,903.0,903.0,903.0,903.0,903.0,903.0,903.0,903.0,903.0,903.0,903.0,0.0
372,4,LN,nuclear,0.0,889.0,889.0,889.0,889.0,889.0,889.0,889.0,889.0,889.0,889.0,540.3521623882652,889.0,889.0,889.0,889.0,889.0,889.0,889.0,889.0,889.0,889.0,889.0,889.0,889.0,889.0,889.0,889.0,889.0,889.0,889.0,889.0,889.0,889.0,889.0,889.0,889.0,889.0,889.0,889.0,889.0,889.0,889.0,889.0,889.0,889.0,889.0,889.0,889.0,889.0,889.0,889.0,889.0,889.0,889.0,889.0,889.0,889.0,889.0,889.0,889.0,889.0,889.0,889.0,889.0,889.0,889.0,889.0,889.0,889.0,889.0,889.0,889.0,889.0,889.0,889.0,889.0,889.0,889.0,889.0,889.0,889.0,889.0,889.0,889.0,889.0,889.0,889.0,889.0,889.0,889.0,889.0,889.0,889.0,889.0,889.0,889.0,889.0,889.0,889.0,889.0,889.0,889.0,889.0,889.0,889.0,889.0,889.0,889.0,889.0,889.0,889.0,889.0,889.0,889.0,889.0,889.0,889.0,889.0,889.0,889.0,889.0,889.0,889.0,889.0,889.0,889.0,889.0,889.0,889.0,889.0,889.0,889.0,889.0,889.0,889.0,889.0,889.0,889.0,889.0,889.0,889.0,889.0,889.0,889.0,889.0,889.0,889.0,889.0,889.0,889.0,889.0,889.0,889.0,889.0,889.0,889.0,889.0,889.0,889.0,889.0,889.0,889.0,889.0,889.0,889.0,889.0,0.0
373,4,LN,nuclear,0.0,889.0,889.0,889.0,889.0,889.0,889.0,889.0,687.3462520374783,889.0,889.0,889.0,720.4308752351783,846.1955408281344,889.0,889.0,889.0,889.0,889.0,889.0,889.0,889.0,889.0,889.0,889.0,889.0,889.0,889.0,889.0,889.0,889.0,889.0,889.0,889.0,889.0,889.0,889.0,889.0,889.0,889.0,889.0,889.0,889.0,889.0,889.0,889.0,889.0,889.0,889.0,889.0,889.0,889.0,889.0,889.0,889.0,889.0,889.0,889.0,889.0,889.0,889.0,889.0,889.0,889.0,889.0,889.0,889.0,889.0,889.0,889.0,889.0,889.0,889.0,889.0,889.0,889.0,889.0,889.0,889.0,889.0,889.0,889.0,889.0,889.0,889.0,889.0,889.0,889.0,889.0,889.0,889.0,889.0,889.0,889.0,889.0,889.0,889.0,889.0,889.0,889.0,889.0,889.0,889.0,889.0,889.0,889.0,889.0,889.0,889.0,889.0,889.0,889.0,889.0,889.0,889.0,889.0,889.0,889.0,889.0,889.0,889.0,889.0,889.0,889.0,889.0,889.0,889.0,889.0,889.0,889.0,889.0,889.0,889.0,889.0,889.0,889.0,889.0,889.0,889.0,889.0,889.0,889.0,889.0,889.0,889.0,889.0,889.0,889.0,889.0,889.0,889.0,889.0,889.0,889.0,889.0,889.0,889.0,889.0,889.0,889.0,889.0,889.0,889.0,889.0,889.0,889.0,889.0,0.0
374,4,LN,natural_gas_fired_combined_cycle,0.0,0.0,0.0,0.0,0.0,0.0,0.0,0.0,0.0,0.0,0.0,0.0,0.0,0.0,0.0,0.0,0.0,0.0,0.0,0.0,0.0,0.0,0.0,0.0,0.0,0.0,0.0,0.0,0.0,0.0,0.0,0.0,0.0,0.0,0.0,0.0,0.0,0.0,0.0,0.0,0.0,0.0,0.0,0.0,0.0,0.0,0.0,0.0,0.0,0.0,0.0,0.0,0.0,0.0,0.0,0.0,0.0,0.0,0.0,0.0,0.0,0.0,0.0,0.0,0.0,0.0,0.0,0.0,0.0,0.0,0.0,0.0,0.0,0.0,0.0,0.0,0.0,0.0,0.0,0.0,0.0,0.0,0.0,0.0,0.0,0.0,0.0,0.0,0.0,0.0,0.0,0.0,0.0,0.0,0.0,0.0,0.0,0.0,0.0,0.0,0.0,0.0,0.0,0.0,0.0,0.0,0.0,0.0,0.0,0.0,0.0,0.0,0.0,0.0,0.0,0.0,0.0,0.0,0.0,0.0,0.0,0.0,0.0,0.0,0.0,0.0,0.0,0.0,0.0,0.0,0.0,0.0,0.0,0.0,0.0,0.0,0.0,0.0,0.0,0.0,0.0,0.0,0.0,0.0,0.0,0.0,0.0,0.0,0.0,0.0,0.0,0.0,0.0,0.0,0.0,0.0,0.0,0.0,0.0,0.0,0.0,0.0,0.0,0.0,0.0,0.0,0.0,0.0
375,4,LN,natural_gas_fired_combined_cycle,0.0,0.0,0.0,0.0,0.0,0.0,0.0,0.0,0.0,0.0,0.0,0.0,0.0,0.0,0.0,0.0,0.0,0.0,0.0,0.0,0.0,0.0,0.0,0.0,0.0,0.0,0.0,0.0,0.0,0.0,0.0,0.0,0.0,0.0,0.0,0.0,0.0,0.0,0.0,0.0,0.0,0.0,0.0,0.0,0.0,0.0,0.0,0.0,0.0,0.0,0.0,0.0,0.0,0.0,0.0,0.0,0.0,0.0,0.0,0.0,0.0,0.0,0.0,0.0,0.0,0.0,0.0,0.0,0.0,0.0,0.0,0.0,0.0,0.0,0.0,0.0,0.0,0.0,0.0,0.0,0.0,0.0,0.0,0.0,0.0,0.0,0.0,0.0,0.0,0.0,0.0,0.0,0.0,0.0,0.0,0.0,0.0,0.0,0.0,0.0,0.0,0.0,0.0,0.0,0.0,0.0,0.0,0.0,0.0,0.0,0.0,0.0,0.0,0.0,0.0,0.0,0.0,0.0,0.0,0.0,0.0,0.0,0.0,0.0,0.0,0.0,0.0,0.0,0.0,0.0,0.0,0.0,0.0,0.0,0.0,0.0,0.0,0.0,0.0,0.0,0.0,0.0,0.0,0.0,0.0,0.0,0.0,0.0,0.0,0.0,0.0,0.0,0.0,0.0,0.0,0.0,0.0,0.0,0.0,0.0,0.0,0.0,0.0,0.0,0.0,0.0,0.0,0.0
379,5,SD,conventional_steam_coal,0.0,0.0,0.0,0.0,0.0,0.0,0.0,0.0,0.0,0.0,0.0,0.0,0.0,0.0,0.0,0.0,0.0,0.0,0.0,0.0,0.0,0.0,0.0,0.0,0.0,0.0,0.0,0.0,0.0,0.0,0.0,0.0,0.0,0.0,0.0,0.0,0.0,0.0,0.0,0.0,0.0,0.0,0.0,0.0,0.0,0.0,0.0,0.0,0.0,0.0,0.0,0.0,0.0,0.0,0.0,0.0,0.0,0.0,0.0,0.0,0.0,0.0,0.0,0.0,0.0,0.0,0.0,0.0,0.0,0.0,0.0,0.0,0.0,0.0,0.0,0.0,0.0,0.0,0.0,0.0,0.0,0.0,0.0,0.0,0.0,0.0,0.0,0.0,0.0,0.0,0.0,0.0,0.0,0.0,0.0,0.0,0.0,0.0,0.0,0.0,0.0,0.0,0.0,0.0,0.0,0.0,0.0,0.0,0.0,0.0,0.0,0.0,0.0,0.0,0.0,0.0,0.0,0.0,0.0,0.0,0.0,0.0,0.0,0.0,0.0,0.0,0.0,0.0,0.0,0.0,0.0,0.0,0.0,0.0,0.0,0.0,0.0,0.0,0.0,0.0,0.0,0.0,0.0,0.0,0.0,0.0,0.0,0.0,0.0,0.0,0.0,0.0,0.0,0.0,0.0,0.0,0.0,0.0,0.0,0.0,0.0,0.0,0.0,0.0,0.0,0.0,0.0,0.0
380,6,JB,conventional_steam_coal,0.0,0.0,0.0,0.0,0.0,0.0,0.0,0.0,0.0,0.0,0.0,0.0,0.0,0.0,0.0,0.0,0.0,0.0,0.0,0.0,0.0,0.0,0.0,0.0,0.0,0.0,0.0,0.0,0.0,0.0,0.0,0.0,0.0,0.0,0.0,0.0,0.0,0.0,0.0,0.0,0.0,0.0,0.0,0.0,0.0,0.0,0.0,0.0,0.0,0.0,0.0,0.0,0.0,0.0,0.0,0.0,0.0,0.0,0.0,0.0,0.0,0.0,0.0,0.0,0.0,0.0,0.0,0.0,0.0,0.0,0.0,0.0,0.0,0.0,0.0,0.0,0.0,0.0,0.0,0.0,0.0,0.0,0.0,0.0,0.0,0.0,0.0,0.0,0.0,0.0,0.0,0.0,0.0,0.0,0.0,0.0,0.0,0.0,0.0,0.0,0.0,0.0,0.0,0.0,0.0,0.0,0.0,0.0,0.0,0.0,0.0,0.0,0.0,0.0,0.0,0.0,0.0,0.0,0.0,0.0,0.0,0.0,0.0,0.0,0.0,0.0,0.0,0.0,0.0,0.0,0.0,0.0,0.0,0.0,0.0,0.0,0.0,0.0,0.0,0.0,0.0,0.0,0.0,0.0,0.0,0.0,0.0,0.0,0.0,0.0,0.0,0.0,0.0,0.0,0.0,0.0,0.0,0.0,0.0,0.0,0.0,0.0,0.0,0.0,0.0,0.0,0.0,0.0
350,1,HL,hydroelectric_pumped_storage,0.0,0.0,0.0,0.0,0.0,0.0,0.0,0.0,0.0,0.0,0.0,0.0,0.0,0.0,0.0,0.0,0.0,0.0,0.0,0.0,0.0,0.0,0.0,0.0,0.0,0.0,0.0,0.0,0.0,0.0,0.0,0.0,0.0,0.0,0.0,0.0,0.0,0.0,0.0,0.0,0.0,0.0,0.0,0.0,0.0,0.0,0.0,0.0,0.0,0.0,0.0,0.0,0.0,0.0,0.0,0.0,0.0,0.0,0.0,0.0,0.0,0.0,0.0,0.0,0.0,0.0,0.0,0.0,0.0,0.0,0.0,0.0,0.0,0.0,0.0,0.0,0.0,0.0,0.0,0.0,0.0,0.0,0.0,0.0,0.0,0.0,0.0,0.0,0.0,0.0,0.0,0.0,0.0,0.0,0.0,0.0,0.0,0.0,0.0,0.0,0.0,0.0,0.0,0.0,0.0,0.0,0.0,0.0,0.0,0.0,0.0,0.0,0.0,0.0,0.0,0.0,0.0,0.0,0.0,0.0,0.0,0.0,0.0,0.0,0.0,0.0,0.0,0.0,0.0,0.0,0.0,0.0,0.0,0.0,0.0,0.0,0.0,0.0,0.0,0.0,0.0,0.0,0.0,0.0,0.0,0.0,0.0,0.0,0.0,0.0,0.0,0.0,0.0,0.0,0.0,0.0,0.0,0.0,0.0,0.0,0.0,0.0,0.0,0.0,0.0,0.0,0.0,0.0
352,1,HL,batteries,0.0,0.0,0.0,0.0,0.0,0.0,0.0,0.0,0.0,0.0,0.0,0.0,0.0,0.0,0.0,0.0,0.0,0.0,0.0,0.0,0.0,0.0,0.0,0.0,0.0,0.0,0.0,0.0,0.0,0.0,0.0,0.0,0.0,0.0,0.0,0.0,0.0,0.0,0.0,0.0,0.0,0.0,0.0,0.0,0.0,0.0,0.0,0.0,0.0,0.0,0.0,0.0,0.0,0.0,0.0,0.0,0.0,0.0,0.0,0.0,0.0,0.0,0.0,0.0,0.0,0.0,0.0,0.0,0.0,0.0,0.0,0.0,0.0,0.0,0.0,0.0,0.0,0.0,0.0,0.0,0.0,0.0,0.0,0.0,0.0,0.0,0.0,0.0,0.0,0.0,0.0,0.0,0.0,0.0,0.0,0.0,0.0,0.0,0.0,0.0,0.0,0.0,0.0,0.0,0.0,0.0,0.0,0.0,0.0,0.0,0.0,0.0,0.0,0.0,0.0,0.0,0.0,0.0,0.0,0.0,0.0,0.0,0.0,0.0,0.0,0.0,0.0,0.0,0.0,0.0,0.0,0.0,0.0,0.0,0.0,0.0,0.0,0.0,0.0,0.0,0.0,0.0,0.0,0.0,0.0,0.0,0.0,0.0,0.0,0.0,0.0,0.0,0.0,0.0,0.0,0.0,0.0,0.0,0.0,0.0,0.0,0.0,0.0,0.0,0.0,0.0,0.0,0.0
355,2,IME,hydroelectric_pumped_storage,0.0,0.0,0.0,0.0,0.0,0.0,0.0,0.0,0.0,0.0,0.0,0.0,0.0,0.0,0.0,0.0,0.0,0.0,0.0,0.0,0.0,0.0,0.0,0.0,0.0,0.0,0.0,0.0,0.0,0.0,0.0,0.0,0.0,0.0,0.0,0.0,0.0,0.0,0.0,0.0,0.0,0.0,0.0,0.0,0.0,0.0,0.0,0.0,0.0,0.0,0.0,0.0,0.0,0.0,0.0,0.0,0.0,0.0,0.0,0.0,0.0,0.0,0.0,0.0,0.0,0.0,0.0,0.0,0.0,0.0,0.0,0.0,0.0,0.0,0.0,0.0,0.0,0.0,0.0,0.0,0.0,0.0,0.0,0.0,0.0,0.0,0.0,0.0,0.0,0.0,0.0,0.0,0.0,0.0,0.0,0.0,0.0,0.0,0.0,0.0,0.0,0.0,0.0,0.0,0.0,0.0,0.0,0.0,0.0,0.0,0.0,0.0,0.0,0.0,0.0,0.0,0.0,0.0,0.0,0.0,0.0,0.0,0.0,0.0,0.0,0.0,0.0,0.0,0.0,0.0,0.0,0.0,0.0,0.0,0.0,0.0,0.0,0.0,0.0,0.0,0.0,0.0,0.0,0.0,0.0,0.0,0.0,0.0,0.0,0.0,0.0,0.0,0.0,0.0,0.0,0.0,0.0,0.0,0.0,0.0,0.0,0.0,0.0,0.0,0.0,0.0,0.0,0.0
357,2,IME,batteries,0.0,0.0,0.0,0.0,0.0,0.0,0.0,0.0,0.0,0.0,0.0,0.0,0.0,0.0,0.0,0.0,0.0,0.0,0.0,0.0,0.0,0.0,0.0,0.0,0.0,0.0,0.0,0.0,0.0,0.0,0.0,0.0,0.0,0.0,0.0,0.0,0.0,0.0,0.0,0.0,0.0,0.0,0.0,0.0,0.0,0.0,0.0,0.0,0.0,0.0,0.0,0.0,0.0,0.0,0.0,0.0,0.0,0.0,0.0,0.0,0.0,0.0,0.0,0.0,0.0,0.0,0.0,0.0,0.0,0.0,0.0,0.0,0.0,0.0,0.0,0.0,0.0,0.0,0.0,0.0,0.0,0.0,0.0,0.0,0.0,0.0,0.0,0.0,0.0,0.0,0.0,0.0,0.0,0.0,0.0,0.0,0.0,0.0,0.0,0.0,0.0,0.0,0.0,0.0,0.0,0.0,0.0,0.0,0.0,0.0,0.0,0.0,0.0,0.0,0.0,0.0,0.0,0.0,0.0,0.0,0.0,0.0,0.0,0.0,0.0,0.0,0.0,0.0,0.0,0.0,0.0,0.0,0.0,0.0,0.0,0.0,0.0,0.0,0.0,0.0,0.0,0.0,0.0,0.0,0.0,0.0,0.0,0.0,0.0,0.0,0.0,0.0,0.0,0.0,0.0,0.0,0.0,0.0,0.0,0.0,0.0,0.0,0.0,0.0,0.0,0.0,0.0,0.0
360,3,JL,hydroelectric_pumped_storage,0.0,0.0,0.0,0.0,0.0,0.0,0.0,0.0,0.0,0.0,0.0,0.0,0.0,0.0,0.0,0.0,0.0,0.0,0.0,0.0,0.0,0.0,0.0,0.0,0.0,0.0,0.0,0.0,0.0,0.0,0.0,0.0,0.0,0.0,0.0,0.0,0.0,0.0,0.0,0.0,0.0,0.0,0.0,0.0,0.0,0.0,0.0,0.0,0.0,0.0,0.0,0.0,0.0,0.0,0.0,0.0,0.0,0.0,0.0,0.0,0.0,0.0,0.0,0.0,0.0,0.0,0.0,0.0,0.0,0.0,0.0,0.0,0.0,0.0,0.0,0.0,0.0,0.0,0.0,0.0,0.0,0.0,0.0,0.0,0.0,0.0,0.0,0.0,0.0,0.0,0.0,0.0,0.0,0.0,0.0,0.0,0.0,0.0,0.0,0.0,0.0,0.0,0.0,0.0,0.0,0.0,0.0,0.0,0.0,0.0,0.0,0.0,0.0,0.0,0.0,0.0,0.0,0.0,0.0,0.0,0.0,0.0,0.0,0.0,0.0,0.0,0.0,0.0,0.0,0.0,0.0,0.0,0.0,0.0,0.0,0.0,0.0,0.0,0.0,0.0,0.0,0.0,0.0,0.0,0.0,0.0,0.0,0.0,0.0,0.0,0.0,0.0,0.0,0.0,0.0,0.0,0.0,0.0,0.0,0.0,0.0,0.0,0.0,0.0,0.0,0.0,0.0,0.0
362,3,JL,batteries,0.0,0.0,0.0,0.0,0.0,0.0,0.0,0.0,0.0,0.0,0.0,0.0,0.0,0.0,0.0,0.0,0.0,0.0,0.0,0.0,0.0,0.0,0.0,0.0,0.0,0.0,0.0,0.0,0.0,0.0,0.0,0.0,0.0,0.0,0.0,0.0,0.0,0.0,0.0,0.0,0.0,0.0,0.0,0.0,0.0,0.0,0.0,0.0,0.0,0.0,0.0,0.0,0.0,0.0,0.0,0.0,0.0,0.0,0.0,0.0,0.0,0.0,0.0,0.0,0.0,0.0,0.0,0.0,0.0,0.0,0.0,0.0,0.0,0.0,0.0,0.0,0.0,0.0,0.0,0.0,0.0,0.0,0.0,0.0,0.0,0.0,0.0,0.0,0.0,0.0,0.0,0.0,0.0,0.0,0.0,0.0,0.0,0.0,0.0,0.0,0.0,0.0,0.0,0.0,0.0,0.0,0.0,0.0,0.0,0.0,0.0,0.0,0.0,0.0,0.0,0.0,0.0,0.0,0.0,0.0,0.0,0.0,0.0,0.0,0.0,0.0,0.0,0.0,0.0,0.0,0.0,0.0,0.0,0.0,0.0,0.0,0.0,0.0,0.0,0.0,0.0,0.0,0.0,0.0,0.0,0.0,0.0,0.0,0.0,0.0,0.0,0.0,0.0,0.0,0.0,0.0,0.0,0.0,0.0,0.0,0.0,0.0,0.0,0.0,0.0,0.0,0.0,0.0
376,4,LN,hydroelectric_pumped_storage,0.0,0.0,0.0,0.0,0.0,0.0,0.0,0.0,0.0,0.0,0.0,0.0,0.0,0.0,0.0,0.0,0.0,0.0,0.0,0.0,0.0,0.0,0.0,0.0,0.0,0.0,0.0,0.0,0.0,0.0,0.0,0.0,0.0,0.0,0.0,0.0,0.0,0.0,0.0,0.0,0.0,0.0,0.0,0.0,0.0,0.0,0.0,0.0,0.0,0.0,0.0,0.0,0.0,0.0,0.0,0.0,0.0,0.0,0.0,0.0,0.0,0.0,0.0,0.0,0.0,0.0,0.0,0.0,0.0,0.0,0.0,0.0,0.0,0.0,0.0,0.0,0.0,0.0,0.0,0.0,0.0,0.0,0.0,0.0,0.0,0.0,0.0,0.0,0.0,0.0,0.0,0.0,0.0,0.0,0.0,0.0,0.0,0.0,0.0,0.0,0.0,0.0,0.0,0.0,0.0,0.0,0.0,0.0,0.0,0.0,0.0,0.0,0.0,0.0,0.0,0.0,0.0,0.0,0.0,0.0,0.0,0.0,0.0,0.0,0.0,0.0,0.0,0.0,0.0,0.0,0.0,0.0,0.0,0.0,0.0,0.0,0.0,0.0,0.0,0.0,0.0,0.0,0.0,0.0,0.0,0.0,0.0,0.0,0.0,0.0,0.0,0.0,0.0,0.0,0.0,0.0,0.0,0.0,0.0,0.0,0.0,0.0,0.0,0.0,0.0,0.0,0.0,0.0
378,4,LN,batteries,0.0,0.0,0.0,0.0,0.0,0.0,0.0,0.0,0.0,0.0,0.0,0.0,0.0,0.0,0.0,0.0,0.0,0.0,0.0,0.0,0.0,0.0,0.0,0.0,0.0,0.0,0.0,0.0,0.0,0.0,0.0,0.0,0.0,0.0,0.0,0.0,0.0,0.0,0.0,0.0,0.0,0.0,0.0,0.0,0.0,0.0,0.0,0.0,0.0,0.0,0.0,0.0,0.0,0.0,0.0,0.0,0.0,0.0,0.0,0.0,0.0,0.0,0.0,0.0,0.0,0.0,0.0,0.0,0.0,0.0,0.0,0.0,0.0,0.0,0.0,0.0,0.0,0.0,0.0,0.0,0.0,0.0,0.0,0.0,0.0,0.0,0.0,0.0,0.0,0.0,0.0,0.0,0.0,0.0,0.0,0.0,0.0,0.0,0.0,0.0,0.0,0.0,0.0,0.0,0.0,0.0,0.0,0.0,0.0,0.0,0.0,0.0,0.0,0.0,0.0,0.0,0.0,0.0,0.0,0.0,0.0,0.0,0.0,0.0,0.0,0.0,0.0,0.0,0.0,0.0,0.0,0.0,0.0,0.0,0.0,0.0,0.0,0.0,0.0,0.0,0.0,0.0,0.0,0.0,0.0,0.0,0.0,0.0,0.0,0.0,0.0,0.0,0.0,0.0,0.0,0.0,0.0,0.0,0.0,0.0,0.0,0.0,0.0,0.0,0.0,0.0,0.0,0.0
