hour,tech,dispatch,zone,period
1,net_export,-1e-10,hl,2021 week 6
2,net_export,-1e-10,hl,2021 week 6
3,net_export,-1e-10,hl,2021 week 6
4,net_export,-1e-10,hl,2021 week 6
5,net_export,-1e-10,hl,2021 week 6
6,net_export,-1e-10,hl,2021 week 6
7,net_export,-1e-10,hl,2021 week 6
8,net_export,-1e-10,hl,2021 week 6
9,net_export,-1e-10,hl,2021 week 6
10,net_export,-1e-10,hl,2021 week 6
11,net_export,-1e-10,hl,2021 week 6
12,net_export,-1e-10,hl,2021 week 6
13,net_export,-1e-10,hl,2021 week 6
14,net_export,-1e-10,hl,2021 week 6
15,net_export,-1e-10,hl,2021 week 6
16,net_export,-1e-10,hl,2021 week 6
17,net_export,-1e-10,hl,2021 week 6
18,net_export,-1e-10,hl,2021 week 6
19,net_export,-1e-10,hl,2021 week 6
20,net_export,-1e-10,hl,2021 week 6
21,net_export,-1e-10,hl,2021 week 6
22,net_export,-1e-10,hl,2021 week 6
23,net_export,-1e-10,hl,2021 week 6
24,net_export,-1e-10,hl,2021 week 6
25,net_export,-1e-10,hl,2021 week 6
26,net_export,-1e-10,hl,2021 week 6
27,net_export,-1e-10,hl,2021 week 6
28,net_export,-1e-10,hl,2021 week 6
29,net_export,-1e-10,hl,2021 week 6
30,net_export,-1e-10,hl,2021 week 6
31,net_export,-1e-10,hl,2021 week 6
32,net_export,-1e-10,hl,2021 week 6
33,net_export,-1e-10,hl,2021 week 6
34,net_export,-1e-10,hl,2021 week 6
35,net_export,-1e-10,hl,2021 week 6
36,net_export,-1e-10,hl,2021 week 6
37,net_export,-1e-10,hl,2021 week 6
38,net_export,-1e-10,hl,2021 week 6
39,net_export,-1e-10,hl,2021 week 6
40,net_export,-1e-10,hl,2021 week 6
41,net_export,-1e-10,hl,2021 week 6
42,net_export,-1e-10,hl,2021 week 6
43,net_export,-1e-10,hl,2021 week 6
44,net_export,-1e-10,hl,2021 week 6
45,net_export,-1e-10,hl,2021 week 6
46,net_export,-1e-10,hl,2021 week 6
47,net_export,-1e-10,hl,2021 week 6
48,net_export,-1e-10,hl,2021 week 6
49,net_export,-1e-10,hl,2021 week 6
50,net_export,-1e-10,hl,2021 week 6
51,net_export,-1e-10,hl,2021 week 6
52,net_export,-1e-10,hl,2021 week 6
53,net_export,-1e-10,hl,2021 week 6
54,net_export,-1e-10,hl,2021 week 6
55,net_export,-1e-10,hl,2021 week 6
56,net_export,-1e-10,hl,2021 week 6
57,net_export,-1e-10,hl,2021 week 6
58,net_export,-1e-10,hl,2021 week 6
59,net_export,-1e-10,hl,2021 week 6
60,net_export,-1e-10,hl,2021 week 6
61,net_export,-1e-10,hl,2021 week 6
62,net_export,-1e-10,hl,2021 week 6
63,net_export,-1e-10,hl,2021 week 6
64,net_export,-1e-10,hl,2021 week 6
65,net_export,-1e-10,hl,2021 week 6
66,net_export,-1e-10,hl,2021 week 6
67,net_export,-1e-10,hl,2021 week 6
68,net_export,-1e-10,hl,2021 week 6
69,net_export,-224.59329049919347,hl,2021 week 6
70,net_export,-1774.014889611533,hl,2021 week 6
71,net_export,-1e-10,hl,2021 week 6
72,net_export,-1e-10,hl,2021 week 6
73,net_export,-1e-10,hl,2021 week 6
74,net_export,-1e-10,hl,2021 week 6
75,net_export,-1e-10,hl,2021 week 6
76,net_export,-1e-10,hl,2021 week 6
77,net_export,-1e-10,hl,2021 week 6
78,net_export,-1e-10,hl,2021 week 6
79,net_export,-1e-10,hl,2021 week 6
80,net_export,-1e-10,hl,2021 week 6
81,net_export,-1e-10,hl,2021 week 6
82,net_export,-1e-10,hl,2021 week 6
83,net_export,-1e-10,hl,2021 week 6
84,net_export,-1e-10,hl,2021 week 6
85,net_export,-1e-10,hl,2021 week 6
86,net_export,-1e-10,hl,2021 week 6
87,net_export,-1e-10,hl,2021 week 6
88,net_export,-1e-10,hl,2021 week 6
89,net_export,-1e-10,hl,2021 week 6
90,net_export,-1e-10,hl,2021 week 6
91,net_export,-298.3428780689997,hl,2021 week 6
92,net_export,-1e-10,hl,2021 week 6
93,net_export,-1e-10,hl,2021 week 6
94,net_export,-484.5118166565001,hl,2021 week 6
95,net_export,-1e-10,hl,2021 week 6
96,net_export,-1e-10,hl,2021 week 6
97,net_export,-1e-10,hl,2021 week 6
98,net_export,-1e-10,hl,2021 week 6
99,net_export,-1e-10,hl,2021 week 6
100,net_export,-1e-10,hl,2021 week 6
101,net_export,-1e-10,hl,2021 week 6
102,net_export,-1e-10,hl,2021 week 6
103,net_export,-1e-10,hl,2021 week 6
104,net_export,-1e-10,hl,2021 week 6
105,net_export,-1e-10,hl,2021 week 6
106,net_export,-1e-10,hl,2021 week 6
107,net_export,-1e-10,hl,2021 week 6
108,net_export,-323.70176169281063,hl,2021 week 6
109,net_export,-1353.8686015350002,hl,2021 week 6
110,net_export,-1022.1555606399992,hl,2021 week 6
111,net_export,-1237.2962135485986,hl,2021 week 6
112,net_export,-1150.4054580953357,hl,2021 week 6
113,net_export,-424.66868759400006,hl,2021 week 6
114,net_export,-1649.8246118728011,hl,2021 week 6
115,net_export,-3299.374627195665,hl,2021 week 6
116,net_export,-2546.1663072335964,hl,2021 week 6
117,net_export,-2464.599444708387,hl,2021 week 6
118,net_export,-2630.487126910501,hl,2021 week 6
119,net_export,-1243.449412799047,hl,2021 week 6
120,net_export,-1e-10,hl,2021 week 6
121,net_export,-1e-10,hl,2021 week 6
122,net_export,-1e-10,hl,2021 week 6
123,net_export,-1e-10,hl,2021 week 6
124,net_export,-1e-10,hl,2021 week 6
125,net_export,-1e-10,hl,2021 week 6
126,net_export,-1e-10,hl,2021 week 6
127,net_export,-1e-10,hl,2021 week 6
128,net_export,-1e-10,hl,2021 week 6
129,net_export,-1e-10,hl,2021 week 6
130,net_export,-1e-10,hl,2021 week 6
131,net_export,-1e-10,hl,2021 week 6
132,net_export,-1e-10,hl,2021 week 6
133,net_export,-1e-10,hl,2021 week 6
134,net_export,-1e-10,hl,2021 week 6
135,net_export,-1e-10,hl,2021 week 6
136,net_export,-1e-10,hl,2021 week 6
137,net_export,-1e-10,hl,2021 week 6
138,net_export,-1e-10,hl,2021 week 6
139,net_export,-1e-10,hl,2021 week 6
140,net_export,-1e-10,hl,2021 week 6
141,net_export,-1e-10,hl,2021 week 6
142,net_export,-220.34462879550148,hl,2021 week 6
143,net_export,-1e-10,hl,2021 week 6
144,net_export,-1e-10,hl,2021 week 6
145,net_export,-1e-10,hl,2021 week 6
146,net_export,-1e-10,hl,2021 week 6
147,net_export,-1e-10,hl,2021 week 6
148,net_export,-1e-10,hl,2021 week 6
149,net_export,-1e-10,hl,2021 week 6
150,net_export,-1e-10,hl,2021 week 6
151,net_export,-1e-10,hl,2021 week 6
152,net_export,-1e-10,hl,2021 week 6
153,net_export,-1e-10,hl,2021 week 6
154,net_export,-1e-10,hl,2021 week 6
155,net_export,-1e-10,hl,2021 week 6
156,net_export,-1e-10,hl,2021 week 6
157,net_export,-1e-10,hl,2021 week 6
158,net_export,-1e-10,hl,2021 week 6
159,net_export,-1e-10,hl,2021 week 6
160,net_export,-1e-10,hl,2021 week 6
161,net_export,-1e-10,hl,2021 week 6
162,net_export,-1e-10,hl,2021 week 6
163,net_export,-1e-10,hl,2021 week 6
164,net_export,-1e-10,hl,2021 week 6
165,net_export,-1e-10,hl,2021 week 6
166,net_export,-1e-10,hl,2021 week 6
167,net_export,-1e-10,hl,2021 week 6
168,net_export,-1e-10,hl,2021 week 6
1,charge,-1e-10,hl,2021 week 6
2,charge,-1e-10,hl,2021 week 6
3,charge,-1e-10,hl,2021 week 6
4,charge,-1e-10,hl,2021 week 6
5,charge,-1e-10,hl,2021 week 6
6,charge,-1e-10,hl,2021 week 6
7,charge,-1e-10,hl,2021 week 6
8,charge,-1e-10,hl,2021 week 6
9,charge,-1e-10,hl,2021 week 6
10,charge,-1e-10,hl,2021 week 6
11,charge,-1e-10,hl,2021 week 6
12,charge,-1e-10,hl,2021 week 6
13,charge,-1e-10,hl,2021 week 6
14,charge,-1e-10,hl,2021 week 6
15,charge,-1e-10,hl,2021 week 6
16,charge,-1e-10,hl,2021 week 6
17,charge,-1e-10,hl,2021 week 6
18,charge,-1e-10,hl,2021 week 6
19,charge,-1e-10,hl,2021 week 6
20,charge,-1e-10,hl,2021 week 6
21,charge,-1e-10,hl,2021 week 6
22,charge,-1e-10,hl,2021 week 6
23,charge,-1e-10,hl,2021 week 6
24,charge,-1e-10,hl,2021 week 6
25,charge,-1e-10,hl,2021 week 6
26,charge,-1e-10,hl,2021 week 6
27,charge,-1e-10,hl,2021 week 6
28,charge,-1e-10,hl,2021 week 6
29,charge,-1e-10,hl,2021 week 6
30,charge,-1e-10,hl,2021 week 6
31,charge,-1e-10,hl,2021 week 6
32,charge,-1e-10,hl,2021 week 6
33,charge,-1e-10,hl,2021 week 6
34,charge,-1e-10,hl,2021 week 6
35,charge,-1e-10,hl,2021 week 6
36,charge,-1e-10,hl,2021 week 6
37,charge,-1e-10,hl,2021 week 6
38,charge,-1e-10,hl,2021 week 6
39,charge,-1e-10,hl,2021 week 6
40,charge,-1e-10,hl,2021 week 6
41,charge,-1e-10,hl,2021 week 6
42,charge,-1e-10,hl,2021 week 6
43,charge,-1e-10,hl,2021 week 6
44,charge,-1e-10,hl,2021 week 6
45,charge,-1e-10,hl,2021 week 6
46,charge,-1e-10,hl,2021 week 6
47,charge,-1e-10,hl,2021 week 6
48,charge,-1e-10,hl,2021 week 6
49,charge,-1e-10,hl,2021 week 6
50,charge,-1e-10,hl,2021 week 6
51,charge,-1e-10,hl,2021 week 6
52,charge,-1e-10,hl,2021 week 6
53,charge,-1e-10,hl,2021 week 6
54,charge,-1e-10,hl,2021 week 6
55,charge,-1e-10,hl,2021 week 6
56,charge,-1e-10,hl,2021 week 6
57,charge,-1e-10,hl,2021 week 6
58,charge,-1e-10,hl,2021 week 6
59,charge,-1e-10,hl,2021 week 6
60,charge,-1e-10,hl,2021 week 6
61,charge,-1e-10,hl,2021 week 6
62,charge,-1e-10,hl,2021 week 6
63,charge,-1e-10,hl,2021 week 6
64,charge,-1e-10,hl,2021 week 6
65,charge,-1e-10,hl,2021 week 6
66,charge,-1e-10,hl,2021 week 6
67,charge,-1e-10,hl,2021 week 6
68,charge,-1e-10,hl,2021 week 6
69,charge,-1e-10,hl,2021 week 6
70,charge,-1e-10,hl,2021 week 6
71,charge,-1e-10,hl,2021 week 6
72,charge,-1e-10,hl,2021 week 6
73,charge,-1e-10,hl,2021 week 6
74,charge,-1e-10,hl,2021 week 6
75,charge,-1e-10,hl,2021 week 6
76,charge,-1e-10,hl,2021 week 6
77,charge,-1e-10,hl,2021 week 6
78,charge,-1e-10,hl,2021 week 6
79,charge,-1e-10,hl,2021 week 6
80,charge,-1e-10,hl,2021 week 6
81,charge,-1e-10,hl,2021 week 6
82,charge,-1e-10,hl,2021 week 6
83,charge,-1e-10,hl,2021 week 6
84,charge,-1e-10,hl,2021 week 6
85,charge,-1e-10,hl,2021 week 6
86,charge,-1e-10,hl,2021 week 6
87,charge,-1e-10,hl,2021 week 6
88,charge,-1e-10,hl,2021 week 6
89,charge,-1e-10,hl,2021 week 6
90,charge,-1e-10,hl,2021 week 6
91,charge,-1e-10,hl,2021 week 6
92,charge,-1e-10,hl,2021 week 6
93,charge,-1e-10,hl,2021 week 6
94,charge,-1e-10,hl,2021 week 6
95,charge,-1e-10,hl,2021 week 6
96,charge,-1e-10,hl,2021 week 6
97,charge,-1e-10,hl,2021 week 6
98,charge,-1e-10,hl,2021 week 6
99,charge,-1e-10,hl,2021 week 6
100,charge,-1e-10,hl,2021 week 6
101,charge,-1e-10,hl,2021 week 6
102,charge,-1e-10,hl,2021 week 6
103,charge,-1e-10,hl,2021 week 6
104,charge,-1e-10,hl,2021 week 6
105,charge,-1e-10,hl,2021 week 6
106,charge,-1e-10,hl,2021 week 6
107,charge,-1e-10,hl,2021 week 6
108,charge,-1e-10,hl,2021 week 6
109,charge,-1e-10,hl,2021 week 6
110,charge,-1e-10,hl,2021 week 6
111,charge,-1e-10,hl,2021 week 6
112,charge,-1e-10,hl,2021 week 6
113,charge,-1e-10,hl,2021 week 6
114,charge,-1e-10,hl,2021 week 6
115,charge,-1e-10,hl,2021 week 6
116,charge,-1e-10,hl,2021 week 6
117,charge,-1e-10,hl,2021 week 6
118,charge,-1e-10,hl,2021 week 6
119,charge,-1e-10,hl,2021 week 6
120,charge,-1e-10,hl,2021 week 6
121,charge,-1e-10,hl,2021 week 6
122,charge,-1e-10,hl,2021 week 6
123,charge,-1e-10,hl,2021 week 6
124,charge,-1e-10,hl,2021 week 6
125,charge,-1e-10,hl,2021 week 6
126,charge,-1e-10,hl,2021 week 6
127,charge,-1e-10,hl,2021 week 6
128,charge,-1e-10,hl,2021 week 6
129,charge,-1e-10,hl,2021 week 6
130,charge,-1e-10,hl,2021 week 6
131,charge,-1e-10,hl,2021 week 6
132,charge,-1e-10,hl,2021 week 6
133,charge,-1e-10,hl,2021 week 6
134,charge,-1e-10,hl,2021 week 6
135,charge,-1e-10,hl,2021 week 6
136,charge,-1e-10,hl,2021 week 6
137,charge,-1e-10,hl,2021 week 6
138,charge,-1e-10,hl,2021 week 6
139,charge,-1e-10,hl,2021 week 6
140,charge,-1e-10,hl,2021 week 6
141,charge,-1e-10,hl,2021 week 6
142,charge,-1e-10,hl,2021 week 6
143,charge,-1e-10,hl,2021 week 6
144,charge,-1e-10,hl,2021 week 6
145,charge,-1e-10,hl,2021 week 6
146,charge,-1e-10,hl,2021 week 6
147,charge,-1e-10,hl,2021 week 6
148,charge,-1e-10,hl,2021 week 6
149,charge,-1e-10,hl,2021 week 6
150,charge,-1e-10,hl,2021 week 6
151,charge,-1e-10,hl,2021 week 6
152,charge,-1e-10,hl,2021 week 6
153,charge,-1e-10,hl,2021 week 6
154,charge,-1e-10,hl,2021 week 6
155,charge,-1e-10,hl,2021 week 6
156,charge,-1e-10,hl,2021 week 6
157,charge,-1e-10,hl,2021 week 6
158,charge,-1e-10,hl,2021 week 6
159,charge,-1e-10,hl,2021 week 6
160,charge,-1e-10,hl,2021 week 6
161,charge,-1e-10,hl,2021 week 6
162,charge,-1e-10,hl,2021 week 6
163,charge,-1e-10,hl,2021 week 6
164,charge,-1e-10,hl,2021 week 6
165,charge,-1e-10,hl,2021 week 6
166,charge,-1e-10,hl,2021 week 6
167,charge,-1e-10,hl,2021 week 6
168,charge,-1e-10,hl,2021 week 6
1,nuclear,0.0,hl,2021 week 6
2,nuclear,0.0,hl,2021 week 6
3,nuclear,0.0,hl,2021 week 6
4,nuclear,0.0,hl,2021 week 6
5,nuclear,0.0,hl,2021 week 6
6,nuclear,0.0,hl,2021 week 6
7,nuclear,0.0,hl,2021 week 6
8,nuclear,0.0,hl,2021 week 6
9,nuclear,0.0,hl,2021 week 6
10,nuclear,0.0,hl,2021 week 6
11,nuclear,0.0,hl,2021 week 6
12,nuclear,0.0,hl,2021 week 6
13,nuclear,0.0,hl,2021 week 6
14,nuclear,0.0,hl,2021 week 6
15,nuclear,0.0,hl,2021 week 6
16,nuclear,0.0,hl,2021 week 6
17,nuclear,0.0,hl,2021 week 6
18,nuclear,0.0,hl,2021 week 6
19,nuclear,0.0,hl,2021 week 6
20,nuclear,0.0,hl,2021 week 6
21,nuclear,0.0,hl,2021 week 6
22,nuclear,0.0,hl,2021 week 6
23,nuclear,0.0,hl,2021 week 6
24,nuclear,0.0,hl,2021 week 6
25,nuclear,0.0,hl,2021 week 6
26,nuclear,0.0,hl,2021 week 6
27,nuclear,0.0,hl,2021 week 6
28,nuclear,0.0,hl,2021 week 6
29,nuclear,0.0,hl,2021 week 6
30,nuclear,0.0,hl,2021 week 6
31,nuclear,0.0,hl,2021 week 6
32,nuclear,0.0,hl,2021 week 6
33,nuclear,0.0,hl,2021 week 6
34,nuclear,0.0,hl,2021 week 6
35,nuclear,0.0,hl,2021 week 6
36,nuclear,0.0,hl,2021 week 6
37,nuclear,0.0,hl,2021 week 6
38,nuclear,0.0,hl,2021 week 6
39,nuclear,0.0,hl,2021 week 6
40,nuclear,0.0,hl,2021 week 6
41,nuclear,0.0,hl,2021 week 6
42,nuclear,0.0,hl,2021 week 6
43,nuclear,0.0,hl,2021 week 6
44,nuclear,0.0,hl,2021 week 6
45,nuclear,0.0,hl,2021 week 6
46,nuclear,0.0,hl,2021 week 6
47,nuclear,0.0,hl,2021 week 6
48,nuclear,0.0,hl,2021 week 6
49,nuclear,0.0,hl,2021 week 6
50,nuclear,0.0,hl,2021 week 6
51,nuclear,0.0,hl,2021 week 6
52,nuclear,0.0,hl,2021 week 6
53,nuclear,0.0,hl,2021 week 6
54,nuclear,0.0,hl,2021 week 6
55,nuclear,0.0,hl,2021 week 6
56,nuclear,0.0,hl,2021 week 6
57,nuclear,0.0,hl,2021 week 6
58,nuclear,0.0,hl,2021 week 6
59,nuclear,0.0,hl,2021 week 6
60,nuclear,0.0,hl,2021 week 6
61,nuclear,0.0,hl,2021 week 6
62,nuclear,0.0,hl,2021 week 6
63,nuclear,0.0,hl,2021 week 6
64,nuclear,0.0,hl,2021 week 6
65,nuclear,0.0,hl,2021 week 6
66,nuclear,0.0,hl,2021 week 6
67,nuclear,0.0,hl,2021 week 6
68,nuclear,0.0,hl,2021 week 6
69,nuclear,0.0,hl,2021 week 6
70,nuclear,0.0,hl,2021 week 6
71,nuclear,0.0,hl,2021 week 6
72,nuclear,0.0,hl,2021 week 6
73,nuclear,0.0,hl,2021 week 6
74,nuclear,0.0,hl,2021 week 6
75,nuclear,0.0,hl,2021 week 6
76,nuclear,0.0,hl,2021 week 6
77,nuclear,0.0,hl,2021 week 6
78,nuclear,0.0,hl,2021 week 6
79,nuclear,0.0,hl,2021 week 6
80,nuclear,0.0,hl,2021 week 6
81,nuclear,0.0,hl,2021 week 6
82,nuclear,0.0,hl,2021 week 6
83,nuclear,0.0,hl,2021 week 6
84,nuclear,0.0,hl,2021 week 6
85,nuclear,0.0,hl,2021 week 6
86,nuclear,0.0,hl,2021 week 6
87,nuclear,0.0,hl,2021 week 6
88,nuclear,0.0,hl,2021 week 6
89,nuclear,0.0,hl,2021 week 6
90,nuclear,0.0,hl,2021 week 6
91,nuclear,0.0,hl,2021 week 6
92,nuclear,0.0,hl,2021 week 6
93,nuclear,0.0,hl,2021 week 6
94,nuclear,0.0,hl,2021 week 6
95,nuclear,0.0,hl,2021 week 6
96,nuclear,0.0,hl,2021 week 6
97,nuclear,0.0,hl,2021 week 6
98,nuclear,0.0,hl,2021 week 6
99,nuclear,0.0,hl,2021 week 6
100,nuclear,0.0,hl,2021 week 6
101,nuclear,0.0,hl,2021 week 6
102,nuclear,0.0,hl,2021 week 6
103,nuclear,0.0,hl,2021 week 6
104,nuclear,0.0,hl,2021 week 6
105,nuclear,0.0,hl,2021 week 6
106,nuclear,0.0,hl,2021 week 6
107,nuclear,0.0,hl,2021 week 6
108,nuclear,0.0,hl,2021 week 6
109,nuclear,0.0,hl,2021 week 6
110,nuclear,0.0,hl,2021 week 6
111,nuclear,0.0,hl,2021 week 6
112,nuclear,0.0,hl,2021 week 6
113,nuclear,0.0,hl,2021 week 6
114,nuclear,0.0,hl,2021 week 6
115,nuclear,0.0,hl,2021 week 6
116,nuclear,0.0,hl,2021 week 6
117,nuclear,0.0,hl,2021 week 6
118,nuclear,0.0,hl,2021 week 6
119,nuclear,0.0,hl,2021 week 6
120,nuclear,0.0,hl,2021 week 6
121,nuclear,0.0,hl,2021 week 6
122,nuclear,0.0,hl,2021 week 6
123,nuclear,0.0,hl,2021 week 6
124,nuclear,0.0,hl,2021 week 6
125,nuclear,0.0,hl,2021 week 6
126,nuclear,0.0,hl,2021 week 6
127,nuclear,0.0,hl,2021 week 6
128,nuclear,0.0,hl,2021 week 6
129,nuclear,0.0,hl,2021 week 6
130,nuclear,0.0,hl,2021 week 6
131,nuclear,0.0,hl,2021 week 6
132,nuclear,0.0,hl,2021 week 6
133,nuclear,0.0,hl,2021 week 6
134,nuclear,0.0,hl,2021 week 6
135,nuclear,0.0,hl,2021 week 6
136,nuclear,0.0,hl,2021 week 6
137,nuclear,0.0,hl,2021 week 6
138,nuclear,0.0,hl,2021 week 6
139,nuclear,0.0,hl,2021 week 6
140,nuclear,0.0,hl,2021 week 6
141,nuclear,0.0,hl,2021 week 6
142,nuclear,0.0,hl,2021 week 6
143,nuclear,0.0,hl,2021 week 6
144,nuclear,0.0,hl,2021 week 6
145,nuclear,0.0,hl,2021 week 6
146,nuclear,0.0,hl,2021 week 6
147,nuclear,0.0,hl,2021 week 6
148,nuclear,0.0,hl,2021 week 6
149,nuclear,0.0,hl,2021 week 6
150,nuclear,0.0,hl,2021 week 6
151,nuclear,0.0,hl,2021 week 6
152,nuclear,0.0,hl,2021 week 6
153,nuclear,0.0,hl,2021 week 6
154,nuclear,0.0,hl,2021 week 6
155,nuclear,0.0,hl,2021 week 6
156,nuclear,0.0,hl,2021 week 6
157,nuclear,0.0,hl,2021 week 6
158,nuclear,0.0,hl,2021 week 6
159,nuclear,0.0,hl,2021 week 6
160,nuclear,0.0,hl,2021 week 6
161,nuclear,0.0,hl,2021 week 6
162,nuclear,0.0,hl,2021 week 6
163,nuclear,0.0,hl,2021 week 6
164,nuclear,0.0,hl,2021 week 6
165,nuclear,0.0,hl,2021 week 6
166,nuclear,0.0,hl,2021 week 6
167,nuclear,0.0,hl,2021 week 6
168,nuclear,0.0,hl,2021 week 6
1,coal,5281.567499999999,hl,2021 week 6
2,coal,5281.567499999999,hl,2021 week 6
3,coal,5281.567499999999,hl,2021 week 6
4,coal,5281.567499999999,hl,2021 week 6
5,coal,5281.567499999999,hl,2021 week 6
6,coal,5281.567499999999,hl,2021 week 6
7,coal,5281.567499999999,hl,2021 week 6
8,coal,5281.567499999999,hl,2021 week 6
9,coal,5281.567499999999,hl,2021 week 6
10,coal,5281.567499999999,hl,2021 week 6
11,coal,5946.749535999999,hl,2021 week 6
12,coal,6016.567499999999,hl,2021 week 6
13,coal,5733.867799999999,hl,2021 week 6
14,coal,5955.2946999999995,hl,2021 week 6
15,coal,6016.567499999999,hl,2021 week 6
16,coal,6840.550306323572,hl,2021 week 6
17,coal,8467.5675,hl,2021 week 6
18,coal,8467.5675,hl,2021 week 6
19,coal,8467.5675,hl,2021 week 6
20,coal,8272.658656788788,hl,2021 week 6
21,coal,8237.6925,hl,2021 week 6
22,coal,7836.349028675051,hl,2021 week 6
23,coal,6016.567499999999,hl,2021 week 6
24,coal,5296.567499999999,hl,2021 week 6
25,coal,5281.567499999999,hl,2021 week 6
26,coal,5281.567499999999,hl,2021 week 6
27,coal,5281.567499999999,hl,2021 week 6
28,coal,5281.567499999999,hl,2021 week 6
29,coal,5281.567499999999,hl,2021 week 6
30,coal,5622.30744,hl,2021 week 6
31,coal,6016.567499999999,hl,2021 week 6
32,coal,6016.567499999999,hl,2021 week 6
33,coal,6016.567499999999,hl,2021 week 6
34,coal,6016.567499999999,hl,2021 week 6
35,coal,6016.567499999999,hl,2021 week 6
36,coal,6016.567499999999,hl,2021 week 6
37,coal,6016.567499999999,hl,2021 week 6
38,coal,6016.567499999999,hl,2021 week 6
39,coal,6392.366776321533,hl,2021 week 6
40,coal,8467.5675,hl,2021 week 6
41,coal,8467.5675,hl,2021 week 6
42,coal,8230.1925,hl,2021 week 6
43,coal,7150.192499999999,hl,2021 week 6
44,coal,6799.60326538835,hl,2021 week 6
45,coal,6266.817499999999,hl,2021 week 6
46,coal,6767.317499999999,hl,2021 week 6
47,coal,6016.567499999999,hl,2021 week 6
48,coal,6016.567499999999,hl,2021 week 6
49,coal,6016.567499999999,hl,2021 week 6
50,coal,6016.567499999999,hl,2021 week 6
51,coal,6016.567499999999,hl,2021 week 6
52,coal,6016.567499999999,hl,2021 week 6
53,coal,6016.567499999999,hl,2021 week 6
54,coal,7229.4263948957005,hl,2021 week 6
55,coal,8467.5675,hl,2021 week 6
56,coal,8467.5675,hl,2021 week 6
57,coal,8467.5675,hl,2021 week 6
58,coal,8467.5675,hl,2021 week 6
59,coal,8245.1925,hl,2021 week 6
60,coal,8245.1925,hl,2021 week 6
61,coal,7570.240241634903,hl,2021 week 6
62,coal,8372.827388150028,hl,2021 week 6
63,coal,9915.135695507148,hl,2021 week 6
64,coal,10549.0,hl,2021 week 6
65,coal,10549.0,hl,2021 week 6
66,coal,10549.0,hl,2021 week 6
67,coal,10549.0,hl,2021 week 6
68,coal,10549.0,hl,2021 week 6
69,coal,10549.0,hl,2021 week 6
70,coal,9904.59714,hl,2021 week 6
71,coal,7259.817499999999,hl,2021 week 6
72,coal,6517.317499999999,hl,2021 week 6
73,coal,6502.317499999999,hl,2021 week 6
74,coal,6502.317499999999,hl,2021 week 6
75,coal,6502.317499999999,hl,2021 week 6
76,coal,6502.317499999999,hl,2021 week 6
77,coal,6502.317499999999,hl,2021 week 6
78,coal,6502.317499999999,hl,2021 week 6
79,coal,6502.317499999999,hl,2021 week 6
80,coal,6502.317499999999,hl,2021 week 6
81,coal,6502.317499999999,hl,2021 week 6
82,coal,6502.317499999999,hl,2021 week 6
83,coal,6502.317499999999,hl,2021 week 6
84,coal,6502.317499999999,hl,2021 week 6
85,coal,6517.317499999999,hl,2021 week 6
86,coal,7237.317499999999,hl,2021 week 6
87,coal,7457.240931479357,hl,2021 week 6
88,coal,9667.102684,hl,2021 week 6
89,coal,10349.0,hl,2021 week 6
90,coal,10349.0,hl,2021 week 6
91,coal,10282.025,hl,2021 week 6
92,coal,10302.312519,hl,2021 week 6
93,coal,10349.0,hl,2021 week 6
94,coal,9820.83359,hl,2021 week 6
95,coal,9365.696284,hl,2021 week 6
96,coal,7237.317499999999,hl,2021 week 6
97,coal,6517.317499999999,hl,2021 week 6
98,coal,6502.317499999999,hl,2021 week 6
99,coal,6502.317499999999,hl,2021 week 6
100,coal,6502.317499999999,hl,2021 week 6
101,coal,6502.317499999999,hl,2021 week 6
102,coal,6502.317499999999,hl,2021 week 6
103,coal,6502.317499999999,hl,2021 week 6
104,coal,6502.317499999999,hl,2021 week 6
105,coal,7222.317499999999,hl,2021 week 6
106,coal,7237.317499999999,hl,2021 week 6
107,coal,7229.817499999999,hl,2021 week 6
108,coal,6667.599625140594,hl,2021 week 6
109,coal,6502.317499999999,hl,2021 week 6
110,coal,6517.317499999999,hl,2021 week 6
111,coal,7237.317499999999,hl,2021 week 6
112,coal,9034.642952772672,hl,2021 week 6
113,coal,9944.275,hl,2021 week 6
114,coal,9992.525,hl,2021 week 6
115,coal,9947.760105999998,hl,2021 week 6
116,coal,10083.067118,hl,2021 week 6
117,coal,9809.275,hl,2021 week 6
118,coal,9543.67213,hl,2021 week 6
119,coal,8449.1208,hl,2021 week 6
120,coal,6379.58,hl,2021 week 6
121,coal,6245.263630786593,hl,2021 week 6
122,coal,5644.58,hl,2021 week 6
123,coal,5644.58,hl,2021 week 6
124,coal,5644.58,hl,2021 week 6
125,coal,6021.721627999999,hl,2021 week 6
126,coal,6219.668439295573,hl,2021 week 6
127,coal,6504.705,hl,2021 week 6
128,coal,7207.716775520614,hl,2021 week 6
129,coal,8830.58,hl,2021 week 6
130,coal,8830.58,hl,2021 week 6
131,coal,8608.205,hl,2021 week 6
132,coal,8465.125829085966,hl,2021 week 6
133,coal,6546.021532773996,hl,2021 week 6
134,coal,8277.878537000002,hl,2021 week 6
135,coal,8608.205,hl,2021 week 6
136,coal,8990.025,hl,2021 week 6
137,coal,8990.025,hl,2021 week 6
138,coal,8990.025,hl,2021 week 6
139,coal,8990.025,hl,2021 week 6
140,coal,8990.025,hl,2021 week 6
141,coal,8982.916287999999,hl,2021 week 6
142,coal,8830.58,hl,2021 week 6
143,coal,6740.9008,hl,2021 week 6
144,coal,5675.546256047038,hl,2021 week 6
145,coal,5168.4675,hl,2021 week 6
146,coal,5168.4675,hl,2021 week 6
147,coal,5168.4675,hl,2021 week 6
148,coal,4924.821083272913,hl,2021 week 6
149,coal,4433.4675,hl,2021 week 6
150,coal,5153.4675,hl,2021 week 6
151,coal,5168.4675,hl,2021 week 6
152,coal,5206.592892486654,hl,2021 week 6
153,coal,7284.637414,hl,2021 week 6
154,coal,7117.970428,hl,2021 week 6
155,coal,7397.0925,hl,2021 week 6
156,coal,7264.251149,hl,2021 week 6
157,coal,7274.851073999999,hl,2021 week 6
158,coal,7214.737179,hl,2021 week 6
159,coal,7238.948308999999,hl,2021 week 6
160,coal,7297.746274,hl,2021 week 6
161,coal,7310.667834,hl,2021 week 6
162,coal,7374.5925,hl,2021 week 6
163,coal,7381.022688,hl,2021 week 6
164,coal,7382.0925,hl,2021 week 6
165,coal,7374.5925,hl,2021 week 6
166,coal,7397.0925,hl,2021 week 6
167,coal,6160.125,hl,2021 week 6
168,coal,4824.42195933987,hl,2021 week 6
1,gas,29.0,hl,2021 week 6
2,gas,29.0,hl,2021 week 6
3,gas,29.0,hl,2021 week 6
4,gas,29.0,hl,2021 week 6
5,gas,29.0,hl,2021 week 6
6,gas,29.0,hl,2021 week 6
7,gas,29.0,hl,2021 week 6
8,gas,29.0,hl,2021 week 6
9,gas,29.0,hl,2021 week 6
10,gas,29.0,hl,2021 week 6
11,gas,29.0,hl,2021 week 6
12,gas,29.0,hl,2021 week 6
13,gas,29.0,hl,2021 week 6
14,gas,29.0,hl,2021 week 6
15,gas,29.0,hl,2021 week 6
16,gas,29.0,hl,2021 week 6
17,gas,145.0,hl,2021 week 6
18,gas,145.0,hl,2021 week 6
19,gas,141.98689600000012,hl,2021 week 6
20,gas,29.0,hl,2021 week 6
21,gas,29.0,hl,2021 week 6
22,gas,29.0,hl,2021 week 6
23,gas,29.0,hl,2021 week 6
24,gas,29.0,hl,2021 week 6
25,gas,29.0,hl,2021 week 6
26,gas,29.0,hl,2021 week 6
27,gas,29.0,hl,2021 week 6
28,gas,29.0,hl,2021 week 6
29,gas,29.0,hl,2021 week 6
30,gas,29.0,hl,2021 week 6
31,gas,29.0,hl,2021 week 6
32,gas,29.0,hl,2021 week 6
33,gas,29.0,hl,2021 week 6
34,gas,29.0,hl,2021 week 6
35,gas,29.0,hl,2021 week 6
36,gas,29.0,hl,2021 week 6
37,gas,29.0,hl,2021 week 6
38,gas,29.0,hl,2021 week 6
39,gas,29.0,hl,2021 week 6
40,gas,106.86139200000002,hl,2021 week 6
41,gas,81.0,hl,2021 week 6
42,gas,29.0,hl,2021 week 6
43,gas,29.0,hl,2021 week 6
44,gas,29.0,hl,2021 week 6
45,gas,29.0,hl,2021 week 6
46,gas,29.0,hl,2021 week 6
47,gas,29.0,hl,2021 week 6
48,gas,29.0,hl,2021 week 6
49,gas,29.0,hl,2021 week 6
50,gas,29.0,hl,2021 week 6
51,gas,29.0,hl,2021 week 6
52,gas,29.0,hl,2021 week 6
53,gas,29.0,hl,2021 week 6
54,gas,29.0,hl,2021 week 6
55,gas,145.0,hl,2021 week 6
56,gas,145.0,hl,2021 week 6
57,gas,145.0,hl,2021 week 6
58,gas,145.0,hl,2021 week 6
59,gas,29.0,hl,2021 week 6
60,gas,29.0,hl,2021 week 6
61,gas,29.0,hl,2021 week 6
62,gas,29.0,hl,2021 week 6
63,gas,145.0,hl,2021 week 6
64,gas,145.0,hl,2021 week 6
65,gas,145.0,hl,2021 week 6
66,gas,145.0,hl,2021 week 6
67,gas,145.0,hl,2021 week 6
68,gas,145.0,hl,2021 week 6
69,gas,145.0,hl,2021 week 6
70,gas,145.0,hl,2021 week 6
71,gas,29.0,hl,2021 week 6
72,gas,29.0,hl,2021 week 6
73,gas,29.0,hl,2021 week 6
74,gas,29.0,hl,2021 week 6
75,gas,29.0,hl,2021 week 6
76,gas,29.0,hl,2021 week 6
77,gas,29.0,hl,2021 week 6
78,gas,29.0,hl,2021 week 6
79,gas,29.0,hl,2021 week 6
80,gas,29.0,hl,2021 week 6
81,gas,29.0,hl,2021 week 6
82,gas,29.0,hl,2021 week 6
83,gas,29.0,hl,2021 week 6
84,gas,29.0,hl,2021 week 6
85,gas,29.0,hl,2021 week 6
86,gas,29.0,hl,2021 week 6
87,gas,29.0,hl,2021 week 6
88,gas,29.0,hl,2021 week 6
89,gas,145.0,hl,2021 week 6
90,gas,145.0,hl,2021 week 6
91,gas,145.0,hl,2021 week 6
92,gas,145.0,hl,2021 week 6
93,gas,145.0,hl,2021 week 6
94,gas,145.0,hl,2021 week 6
95,gas,29.0,hl,2021 week 6
96,gas,29.0,hl,2021 week 6
97,gas,29.0,hl,2021 week 6
98,gas,29.0,hl,2021 week 6
99,gas,29.0,hl,2021 week 6
100,gas,29.0,hl,2021 week 6
101,gas,29.0,hl,2021 week 6
102,gas,29.0,hl,2021 week 6
103,gas,29.0,hl,2021 week 6
104,gas,29.0,hl,2021 week 6
105,gas,29.0,hl,2021 week 6
106,gas,29.0,hl,2021 week 6
107,gas,29.0,hl,2021 week 6
108,gas,29.0,hl,2021 week 6
109,gas,29.0,hl,2021 week 6
110,gas,29.0,hl,2021 week 6
111,gas,29.0,hl,2021 week 6
112,gas,29.0,hl,2021 week 6
113,gas,145.0,hl,2021 week 6
114,gas,145.0,hl,2021 week 6
115,gas,145.0,hl,2021 week 6
116,gas,145.0,hl,2021 week 6
117,gas,145.0,hl,2021 week 6
118,gas,29.0,hl,2021 week 6
119,gas,29.0,hl,2021 week 6
120,gas,29.0,hl,2021 week 6
121,gas,29.0,hl,2021 week 6
122,gas,29.0,hl,2021 week 6
123,gas,29.0,hl,2021 week 6
124,gas,29.0,hl,2021 week 6
125,gas,29.0,hl,2021 week 6
126,gas,29.0,hl,2021 week 6
127,gas,29.0,hl,2021 week 6
128,gas,29.0,hl,2021 week 6
129,gas,29.0,hl,2021 week 6
130,gas,29.0,hl,2021 week 6
131,gas,29.0,hl,2021 week 6
132,gas,29.0,hl,2021 week 6
133,gas,29.0,hl,2021 week 6
134,gas,29.0,hl,2021 week 6
135,gas,29.0,hl,2021 week 6
136,gas,145.0,hl,2021 week 6
137,gas,145.0,hl,2021 week 6
138,gas,145.0,hl,2021 week 6
139,gas,145.0,hl,2021 week 6
140,gas,145.0,hl,2021 week 6
141,gas,145.0,hl,2021 week 6
142,gas,145.0,hl,2021 week 6
143,gas,29.0,hl,2021 week 6
144,gas,29.0,hl,2021 week 6
145,gas,29.0,hl,2021 week 6
146,gas,29.0,hl,2021 week 6
147,gas,29.0,hl,2021 week 6
148,gas,29.0,hl,2021 week 6
149,gas,29.0,hl,2021 week 6
150,gas,29.0,hl,2021 week 6
151,gas,29.0,hl,2021 week 6
152,gas,29.0,hl,2021 week 6
153,gas,29.0,hl,2021 week 6
154,gas,29.0,hl,2021 week 6
155,gas,29.0,hl,2021 week 6
156,gas,29.0,hl,2021 week 6
157,gas,29.0,hl,2021 week 6
158,gas,29.0,hl,2021 week 6
159,gas,29.0,hl,2021 week 6
160,gas,29.0,hl,2021 week 6
161,gas,29.0,hl,2021 week 6
162,gas,29.0,hl,2021 week 6
163,gas,29.0,hl,2021 week 6
164,gas,29.0,hl,2021 week 6
165,gas,29.0,hl,2021 week 6
166,gas,29.0,hl,2021 week 6
167,gas,29.0,hl,2021 week 6
168,gas,0.0,hl,2021 week 6
1,hydro,383.606316,hl,2021 week 6
2,hydro,329.106316,hl,2021 week 6
3,hydro,0.0,hl,2021 week 6
4,hydro,0.0,hl,2021 week 6
5,hydro,0.0,hl,2021 week 6
6,hydro,280.9752639999998,hl,2021 week 6
7,hydro,521.6411413197534,hl,2021 week 6
8,hydro,136.57149068024648,hl,2021 week 6
9,hydro,329.1063159999999,hl,2021 week 6
10,hydro,329.1063159999999,hl,2021 week 6
11,hydro,744.8591640000008,hl,2021 week 6
12,hydro,571.5660999999991,hl,2021 week 6
13,hydro,0.0,hl,2021 week 6
14,hydro,0.0,hl,2021 week 6
15,hydro,329.1063159999999,hl,2021 week 6
16,hydro,329.1063159999999,hl,2021 week 6
17,hydro,427.74025499999993,hl,2021 week 6
18,hydro,442.5587900000003,hl,2021 week 6
19,hydro,446.076219,hl,2021 week 6
20,hydro,730.5070832112117,hl,2021 week 6
21,hydro,403.16178278878806,hl,2021 week 6
22,hydro,560.0437660000002,hl,2021 week 6
23,hydro,329.106316,hl,2021 week 6
24,hydro,329.106316,hl,2021 week 6
25,hydro,329.106316,hl,2021 week 6
26,hydro,0.0,hl,2021 week 6
27,hydro,278.19101058322815,hl,2021 week 6
28,hydro,0.0,hl,2021 week 6
29,hydro,100.3481884167718,hl,2021 week 6
30,hydro,231.54238099999975,hl,2021 week 6
31,hydro,402.48215600000015,hl,2021 week 6
32,hydro,255.73047599999973,hl,2021 week 6
33,hydro,329.1063159999999,hl,2021 week 6
34,hydro,552.656867105183,hl,2021 week 6
35,hydro,1050.0502193962595,hl,2021 week 6
36,hydro,0.0,hl,2021 week 6
37,hydro,0.0,hl,2021 week 6
38,hydro,42.82449349855733,hl,2021 week 6
39,hydro,329.1063159999999,hl,2021 week 6
40,hydro,498.4330479999998,hl,2021 week 6
41,hydro,488.83590000000027,hl,2021 week 6
42,hydro,827.7614100000002,hl,2021 week 6
43,hydro,113.7992459999997,hl,2021 week 6
44,hydro,346.8118760000001,hl,2021 week 6
45,hydro,414.90792351688776,hl,2021 week 6
46,hydro,648.6448084831122,hl,2021 week 6
47,hydro,329.106316,hl,2021 week 6
48,hydro,329.106316,hl,2021 week 6
49,hydro,0.0,hl,2021 week 6
50,hydro,256.58688103038685,hl,2021 week 6
51,hydro,0.0,hl,2021 week 6
52,hydro,24.38838296961285,hl,2021 week 6
53,hydro,329.1063159999999,hl,2021 week 6
54,hydro,329.1063159999999,hl,2021 week 6
55,hydro,526.0812850000001,hl,2021 week 6
56,hydro,328.338837,hl,2021 week 6
57,hydro,461.9551419999999,hl,2021 week 6
58,hydro,329.106316,hl,2021 week 6
59,hydro,589.1522550000003,hl,2021 week 6
60,hydro,69.1103769999994,hl,2021 week 6
61,hydro,0.0,hl,2021 week 6
62,hydro,329.1063159999999,hl,2021 week 6
63,hydro,329.1063159999999,hl,2021 week 6
64,hydro,366.96598218971144,hl,2021 week 6
65,hydro,458.447265,hl,2021 week 6
66,hydro,484.94374000000016,hl,2021 week 6
67,hydro,492.5655750000001,hl,2021 week 6
68,hydro,542.8231323292367,hl,2021 week 6
69,hydro,1.839386481051406,hl,2021 week 6
70,hydro,991.6091310000004,hl,2021 week 6
71,hydro,329.106316,hl,2021 week 6
72,hydro,329.106316,hl,2021 week 6
73,hydro,329.106316,hl,2021 week 6
74,hydro,0.0,hl,2021 week 6
75,hydro,0.0,hl,2021 week 6
76,hydro,0.0,hl,2021 week 6
77,hydro,280.9752639999998,hl,2021 week 6
78,hydro,329.1063159999999,hl,2021 week 6
79,hydro,501.92464600000017,hl,2021 week 6
80,hydro,569.27944596718,hl,2021 week 6
81,hydro,177.38000000000034,hl,2021 week 6
82,hydro,67.84117203281949,hl,2021 week 6
83,hydro,329.1063159999999,hl,2021 week 6
84,hydro,329.1063159999999,hl,2021 week 6
85,hydro,329.1063159999999,hl,2021 week 6
86,hydro,329.1063159999999,hl,2021 week 6
87,hydro,329.1063159999999,hl,2021 week 6
88,hydro,329.1063159999999,hl,2021 week 6
89,hydro,336.29314999999974,hl,2021 week 6
90,hydro,346.12000499999976,hl,2021 week 6
91,hydro,412.6983399999999,hl,2021 week 6
92,hydro,434.43011100000103,hl,2021 week 6
93,hydro,445.0462899999998,hl,2021 week 6
94,hydro,1035.5,hl,2021 week 6
95,hydro,329.106316,hl,2021 week 6
96,hydro,329.106316,hl,2021 week 6
97,hydro,329.106316,hl,2021 week 6
98,hydro,329.106316,hl,2021 week 6
99,hydro,329.106316,hl,2021 week 6
100,hydro,40.52031199999987,hl,2021 week 6
101,hydro,0.0,hl,2021 week 6
102,hydro,138.76159100000007,hl,2021 week 6
103,hydro,101.69336099999975,hl,2021 week 6
104,hydro,329.1063159999999,hl,2021 week 6
105,hydro,603.6626320000001,hl,2021 week 6
106,hydro,1090.0,hl,2021 week 6
107,hydro,192.28379999999947,hl,2021 week 6
108,hydro,88.69146400000022,hl,2021 week 6
109,hydro,0.0,hl,2021 week 6
110,hydro,0.0,hl,2021 week 6
111,hydro,329.1063159999999,hl,2021 week 6
112,hydro,329.1063159999999,hl,2021 week 6
113,hydro,510.93984,hl,2021 week 6
114,hydro,398.931364999999,hl,2021 week 6
115,hydro,406.5040590000009,hl,2021 week 6
116,hydro,144.66165200000046,hl,2021 week 6
117,hydro,513.5509799999995,hl,2021 week 6
118,hydro,1035.5,hl,2021 week 6
119,hydro,329.106316,hl,2021 week 6
120,hydro,329.106316,hl,2021 week 6
121,hydro,329.106316,hl,2021 week 6
122,hydro,329.106316,hl,2021 week 6
123,hydro,0.0,hl,2021 week 6
124,hydro,0.0,hl,2021 week 6
125,hydro,0.0,hl,2021 week 6
126,hydro,280.9752639999998,hl,2021 week 6
127,hydro,329.1063159999999,hl,2021 week 6
128,hydro,329.1063159999999,hl,2021 week 6
129,hydro,557.0680449999995,hl,2021 week 6
130,hydro,430.2009030000004,hl,2021 week 6
131,hydro,749.1449350000003,hl,2021 week 6
132,hydro,211.15026599999948,hl,2021 week 6
133,hydro,0.0,hl,2021 week 6
134,hydro,56.64056299999925,hl,2021 week 6
135,hydro,299.5395000000007,hl,2021 week 6
136,hydro,333.49537999999984,hl,2021 week 6
137,hydro,353.82483999999977,hl,2021 week 6
138,hydro,409.1913649999997,hl,2021 week 6
139,hydro,420.85416499999974,hl,2021 week 6
140,hydro,387.56876999999986,hl,2021 week 6
141,hydro,398.7596920000011,hl,2021 week 6
142,hydro,568.6971300000001,hl,2021 week 6
143,hydro,795.9091859999999,hl,2021 week 6
144,hydro,329.106316,hl,2021 week 6
145,hydro,192.23134302885092,hl,2021 week 6
146,hydro,465.981288971149,hl,2021 week 6
147,hydro,280.9752639999997,hl,2021 week 6
148,hydro,0.0,hl,2021 week 6
149,hydro,0.0,hl,2021 week 6
150,hydro,0.0,hl,2021 week 6
151,hydro,329.1063159999999,hl,2021 week 6
152,hydro,329.1063159999999,hl,2021 week 6
153,hydro,329.1063159999999,hl,2021 week 6
154,hydro,480.8265670000002,hl,2021 week 6
155,hydro,177.3860649999997,hl,2021 week 6
156,hydro,329.1063159999999,hl,2021 week 6
157,hydro,329.1063159999999,hl,2021 week 6
158,hydro,329.1063159999999,hl,2021 week 6
159,hydro,329.1063159999999,hl,2021 week 6
160,hydro,329.1063159999999,hl,2021 week 6
161,hydro,329.1063159999999,hl,2021 week 6
162,hydro,352.45596,hl,2021 week 6
163,hydro,393.6282769999998,hl,2021 week 6
164,hydro,369.3050149999999,hl,2021 week 6
165,hydro,400.5656150000002,hl,2021 week 6
166,hydro,421.84556,hl,2021 week 6
167,hydro,365.8937850000002,hl,2021 week 6
168,hydro,981.0,hl,2021 week 6
1,wind,41.75,hl,2021 week 6
2,wind,1077.15,hl,2021 week 6
3,wind,2054.1,hl,2021 week 6
4,wind,2154.3,hl,2021 week 6
5,wind,2404.7999999999997,hl,2021 week 6
6,wind,2112.55,hl,2021 week 6
7,wind,926.85,hl,2021 week 6
8,wind,534.4,hl,2021 week 6
9,wind,592.8499999999999,hl,2021 week 6
10,wind,843.35,hl,2021 week 6
11,wind,943.55,hl,2021 week 6
12,wind,926.85,hl,2021 week 6
13,wind,993.65,hl,2021 week 6
14,wind,993.65,hl,2021 week 6
15,wind,459.24999999999994,hl,2021 week 6
16,wind,133.6,hl,2021 week 6
17,wind,108.55,hl,2021 week 6
18,wind,359.04999999999995,hl,2021 week 6
19,wind,809.95,hl,2021 week 6
20,wind,868.4,hl,2021 week 6
21,wind,726.4499999999999,hl,2021 week 6
22,wind,551.1,hl,2021 week 6
23,wind,434.2,hl,2021 week 6
24,wind,442.55,hl,2021 week 6
25,wind,442.55,hl,2021 week 6
26,wind,434.2,hl,2021 week 6
27,wind,409.15,hl,2021 week 6
28,wind,375.75,hl,2021 week 6
29,wind,409.15,hl,2021 week 6
30,wind,200.4,hl,2021 week 6
31,wind,66.79999999999995,hl,2021 week 6
32,wind,33.4,hl,2021 week 6
33,wind,25.05,hl,2021 week 6
34,wind,16.699999999999818,hl,2021 week 6
35,wind,8.35,hl,2021 week 6
36,wind,0.0,hl,2021 week 6
37,wind,0.0,hl,2021 week 6
38,wind,0.0,hl,2021 week 6
39,wind,0.0,hl,2021 week 6
40,wind,0.0,hl,2021 week 6
41,wind,0.0,hl,2021 week 6
42,wind,0.0,hl,2021 week 6
43,wind,0.0,hl,2021 week 6
44,wind,0.0,hl,2021 week 6
45,wind,0.0,hl,2021 week 6
46,wind,0.0,hl,2021 week 6
47,wind,16.7,hl,2021 week 6
48,wind,75.14999999999999,hl,2021 week 6
49,wind,133.6,hl,2021 week 6
50,wind,75.14999999999999,hl,2021 week 6
51,wind,33.4,hl,2021 week 6
52,wind,41.75,hl,2021 week 6
53,wind,58.45,hl,2021 week 6
54,wind,33.4,hl,2021 week 6
55,wind,16.7,hl,2021 week 6
56,wind,0.0,hl,2021 week 6
57,wind,8.35,hl,2021 week 6
58,wind,33.4,hl,2021 week 6
59,wind,50.1,hl,2021 week 6
60,wind,50.1,hl,2021 week 6
61,wind,58.45,hl,2021 week 6
62,wind,33.4,hl,2021 week 6
63,wind,25.05,hl,2021 week 6
64,wind,33.4,hl,2021 week 6
65,wind,41.75,hl,2021 week 6
66,wind,75.14999999999999,hl,2021 week 6
67,wind,434.2,hl,2021 week 6
68,wind,927.5587822555012,hl,2021 week 6
69,wind,1703.4,hl,2021 week 6
70,wind,1987.3,hl,2021 week 6
71,wind,1962.25,hl,2021 week 6
72,wind,1578.15,hl,2021 week 6
73,wind,1235.8,hl,2021 week 6
74,wind,1102.2,hl,2021 week 6
75,wind,893.4499999999999,hl,2021 week 6
76,wind,609.55,hl,2021 week 6
77,wind,551.1,hl,2021 week 6
78,wind,651.3,hl,2021 week 6
79,wind,367.4,hl,2021 week 6
80,wind,75.14999999999999,hl,2021 week 6
81,wind,58.45,hl,2021 week 6
82,wind,125.25,hl,2021 week 6
83,wind,208.75,hl,2021 week 6
84,wind,384.1,hl,2021 week 6
85,wind,676.3499999999999,hl,2021 week 6
86,wind,968.6,hl,2021 week 6
87,wind,985.3,hl,2021 week 6
88,wind,592.8499999999999,hl,2021 week 6
89,wind,526.05,hl,2021 week 6
90,wind,1352.7,hl,2021 week 6
91,wind,1862.05,hl,2021 week 6
92,wind,1260.85,hl,2021 week 6
93,wind,943.55,hl,2021 week 6
94,wind,793.25,hl,2021 week 6
95,wind,617.9,hl,2021 week 6
96,wind,392.45,hl,2021 week 6
97,wind,158.65,hl,2021 week 6
98,wind,33.4,hl,2021 week 6
99,wind,8.35,hl,2021 week 6
100,wind,0.0,hl,2021 week 6
101,wind,58.45,hl,2021 week 6
102,wind,342.35,hl,2021 week 6
103,wind,242.15,hl,2021 week 6
104,wind,58.45,hl,2021 week 6
105,wind,292.25,hl,2021 week 6
106,wind,1394.4499999999998,hl,2021 week 6
107,wind,2638.6,hl,2021 week 6
108,wind,3340.0,hl,2021 week 6
109,wind,3707.4,hl,2021 week 6
110,wind,3832.65,hl,2021 week 6
111,wind,3565.45,hl,2021 week 6
112,wind,2763.8500000000004,hl,2021 week 6
113,wind,3072.7999999999997,hl,2021 week 6
114,wind,4392.1,hl,2021 week 6
115,wind,5252.15,hl,2021 week 6
116,wind,4984.95,hl,2021 week 6
117,wind,4291.900000000001,hl,2021 week 6
118,wind,3365.05,hl,2021 week 6
119,wind,2797.25,hl,2021 week 6
120,wind,2580.15,hl,2021 week 6
121,wind,1770.2,hl,2021 week 6
122,wind,801.6,hl,2021 week 6
123,wind,559.45,hl,2021 week 6
124,wind,175.35000000000002,hl,2021 week 6
125,wind,50.1,hl,2021 week 6
126,wind,100.2,hl,2021 week 6
127,wind,425.85,hl,2021 week 6
128,wind,1603.1999999999998,hl,2021 week 6
129,wind,2162.65,hl,2021 week 6
130,wind,1862.05,hl,2021 week 6
131,wind,1477.9499999999998,hl,2021 week 6
132,wind,1194.0499999999995,hl,2021 week 6
133,wind,993.65,hl,2021 week 6
134,wind,793.25,hl,2021 week 6
135,wind,709.75,hl,2021 week 6
136,wind,659.6499999999999,hl,2021 week 6
137,wind,592.8499999999999,hl,2021 week 6
138,wind,951.9,hl,2021 week 6
139,wind,1336.0,hl,2021 week 6
140,wind,1486.3,hl,2021 week 6
141,wind,1703.4,hl,2021 week 6
142,wind,2004.0,hl,2021 week 6
143,wind,2229.4500000000003,hl,2021 week 6
144,wind,2663.65,hl,2021 week 6
145,wind,3256.5,hl,2021 week 6
146,wind,2354.7,hl,2021 week 6
147,wind,985.3,hl,2021 week 6
148,wind,926.85,hl,2021 week 6
149,wind,1528.05,hl,2021 week 6
150,wind,1569.8,hl,2021 week 6
151,wind,1285.9,hl,2021 week 6
152,wind,1294.25,hl,2021 week 6
153,wind,1177.35,hl,2021 week 6
154,wind,968.6,hl,2021 week 6
155,wind,559.45,hl,2021 week 6
156,wind,133.6,hl,2021 week 6
157,wind,58.45,hl,2021 week 6
158,wind,83.5,hl,2021 week 6
159,wind,133.5999999999999,hl,2021 week 6
160,wind,125.25,hl,2021 week 6
161,wind,116.9,hl,2021 week 6
162,wind,116.9,hl,2021 week 6
163,wind,116.9,hl,2021 week 6
164,wind,175.35000000000002,hl,2021 week 6
165,wind,183.7,hl,2021 week 6
166,wind,200.4,hl,2021 week 6
167,wind,183.7,hl,2021 week 6
168,wind,233.8,hl,2021 week 6
1,solar,0.0,hl,2021 week 6
2,solar,0.0,hl,2021 week 6
3,solar,0.0,hl,2021 week 6
4,solar,0.0,hl,2021 week 6
5,solar,0.0,hl,2021 week 6
6,solar,0.0,hl,2021 week 6
7,solar,84.0,hl,2021 week 6
8,solar,420.0,hl,2021 week 6
9,solar,609.0,hl,2021 week 6
10,solar,722.4,hl,2021 week 6
11,solar,709.8000000000001,hl,2021 week 6
12,solar,655.2000000000002,hl,2021 week 6
13,solar,462.0,hl,2021 week 6
14,solar,378.0,hl,2021 week 6
15,solar,415.8,hl,2021 week 6
16,solar,373.7999999999999,hl,2021 week 6
17,solar,210.0,hl,2021 week 6
18,solar,29.4,hl,2021 week 6
19,solar,0.0,hl,2021 week 6
20,solar,0.0,hl,2021 week 6
21,solar,0.0,hl,2021 week 6
22,solar,0.0,hl,2021 week 6
23,solar,0.0,hl,2021 week 6
24,solar,0.0,hl,2021 week 6
25,solar,0.0,hl,2021 week 6
26,solar,0.0,hl,2021 week 6
27,solar,0.0,hl,2021 week 6
28,solar,0.0,hl,2021 week 6
29,solar,0.0,hl,2021 week 6
30,solar,21.0,hl,2021 week 6
31,solar,504.0,hl,2021 week 6
32,solar,1306.2,hl,2021 week 6
33,solar,2083.2,hl,2021 week 6
34,solar,2591.4,hl,2021 week 6
35,solar,2851.8,hl,2021 week 6
36,solar,2965.2,hl,2021 week 6
37,solar,2704.8,hl,2021 week 6
38,solar,2150.4,hl,2021 week 6
39,solar,1659.0,hl,2021 week 6
40,solar,684.6,hl,2021 week 6
41,solar,315.0,hl,2021 week 6
42,solar,37.8,hl,2021 week 6
43,solar,0.0,hl,2021 week 6
44,solar,0.0,hl,2021 week 6
45,solar,0.0,hl,2021 week 6
46,solar,0.0,hl,2021 week 6
47,solar,0.0,hl,2021 week 6
48,solar,0.0,hl,2021 week 6
49,solar,0.0,hl,2021 week 6
50,solar,0.0,hl,2021 week 6
51,solar,0.0,hl,2021 week 6
52,solar,0.0,hl,2021 week 6
53,solar,0.0,hl,2021 week 6
54,solar,8.399999999999999,hl,2021 week 6
55,solar,151.2,hl,2021 week 6
56,solar,428.4,hl,2021 week 6
57,solar,634.1999999999999,hl,2021 week 6
58,solar,1541.4,hl,2021 week 6
59,solar,2297.4,hl,2021 week 6
60,solar,2494.7999999999997,hl,2021 week 6
61,solar,2167.2000000000003,hl,2021 week 6
62,solar,1234.8,hl,2021 week 6
63,solar,491.4,hl,2021 week 6
64,solar,251.99999999999997,hl,2021 week 6
65,solar,84.0,hl,2021 week 6
66,solar,4.2,hl,2021 week 6
67,solar,0.0,hl,2021 week 6
68,solar,0.0,hl,2021 week 6
69,solar,0.0,hl,2021 week 6
70,solar,0.0,hl,2021 week 6
71,solar,0.0,hl,2021 week 6
72,solar,0.0,hl,2021 week 6
73,solar,0.0,hl,2021 week 6
74,solar,0.0,hl,2021 week 6
75,solar,0.0,hl,2021 week 6
76,solar,0.0,hl,2021 week 6
77,solar,0.0,hl,2021 week 6
78,solar,0.0,hl,2021 week 6
79,solar,100.8,hl,2021 week 6
80,solar,407.4,hl,2021 week 6
81,solar,915.6,hl,2021 week 6
82,solar,1444.8,hl,2021 week 6
83,solar,2146.2,hl,2021 week 6
84,solar,2683.8,hl,2021 week 6
85,solar,2650.2,hl,2021 week 6
86,solar,2587.2,hl,2021 week 6
87,solar,2301.6000000000004,hl,2021 week 6
88,solar,1625.4,hl,2021 week 6
89,solar,772.8,hl,2021 week 6
90,solar,67.2,hl,2021 week 6
91,solar,0.0,hl,2021 week 6
92,solar,0.0,hl,2021 week 6
93,solar,0.0,hl,2021 week 6
94,solar,0.0,hl,2021 week 6
95,solar,0.0,hl,2021 week 6
96,solar,0.0,hl,2021 week 6
97,solar,0.0,hl,2021 week 6
98,solar,0.0,hl,2021 week 6
99,solar,0.0,hl,2021 week 6
100,solar,0.0,hl,2021 week 6
101,solar,0.0,hl,2021 week 6
102,solar,12.6,hl,2021 week 6
103,solar,554.4,hl,2021 week 6
104,solar,1398.6,hl,2021 week 6
105,solar,2062.2,hl,2021 week 6
106,solar,2604.0,hl,2021 week 6
107,solar,2994.6,hl,2021 week 6
108,solar,3103.8,hl,2021 week 6
109,solar,3011.4,hl,2021 week 6
110,solar,2679.6,hl,2021 week 6
111,solar,2091.5999999999995,hl,2021 week 6
112,solar,1272.6,hl,2021 week 6
113,solar,508.1999999999998,hl,2021 week 6
114,solar,46.2,hl,2021 week 6
115,solar,0.0,hl,2021 week 6
116,solar,0.0,hl,2021 week 6
117,solar,0.0,hl,2021 week 6
118,solar,0.0,hl,2021 week 6
119,solar,0.0,hl,2021 week 6
120,solar,0.0,hl,2021 week 6
121,solar,0.0,hl,2021 week 6
122,solar,0.0,hl,2021 week 6
123,solar,0.0,hl,2021 week 6
124,solar,0.0,hl,2021 week 6
125,solar,0.0,hl,2021 week 6
126,solar,8.4,hl,2021 week 6
127,solar,247.8,hl,2021 week 6
128,solar,323.4,hl,2021 week 6
129,solar,453.6,hl,2021 week 6
130,solar,680.3999999999999,hl,2021 week 6
131,solar,1226.3999999999996,hl,2021 week 6
132,solar,2780.4,hl,2021 week 6
133,solar,3158.4,hl,2021 week 6
134,solar,2872.8,hl,2021 week 6
135,solar,2360.4,hl,2021 week 6
136,solar,1629.6,hl,2021 week 6
137,solar,751.8,hl,2021 week 6
138,solar,58.799999999999955,hl,2021 week 6
139,solar,0.0,hl,2021 week 6
140,solar,0.0,hl,2021 week 6
141,solar,0.0,hl,2021 week 6
142,solar,0.0,hl,2021 week 6
143,solar,0.0,hl,2021 week 6
144,solar,0.0,hl,2021 week 6
145,solar,0.0,hl,2021 week 6
146,solar,0.0,hl,2021 week 6
147,solar,0.0,hl,2021 week 6
148,solar,0.0,hl,2021 week 6
149,solar,0.0,hl,2021 week 6
150,solar,0.0,hl,2021 week 6
151,solar,63.0,hl,2021 week 6
152,solar,344.40000000000003,hl,2021 week 6
153,solar,680.4,hl,2021 week 6
154,solar,915.6,hl,2021 week 6
155,solar,1247.4,hl,2021 week 6
156,solar,1570.8,hl,2021 week 6
157,solar,2024.4,hl,2021 week 6
158,solar,2532.6,hl,2021 week 6
159,solar,2251.2000000000003,hl,2021 week 6
160,solar,1545.6,hl,2021 week 6
161,solar,709.8000000000001,hl,2021 week 6
162,solar,54.599999999999994,hl,2021 week 6
163,solar,0.0,hl,2021 week 6
164,solar,0.0,hl,2021 week 6
165,solar,0.0,hl,2021 week 6
166,solar,0.0,hl,2021 week 6
167,solar,0.0,hl,2021 week 6
168,solar,0.0,hl,2021 week 6
1,stor,0.0,hl,2021 week 6
2,stor,0.0,hl,2021 week 6
3,stor,0.0,hl,2021 week 6
4,stor,0.0,hl,2021 week 6
5,stor,0.0,hl,2021 week 6
6,stor,0.0,hl,2021 week 6
7,stor,0.0,hl,2021 week 6
8,stor,0.0,hl,2021 week 6
9,stor,0.0,hl,2021 week 6
10,stor,0.0,hl,2021 week 6
11,stor,0.0,hl,2021 week 6
12,stor,0.0,hl,2021 week 6
13,stor,0.0,hl,2021 week 6
14,stor,0.0,hl,2021 week 6
15,stor,0.0,hl,2021 week 6
16,stor,0.0,hl,2021 week 6
17,stor,0.0,hl,2021 week 6
18,stor,0.0,hl,2021 week 6
19,stor,0.0,hl,2021 week 6
20,stor,0.0,hl,2021 week 6
21,stor,0.0,hl,2021 week 6
22,stor,0.0,hl,2021 week 6
23,stor,0.0,hl,2021 week 6
24,stor,0.0,hl,2021 week 6
25,stor,0.0,hl,2021 week 6
26,stor,0.0,hl,2021 week 6
27,stor,0.0,hl,2021 week 6
28,stor,0.0,hl,2021 week 6
29,stor,0.0,hl,2021 week 6
30,stor,0.0,hl,2021 week 6
31,stor,0.0,hl,2021 week 6
32,stor,0.0,hl,2021 week 6
33,stor,0.0,hl,2021 week 6
34,stor,0.0,hl,2021 week 6
35,stor,0.0,hl,2021 week 6
36,stor,0.0,hl,2021 week 6
37,stor,0.0,hl,2021 week 6
38,stor,0.0,hl,2021 week 6
39,stor,0.0,hl,2021 week 6
40,stor,0.0,hl,2021 week 6
41,stor,0.0,hl,2021 week 6
42,stor,0.0,hl,2021 week 6
43,stor,0.0,hl,2021 week 6
44,stor,0.0,hl,2021 week 6
45,stor,0.0,hl,2021 week 6
46,stor,0.0,hl,2021 week 6
47,stor,0.0,hl,2021 week 6
48,stor,0.0,hl,2021 week 6
49,stor,0.0,hl,2021 week 6
50,stor,0.0,hl,2021 week 6
51,stor,0.0,hl,2021 week 6
52,stor,0.0,hl,2021 week 6
53,stor,0.0,hl,2021 week 6
54,stor,0.0,hl,2021 week 6
55,stor,0.0,hl,2021 week 6
56,stor,0.0,hl,2021 week 6
57,stor,0.0,hl,2021 week 6
58,stor,0.0,hl,2021 week 6
59,stor,0.0,hl,2021 week 6
60,stor,0.0,hl,2021 week 6
61,stor,0.0,hl,2021 week 6
62,stor,0.0,hl,2021 week 6
63,stor,0.0,hl,2021 week 6
64,stor,0.0,hl,2021 week 6
65,stor,0.0,hl,2021 week 6
66,stor,0.0,hl,2021 week 6
67,stor,0.0,hl,2021 week 6
68,stor,0.0,hl,2021 week 6
69,stor,0.0,hl,2021 week 6
70,stor,0.0,hl,2021 week 6
71,stor,0.0,hl,2021 week 6
72,stor,0.0,hl,2021 week 6
73,stor,0.0,hl,2021 week 6
74,stor,0.0,hl,2021 week 6
75,stor,0.0,hl,2021 week 6
76,stor,0.0,hl,2021 week 6
77,stor,0.0,hl,2021 week 6
78,stor,0.0,hl,2021 week 6
79,stor,0.0,hl,2021 week 6
80,stor,0.0,hl,2021 week 6
81,stor,0.0,hl,2021 week 6
82,stor,0.0,hl,2021 week 6
83,stor,0.0,hl,2021 week 6
84,stor,0.0,hl,2021 week 6
85,stor,0.0,hl,2021 week 6
86,stor,0.0,hl,2021 week 6
87,stor,0.0,hl,2021 week 6
88,stor,0.0,hl,2021 week 6
89,stor,0.0,hl,2021 week 6
90,stor,0.0,hl,2021 week 6
91,stor,0.0,hl,2021 week 6
92,stor,0.0,hl,2021 week 6
93,stor,0.0,hl,2021 week 6
94,stor,0.0,hl,2021 week 6
95,stor,0.0,hl,2021 week 6
96,stor,0.0,hl,2021 week 6
97,stor,0.0,hl,2021 week 6
98,stor,0.0,hl,2021 week 6
99,stor,0.0,hl,2021 week 6
100,stor,0.0,hl,2021 week 6
101,stor,0.0,hl,2021 week 6
102,stor,0.0,hl,2021 week 6
103,stor,0.0,hl,2021 week 6
104,stor,0.0,hl,2021 week 6
105,stor,0.0,hl,2021 week 6
106,stor,0.0,hl,2021 week 6
107,stor,0.0,hl,2021 week 6
108,stor,0.0,hl,2021 week 6
109,stor,0.0,hl,2021 week 6
110,stor,0.0,hl,2021 week 6
111,stor,0.0,hl,2021 week 6
112,stor,0.0,hl,2021 week 6
113,stor,0.0,hl,2021 week 6
114,stor,0.0,hl,2021 week 6
115,stor,0.0,hl,2021 week 6
116,stor,0.0,hl,2021 week 6
117,stor,0.0,hl,2021 week 6
118,stor,0.0,hl,2021 week 6
119,stor,0.0,hl,2021 week 6
120,stor,0.0,hl,2021 week 6
121,stor,0.0,hl,2021 week 6
122,stor,0.0,hl,2021 week 6
123,stor,0.0,hl,2021 week 6
124,stor,0.0,hl,2021 week 6
125,stor,0.0,hl,2021 week 6
126,stor,0.0,hl,2021 week 6
127,stor,0.0,hl,2021 week 6
128,stor,0.0,hl,2021 week 6
129,stor,0.0,hl,2021 week 6
130,stor,0.0,hl,2021 week 6
131,stor,0.0,hl,2021 week 6
132,stor,0.0,hl,2021 week 6
133,stor,0.0,hl,2021 week 6
134,stor,0.0,hl,2021 week 6
135,stor,0.0,hl,2021 week 6
136,stor,0.0,hl,2021 week 6
137,stor,0.0,hl,2021 week 6
138,stor,0.0,hl,2021 week 6
139,stor,0.0,hl,2021 week 6
140,stor,0.0,hl,2021 week 6
141,stor,0.0,hl,2021 week 6
142,stor,0.0,hl,2021 week 6
143,stor,0.0,hl,2021 week 6
144,stor,0.0,hl,2021 week 6
145,stor,0.0,hl,2021 week 6
146,stor,0.0,hl,2021 week 6
147,stor,0.0,hl,2021 week 6
148,stor,0.0,hl,2021 week 6
149,stor,0.0,hl,2021 week 6
150,stor,0.0,hl,2021 week 6
151,stor,0.0,hl,2021 week 6
152,stor,0.0,hl,2021 week 6
153,stor,0.0,hl,2021 week 6
154,stor,0.0,hl,2021 week 6
155,stor,0.0,hl,2021 week 6
156,stor,0.0,hl,2021 week 6
157,stor,0.0,hl,2021 week 6
158,stor,0.0,hl,2021 week 6
159,stor,0.0,hl,2021 week 6
160,stor,0.0,hl,2021 week 6
161,stor,0.0,hl,2021 week 6
162,stor,0.0,hl,2021 week 6
163,stor,0.0,hl,2021 week 6
164,stor,0.0,hl,2021 week 6
165,stor,0.0,hl,2021 week 6
166,stor,0.0,hl,2021 week 6
167,stor,0.0,hl,2021 week 6
168,stor,0.0,hl,2021 week 6
1,net_import,3312.681242855527,hl,2021 week 6
2,net_import,2243.4815748490428,hl,2021 week 6
3,net_import,1591.6040357750323,hl,2021 week 6
4,net_import,1490.7801317555934,hl,2021 week 6
5,net_import,1563.879273377545,hl,2021 week 6
6,net_import,3061.258074069658,hl,2021 week 6
7,net_import,4871.052950339538,hl,2021 week 6
8,net_import,5140.347095629651,hl,2021 week 6
9,net_import,5111.1593725564,hl,2021 week 6
10,net_import,4995.507941908788,hl,2021 week 6
11,net_import,4472.325,hl,2021 week 6
12,net_import,4472.325,hl,2021 week 6
13,net_import,4472.325,hl,2021 week 6
14,net_import,4472.325,hl,2021 week 6
15,net_import,4557.229075911018,hl,2021 week 6
16,net_import,4354.5998880264415,hl,2021 week 6
17,net_import,4143.666711039264,hl,2021 week 6
18,net_import,3620.469364146029,hl,2021 week 6
19,net_import,2336.653572061815,hl,2021 week 6
20,net_import,2656.454780738467,hl,2021 week 6
21,net_import,2662.739165990577,hl,2021 week 6
22,net_import,2159.4200298794663,hl,2021 week 6
23,net_import,3394.77960881973,hl,2021 week 6
24,net_import,3204.9755119602632,hl,2021 week 6
25,net_import,3009.7417360569,hl,2021 week 6
26,net_import,3266.250241191659,hl,2021 week 6
27,net_import,3011.533026077616,hl,2021 week 6
28,net_import,3325.064185202999,hl,2021 week 6
29,net_import,3517.680618165428,hl,2021 week 6
30,net_import,4725.1162950133275,hl,2021 week 6
31,net_import,4752.6185745337,hl,2021 week 6
32,net_import,3951.032133592697,hl,2021 week 6
33,net_import,3520.0561050326414,hl,2021 week 6
34,net_import,3043.596063237359,hl,2021 week 6
35,net_import,2945.56495297892,hl,2021 week 6
36,net_import,3719.57110347423,hl,2021 week 6
37,net_import,2989.4269460591586,hl,2021 week 6
38,net_import,3643.752631427772,hl,2021 week 6
39,net_import,3449.962022087746,hl,2021 week 6
40,net_import,2351.038425973243,hl,2021 week 6
41,net_import,4217.43748011542,hl,2021 week 6
42,net_import,4006.1931347787618,hl,2021 week 6
43,net_import,4986.2102684614365,hl,2021 week 6
44,net_import,5461.0770777357675,hl,2021 week 6
45,net_import,5425.219244678727,hl,2021 week 6
46,net_import,3755.803689008613,hl,2021 week 6
47,net_import,3866.13646876901,hl,2021 week 6
48,net_import,2896.747923958085,hl,2021 week 6
49,net_import,2966.579662706287,hl,2021 week 6
50,net_import,2683.1473867246623,hl,2021 week 6
51,net_import,2983.341888306165,hl,2021 week 6
52,net_import,2950.399656946086,hl,2021 week 6
53,net_import,2956.5865085029855,hl,2021 week 6
54,net_import,3254.7781533511406,hl,2021 week 6
55,net_import,2520.3943221531376,hl,2021 week 6
56,net_import,2280.1531798142646,hl,2021 week 6
57,net_import,2348.160306761466,hl,2021 week 6
58,net_import,1797.013203319227,hl,2021 week 6
59,net_import,1758.1396123400311,hl,2021 week 6
60,net_import,1905.0613503630148,hl,2021 week 6
61,net_import,1977.754414519742,hl,2021 week 6
62,net_import,1942.175688838202,hl,2021 week 6
63,net_import,1007.7175013755387,hl,2021 week 6
64,net_import,823.6099628336088,hl,2021 week 6
65,net_import,2355.9361008147725,hl,2021 week 6
66,net_import,1936.1479106679328,hl,2021 week 6
67,net_import,704.0450020094986,hl,2021 week 6
68,net_import,515.4935666588119,hl,2021 week 6
69,net_import,1e-10,hl,2021 week 6
70,net_import,1e-10,hl,2021 week 6
71,net_import,718.2737022865243,hl,2021 week 6
72,net_import,936.375629344335,hl,2021 week 6
73,net_import,1066.2079390183255,hl,2021 week 6
74,net_import,1444.793966766223,hl,2021 week 6
75,net_import,1654.8437668067215,hl,2021 week 6
76,net_import,1940.5114948617995,hl,2021 week 6
77,net_import,2053.1992490569996,hl,2021 week 6
78,net_import,3430.531506953934,hl,2021 week 6
79,net_import,4409.812623881644,hl,2021 week 6
80,net_import,4147.708508829118,hl,2021 week 6
81,net_import,4472.325,hl,2021 week 6
82,net_import,4240.246110676503,hl,2021 week 6
83,net_import,3858.2785297189416,hl,2021 week 6
84,net_import,2960.2267344268503,hl,2021 week 6
85,net_import,1671.1724938932878,hl,2021 week 6
86,net_import,858.0680576626502,hl,2021 week 6
87,net_import,884.7271944291177,hl,2021 week 6
88,net_import,-0.0,hl,2021 week 6
89,net_import,1597.4342069783115,hl,2021 week 6
90,net_import,1024.4338957210775,hl,2021 week 6
91,net_import,1e-10,hl,2021 week 6
92,net_import,624.7205762524034,hl,2021 week 6
93,net_import,371.6778737000117,hl,2021 week 6
94,net_import,1e-10,hl,2021 week 6
95,net_import,-0.0,hl,2021 week 6
96,net_import,1437.861049482027,hl,2021 week 6
97,net_import,2136.226373598663,hl,2021 week 6
98,net_import,2188.8012096571824,hl,2021 week 6
99,net_import,2214.0071856620416,hl,2021 week 6
100,net_import,2512.7920875304226,hl,2021 week 6
101,net_import,2835.029422380276,hl,2021 week 6
102,net_import,3936.690472253365,hl,2021 week 6
103,net_import,4506.873323391761,hl,2021 week 6
104,net_import,3431.986208730787,hl,2021 week 6
105,net_import,1956.717244959806,hl,2021 week 6
106,net_import,57.632835243496395,hl,2021 week 6
107,net_import,-0.0,hl,2021 week 6
108,net_import,1e-10,hl,2021 week 6
109,net_import,1e-10,hl,2021 week 6
110,net_import,1e-10,hl,2021 week 6
111,net_import,1e-10,hl,2021 week 6
112,net_import,1e-10,hl,2021 week 6
113,net_import,1e-10,hl,2021 week 6
114,net_import,1e-10,hl,2021 week 6
115,net_import,1e-10,hl,2021 week 6
116,net_import,1e-10,hl,2021 week 6
117,net_import,1e-10,hl,2021 week 6
118,net_import,1e-10,hl,2021 week 6
119,net_import,1e-10,hl,2021 week 6
120,net_import,103.16925247430854,hl,2021 week 6
121,net_import,788.3897535903048,hl,2021 week 6
122,net_import,2278.964133191657,hl,2021 week 6
123,net_import,2853.797624794977,hl,2021 week 6
124,net_import,3240.225295140224,hl,2021 week 6
125,net_import,3327.0197584005264,hl,2021 week 6
126,net_import,4325.884212832535,hl,2021 week 6
127,net_import,4399.532121041966,hl,2021 week 6
128,net_import,2249.7210093016483,hl,2021 week 6
129,net_import,121.89535032069432,hl,2021 week 6
130,net_import,583.4230518360334,hl,2021 week 6
131,net_import,999.9809494215624,hl,2021 week 6
132,net_import,224.88782348265067,hl,2021 week 6
133,net_import,1167.3374171738014,hl,2021 week 6
134,net_import,-0.0,hl,2021 week 6
135,net_import,-0.0,hl,2021 week 6
136,net_import,516.5182642269916,hl,2021 week 6
137,net_import,2938.8570814144305,hl,2021 week 6
138,net_import,2776.537707340032,hl,2021 week 6
139,net_import,1548.1173728457527,hl,2021 week 6
140,net_import,1797.7554423362371,hl,2021 week 6
141,net_import,1056.139873258074,hl,2021 week 6
142,net_import,1e-10,hl,2021 week 6
143,net_import,561.2973537652117,hl,2021 week 6
144,net_import,727.5142271297468,hl,2021 week 6
145,net_import,448.2842653546384,hl,2021 week 6
146,net_import,1000.1676047241305,hl,2021 week 6
147,net_import,2564.252274074719,hl,2021 week 6
148,net_import,3150.954501360955,hl,2021 week 6
149,net_import,3360.5528913232765,hl,2021 week 6
150,net_import,4062.262409501875,hl,2021 week 6
151,net_import,4870.3704063559335,hl,2021 week 6
152,net_import,4367.239919090352,hl,2021 week 6
153,net_import,2464.3814014675536,hl,2021 week 6
154,net_import,2700.373166856586,hl,2021 week 6
155,net_import,3448.012440389226,hl,2021 week 6
156,net_import,3358.0731817401547,hl,2021 week 6
157,net_import,1991.6693727027448,hl,2021 week 6
158,net_import,1652.2105774822812,hl,2021 week 6
159,net_import,1838.831669351777,hl,2021 week 6
160,net_import,2751.7926287221694,hl,2021 week 6
161,net_import,5027.667546776564,hl,2021 week 6
162,net_import,5160.766121859735,hl,2021 week 6
163,net_import,4319.358167591122,hl,2021 week 6
164,net_import,4634.36194432933,hl,2021 week 6
165,net_import,4106.993895466488,hl,2021 week 6
166,net_import,3131.4785060737063,hl,2021 week 6
167,net_import,3515.25813109522,hl,2021 week 6
168,net_import,3324.078023438363,hl,2021 week 6
1,nse,0.0,hl,2021 week 6
2,nse,0.0,hl,2021 week 6
3,nse,0.0,hl,2021 week 6
4,nse,0.0,hl,2021 week 6
5,nse,0.0,hl,2021 week 6
6,nse,0.0,hl,2021 week 6
7,nse,0.0,hl,2021 week 6
8,nse,0.0,hl,2021 week 6
9,nse,0.0,hl,2021 week 6
10,nse,0.0,hl,2021 week 6
11,nse,0.0,hl,2021 week 6
12,nse,0.0,hl,2021 week 6
13,nse,0.0,hl,2021 week 6
14,nse,0.0,hl,2021 week 6
15,nse,0.0,hl,2021 week 6
16,nse,0.0,hl,2021 week 6
17,nse,0.0,hl,2021 week 6
18,nse,0.0,hl,2021 week 6
19,nse,0.0,hl,2021 week 6
20,nse,0.0,hl,2021 week 6
21,nse,0.0,hl,2021 week 6
22,nse,0.0,hl,2021 week 6
23,nse,0.0,hl,2021 week 6
24,nse,0.0,hl,2021 week 6
25,nse,0.0,hl,2021 week 6
26,nse,0.0,hl,2021 week 6
27,nse,0.0,hl,2021 week 6
28,nse,0.0,hl,2021 week 6
29,nse,0.0,hl,2021 week 6
30,nse,0.0,hl,2021 week 6
31,nse,0.0,hl,2021 week 6
32,nse,0.0,hl,2021 week 6
33,nse,0.0,hl,2021 week 6
34,nse,0.0,hl,2021 week 6
35,nse,0.0,hl,2021 week 6
36,nse,0.0,hl,2021 week 6
37,nse,0.0,hl,2021 week 6
38,nse,0.0,hl,2021 week 6
39,nse,0.0,hl,2021 week 6
40,nse,0.0,hl,2021 week 6
41,nse,0.0,hl,2021 week 6
42,nse,0.0,hl,2021 week 6
43,nse,0.0,hl,2021 week 6
44,nse,0.0,hl,2021 week 6
45,nse,0.0,hl,2021 week 6
46,nse,0.0,hl,2021 week 6
47,nse,0.0,hl,2021 week 6
48,nse,0.0,hl,2021 week 6
49,nse,0.0,hl,2021 week 6
50,nse,0.0,hl,2021 week 6
51,nse,0.0,hl,2021 week 6
52,nse,0.0,hl,2021 week 6
53,nse,0.0,hl,2021 week 6
54,nse,0.0,hl,2021 week 6
55,nse,0.0,hl,2021 week 6
56,nse,0.0,hl,2021 week 6
57,nse,0.0,hl,2021 week 6
58,nse,0.0,hl,2021 week 6
59,nse,0.0,hl,2021 week 6
60,nse,0.0,hl,2021 week 6
61,nse,0.0,hl,2021 week 6
62,nse,0.0,hl,2021 week 6
63,nse,0.0,hl,2021 week 6
64,nse,0.0,hl,2021 week 6
65,nse,0.0,hl,2021 week 6
66,nse,0.0,hl,2021 week 6
67,nse,0.0,hl,2021 week 6
68,nse,0.0,hl,2021 week 6
69,nse,0.0,hl,2021 week 6
70,nse,0.0,hl,2021 week 6
71,nse,0.0,hl,2021 week 6
72,nse,0.0,hl,2021 week 6
73,nse,0.0,hl,2021 week 6
74,nse,0.0,hl,2021 week 6
75,nse,0.0,hl,2021 week 6
76,nse,0.0,hl,2021 week 6
77,nse,0.0,hl,2021 week 6
78,nse,0.0,hl,2021 week 6
79,nse,0.0,hl,2021 week 6
80,nse,0.0,hl,2021 week 6
81,nse,0.0,hl,2021 week 6
82,nse,0.0,hl,2021 week 6
83,nse,0.0,hl,2021 week 6
84,nse,0.0,hl,2021 week 6
85,nse,0.0,hl,2021 week 6
86,nse,0.0,hl,2021 week 6
87,nse,0.0,hl,2021 week 6
88,nse,0.0,hl,2021 week 6
89,nse,0.0,hl,2021 week 6
90,nse,0.0,hl,2021 week 6
91,nse,0.0,hl,2021 week 6
92,nse,0.0,hl,2021 week 6
93,nse,0.0,hl,2021 week 6
94,nse,0.0,hl,2021 week 6
95,nse,0.0,hl,2021 week 6
96,nse,0.0,hl,2021 week 6
97,nse,0.0,hl,2021 week 6
98,nse,0.0,hl,2021 week 6
99,nse,0.0,hl,2021 week 6
100,nse,0.0,hl,2021 week 6
101,nse,0.0,hl,2021 week 6
102,nse,0.0,hl,2021 week 6
103,nse,0.0,hl,2021 week 6
104,nse,0.0,hl,2021 week 6
105,nse,0.0,hl,2021 week 6
106,nse,0.0,hl,2021 week 6
107,nse,0.0,hl,2021 week 6
108,nse,0.0,hl,2021 week 6
109,nse,0.0,hl,2021 week 6
110,nse,0.0,hl,2021 week 6
111,nse,0.0,hl,2021 week 6
112,nse,0.0,hl,2021 week 6
113,nse,0.0,hl,2021 week 6
114,nse,0.0,hl,2021 week 6
115,nse,0.0,hl,2021 week 6
116,nse,0.0,hl,2021 week 6
117,nse,0.0,hl,2021 week 6
118,nse,0.0,hl,2021 week 6
119,nse,0.0,hl,2021 week 6
120,nse,0.0,hl,2021 week 6
121,nse,0.0,hl,2021 week 6
122,nse,0.0,hl,2021 week 6
123,nse,0.0,hl,2021 week 6
124,nse,0.0,hl,2021 week 6
125,nse,0.0,hl,2021 week 6
126,nse,0.0,hl,2021 week 6
127,nse,0.0,hl,2021 week 6
128,nse,0.0,hl,2021 week 6
129,nse,0.0,hl,2021 week 6
130,nse,0.0,hl,2021 week 6
131,nse,0.0,hl,2021 week 6
132,nse,0.0,hl,2021 week 6
133,nse,0.0,hl,2021 week 6
134,nse,0.0,hl,2021 week 6
135,nse,0.0,hl,2021 week 6
136,nse,0.0,hl,2021 week 6
137,nse,0.0,hl,2021 week 6
138,nse,0.0,hl,2021 week 6
139,nse,0.0,hl,2021 week 6
140,nse,0.0,hl,2021 week 6
141,nse,0.0,hl,2021 week 6
142,nse,0.0,hl,2021 week 6
143,nse,0.0,hl,2021 week 6
144,nse,0.0,hl,2021 week 6
145,nse,0.0,hl,2021 week 6
146,nse,0.0,hl,2021 week 6
147,nse,0.0,hl,2021 week 6
148,nse,0.0,hl,2021 week 6
149,nse,0.0,hl,2021 week 6
150,nse,0.0,hl,2021 week 6
151,nse,0.0,hl,2021 week 6
152,nse,0.0,hl,2021 week 6
153,nse,0.0,hl,2021 week 6
154,nse,0.0,hl,2021 week 6
155,nse,0.0,hl,2021 week 6
156,nse,0.0,hl,2021 week 6
157,nse,0.0,hl,2021 week 6
158,nse,0.0,hl,2021 week 6
159,nse,0.0,hl,2021 week 6
160,nse,0.0,hl,2021 week 6
161,nse,0.0,hl,2021 week 6
162,nse,0.0,hl,2021 week 6
163,nse,0.0,hl,2021 week 6
164,nse,0.0,hl,2021 week 6
165,nse,0.0,hl,2021 week 6
166,nse,0.0,hl,2021 week 6
167,nse,0.0,hl,2021 week 6
168,nse,0.0,hl,2021 week 6
1,demand,9048.605058855326,hl,2021 week 6
2,demand,8960.305390848844,hl,2021 week 6
3,demand,8956.271535774831,hl,2021 week 6
4,demand,8955.647631755393,hl,2021 week 6
5,demand,9279.246773377345,hl,2021 week 6
6,demand,10765.350838069457,hl,2021 week 6
7,demand,11714.11159165909,hl,2021 week 6
8,demand,11541.886086309696,hl,2021 week 6
9,demand,11952.6831885562,hl,2021 week 6
10,demand,12200.931757908587,hl,2021 week 6
11,demand,12846.2836999998,hl,2021 week 6
12,demand,12671.508599999795,hl,2021 week 6
13,demand,11690.842799999798,hl,2021 week 6
14,demand,11828.2696999998,hl,2021 week 6
15,demand,11806.952891910816,hl,2021 week 6
16,demand,12060.656510349814,hl,2021 week 6
17,demand,13502.524466039064,hl,2021 week 6
18,demand,13064.045654145828,hl,2021 week 6
19,demand,12202.234187061616,hl,2021 week 6
20,demand,12557.020520738268,hl,2021 week 6
21,demand,12059.043448779164,hl,2021 week 6
22,demand,11135.912824554318,hl,2021 week 6
23,demand,10203.65342481953,hl,2021 week 6
24,demand,9302.199327960065,hl,2021 week 6
25,demand,9091.9655520567,hl,2021 week 6
26,demand,9011.017741191456,hl,2021 week 6
27,demand,9009.441536660644,hl,2021 week 6
28,demand,9011.381685202798,hl,2021 week 6
29,demand,9337.746306582,hl,2021 week 6
30,demand,10829.366116013129,hl,2021 week 6
31,demand,11771.4682305335,hl,2021 week 6
32,demand,11591.930109592497,hl,2021 week 6
33,demand,12002.97992103244,hl,2021 week 6
34,demand,12249.92043034234,hl,2021 week 6
35,demand,12901.33267237498,hl,2021 week 6
36,demand,12730.338603474029,hl,2021 week 6
37,demand,11739.79444605896,hl,2021 week 6
38,demand,11882.54462492613,hl,2021 week 6
39,demand,11859.435114409078,hl,2021 week 6
40,demand,12108.500365973045,hl,2021 week 6
41,demand,13569.840880115218,hl,2021 week 6
42,demand,13130.94704477856,hl,2021 week 6
43,demand,12279.202014461236,hl,2021 week 6
44,demand,12636.492219123917,hl,2021 week 6
45,demand,12135.944668195414,hl,2021 week 6
46,demand,11200.765997491524,hl,2021 week 6
47,demand,10257.51028476881,hl,2021 week 6
48,demand,9346.571739957884,hl,2021 week 6
49,demand,9145.747162706086,hl,2021 week 6
50,demand,9060.451767754848,hl,2021 week 6
51,demand,9062.309388305965,hl,2021 week 6
52,demand,9062.105539915498,hl,2021 week 6
53,demand,9389.710324502785,hl,2021 week 6
54,demand,10884.11086424664,hl,2021 week 6
55,demand,11826.943107152938,hl,2021 week 6
56,demand,11649.459516814062,hl,2021 week 6
57,demand,12065.232948761266,hl,2021 week 6
58,demand,12313.487019319024,hl,2021 week 6
59,demand,12968.984367339832,hl,2021 week 6
60,demand,12793.264227362812,hl,2021 week 6
61,demand,11802.644656154444,hl,2021 week 6
62,demand,11941.309392988029,hl,2021 week 6
63,demand,11913.409512882485,hl,2021 week 6
64,demand,12169.97594502312,hl,2021 week 6
65,demand,13634.133365814574,hl,2021 week 6
66,demand,13194.441650667732,hl,2021 week 6
67,demand,12324.8105770093,hl,2021 week 6
68,demand,12679.875481243347,hl,2021 week 6
69,demand,12174.646095981858,hl,2021 week 6
70,demand,11254.491381388469,hl,2021 week 6
71,demand,10298.447518286324,hl,2021 week 6
72,demand,9389.949445344137,hl,2021 week 6
73,demand,9162.431755018126,hl,2021 week 6
74,demand,9078.311466766025,hl,2021 week 6
75,demand,9079.61126680652,hl,2021 week 6
76,demand,9081.3789948616,hl,2021 week 6
77,demand,9416.5920130568,hl,2021 week 6
78,demand,10942.255322953732,hl,2021 week 6
79,demand,11911.254769881443,hl,2021 week 6
80,demand,11730.855454796096,hl,2021 week 6
81,demand,12155.072499999798,hl,2021 week 6
82,demand,12409.454782709125,hl,2021 week 6
83,demand,13073.65234571874,hl,2021 week 6
84,demand,12888.550550426651,hl,2021 week 6
85,demand,11873.146309893084,hl,2021 week 6
86,demand,12009.291873662449,hl,2021 week 6
87,demand,11986.974441908273,hl,2021 week 6
88,demand,12243.4589999998,hl,2021 week 6
89,demand,13726.57735697811,hl,2021 week 6
90,demand,13284.45390072088,hl,2021 week 6
91,demand,12403.430461931,hl,2021 week 6
92,demand,12767.313206252204,hl,2021 week 6
93,demand,12254.27416369981,hl,2021 week 6
94,demand,11310.0717733435,hl,2021 week 6
95,demand,10341.7025999998,hl,2021 week 6
96,demand,9425.734865481829,hl,2021 week 6
97,demand,9170.300189598462,hl,2021 week 6
98,demand,9082.625025656982,hl,2021 week 6
99,demand,9082.781001661842,hl,2021 week 6
100,demand,9084.62989953022,hl,2021 week 6
101,demand,9424.796922380076,hl,2021 week 6
102,demand,10961.719563253166,hl,2021 week 6
103,demand,11936.43418439156,hl,2021 week 6
104,demand,11749.460024730584,hl,2021 week 6
105,demand,12166.147376959603,hl,2021 week 6
106,demand,12412.400335243294,hl,2021 week 6
107,demand,13084.3012999998,hl,2021 week 6
108,demand,12905.389327447783,hl,2021 week 6
109,demand,11896.248898465,hl,2021 week 6
110,demand,12036.41193936,hl,2021 week 6
111,demand,12015.177602451398,hl,2021 week 6
112,demand,12278.793810677336,hl,2021 week 6
113,demand,13756.546152406,hl,2021 week 6
114,demand,13324.931753127195,hl,2021 week 6
115,demand,12452.039537804334,hl,2021 week 6
116,demand,12811.512462766406,hl,2021 week 6
117,demand,12295.126535291614,hl,2021 week 6
118,demand,11342.7350030895,hl,2021 week 6
119,demand,10361.027703200953,hl,2021 week 6
120,demand,9421.00556847411,hl,2021 week 6
121,demand,9161.9597003767,hl,2021 week 6
122,demand,9083.250449191455,hl,2021 week 6
123,demand,9086.827624794776,hl,2021 week 6
124,demand,9089.155295140024,hl,2021 week 6
125,demand,9427.841386400329,hl,2021 week 6
126,demand,10964.127916127907,hl,2021 week 6
127,demand,11935.993437041763,hl,2021 week 6
128,demand,11742.14410082206,hl,2021 week 6
129,demand,12154.793395320494,hl,2021 week 6
130,demand,12415.653954835832,hl,2021 week 6
131,demand,13090.68088442136,hl,2021 week 6
132,demand,12904.613918568415,hl,2021 week 6
133,demand,11894.408949947598,hl,2021 week 6
134,demand,12029.5690999998,hl,2021 week 6
135,demand,12006.8944999998,hl,2021 week 6
136,demand,12274.288644226792,hl,2021 week 6
137,demand,13772.35692141423,hl,2021 week 6
138,demand,13331.454072339831,hl,2021 week 6
139,demand,12439.99653784555,hl,2021 week 6
140,demand,12806.649212336037,hl,2021 week 6
141,demand,12286.215853257874,hl,2021 week 6
142,demand,11327.9325012045,hl,2021 week 6
143,demand,10356.557339765011,hl,2021 week 6
144,demand,9424.816799176584,hl,2021 week 6
145,demand,9094.483108383289,hl,2021 week 6
146,demand,9018.31639369508,hl,2021 week 6
147,demand,9027.995038074518,hl,2021 week 6
148,demand,9031.625584633668,hl,2021 week 6
149,demand,9351.070391323075,hl,2021 week 6
150,demand,10814.529909501674,hl,2021 week 6
151,demand,11745.844222355732,hl,2021 week 6
152,demand,11570.589127576804,hl,2021 week 6
153,demand,11964.875131467354,hl,2021 week 6
154,demand,12212.370161856386,hl,2021 week 6
155,demand,12858.341005389026,hl,2021 week 6
156,demand,12684.830646739952,hl,2021 week 6
157,demand,11707.476762702545,hl,2021 week 6
158,demand,11841.15407248208,hl,2021 week 6
159,demand,11820.686294351575,hl,2021 week 6
160,demand,12078.49521872197,hl,2021 week 6
161,demand,13523.141696776362,hl,2021 week 6
162,demand,13088.314581859537,hl,2021 week 6
163,demand,12239.90913259092,hl,2021 week 6
164,demand,12590.109459329133,hl,2021 week 6
165,demand,12094.852010466288,hl,2021 week 6
166,demand,11179.816566073505,hl,2021 week 6
167,demand,10253.97691609502,hl,2021 week 6
168,demand,9363.299982778031,hl,2021 week 6
1,net_export,-13243.195827728665,ime,2021 week 6
2,net_export,-18304.883629905,ime,2021 week 6
3,net_export,-17536.793409585793,ime,2021 week 6
4,net_export,-16817.121110200904,ime,2021 week 6
5,net_export,-15767.19908101788,ime,2021 week 6
6,net_export,-16659.11608280732,ime,2021 week 6
7,net_export,-18677.367826950576,ime,2021 week 6
8,net_export,-17645.134623168575,ime,2021 week 6
9,net_export,-18148.04061315657,ime,2021 week 6
10,net_export,-17184.43916552607,ime,2021 week 6
11,net_export,-15017.835194960042,ime,2021 week 6
12,net_export,-14570.995145892792,ime,2021 week 6
13,net_export,-13789.469313307358,ime,2021 week 6
14,net_export,-13228.354884269504,ime,2021 week 6
15,net_export,-12163.870457036292,ime,2021 week 6
16,net_export,-10343.2302336497,ime,2021 week 6
17,net_export,-7622.075286815878,ime,2021 week 6
18,net_export,-5336.097951832751,ime,2021 week 6
19,net_export,-4801.060338379663,ime,2021 week 6
20,net_export,-4311.549668088164,ime,2021 week 6
21,net_export,-4574.042989571414,ime,2021 week 6
22,net_export,-5218.53520685543,ime,2021 week 6
23,net_export,-6323.987529223794,ime,2021 week 6
24,net_export,-7637.324649052143,ime,2021 week 6
25,net_export,-8634.967911195186,ime,2021 week 6
26,net_export,-9506.131931552742,ime,2021 week 6
27,net_export,-10434.31349840408,ime,2021 week 6
28,net_export,-10452.467523946363,ime,2021 week 6
29,net_export,-9809.89584108299,ime,2021 week 6
30,net_export,-8402.182803341479,ime,2021 week 6
31,net_export,-7583.49489764198,ime,2021 week 6
32,net_export,-6332.841609847508,ime,2021 week 6
33,net_export,-5004.370381897297,ime,2021 week 6
34,net_export,-4926.593578391034,ime,2021 week 6
35,net_export,-4438.412009411396,ime,2021 week 6
36,net_export,-5752.394127193144,ime,2021 week 6
37,net_export,-5962.832876880898,ime,2021 week 6
38,net_export,-5420.672893515897,ime,2021 week 6
39,net_export,-5066.402856537897,ime,2021 week 6
40,net_export,-4454.341835537559,ime,2021 week 6
41,net_export,-4331.514466744172,ime,2021 week 6
42,net_export,-5971.5906659572365,ime,2021 week 6
43,net_export,-9243.16377371767,ime,2021 week 6
44,net_export,-8999.597723636167,ime,2021 week 6
45,net_export,-8106.421571291168,ime,2021 week 6
46,net_export,-7832.860815848629,ime,2021 week 6
47,net_export,-7773.458863588316,ime,2021 week 6
48,net_export,-7707.2319126617,ime,2021 week 6
49,net_export,-7664.848062860724,ime,2021 week 6
50,net_export,-7352.690461023837,ime,2021 week 6
51,net_export,-7120.8711491398635,ime,2021 week 6
52,net_export,-6960.150710164101,ime,2021 week 6
53,net_export,-6942.302296243438,ime,2021 week 6
54,net_export,-6001.553063845435,ime,2021 week 6
55,net_export,-5516.693878399903,ime,2021 week 6
56,net_export,-6101.290313114378,ime,2021 week 6
57,net_export,-7046.945436788829,ime,2021 week 6
58,net_export,-8753.146313950088,ime,2021 week 6
59,net_export,-9564.233323395578,ime,2021 week 6
60,net_export,-10664.428255565725,ime,2021 week 6
61,net_export,-10452.916673962523,ime,2021 week 6
62,net_export,-10055.758088047627,ime,2021 week 6
63,net_export,-9333.397376454426,ime,2021 week 6
64,net_export,-7810.011485957572,ime,2021 week 6
65,net_export,-5521.2799522907035,ime,2021 week 6
66,net_export,-4551.38884051121,ime,2021 week 6
67,net_export,-4637.603422554161,ime,2021 week 6
68,net_export,-4109.169919573363,ime,2021 week 6
69,net_export,-4201.69691339808,ime,2021 week 6
70,net_export,-4714.454344204057,ime,2021 week 6
71,net_export,-6286.971094348626,ime,2021 week 6
72,net_export,-10385.978155460034,ime,2021 week 6
73,net_export,-14445.3254961349,ime,2021 week 6
74,net_export,-15658.058745298176,ime,2021 week 6
75,net_export,-15868.575909765885,ime,2021 week 6
76,net_export,-16270.948224087226,ime,2021 week 6
77,net_export,-17288.583578451282,ime,2021 week 6
78,net_export,-15888.52039916874,ime,2021 week 6
79,net_export,-15007.21584205221,ime,2021 week 6
80,net_export,-14909.4236218831,ime,2021 week 6
81,net_export,-16358.693465837072,ime,2021 week 6
82,net_export,-17532.302255983588,ime,2021 week 6
83,net_export,-15562.3904176618,ime,2021 week 6
84,net_export,-14079.749379208926,ime,2021 week 6
85,net_export,-12101.395990757108,ime,2021 week 6
86,net_export,-10124.184522377607,ime,2021 week 6
87,net_export,-8654.161994658523,ime,2021 week 6
88,net_export,-7213.742541475036,ime,2021 week 6
89,net_export,-5805.784297479262,ime,2021 week 6
90,net_export,-4679.5754132484635,ime,2021 week 6
91,net_export,-4429.937756197962,ime,2021 week 6
92,net_export,-4039.1007143718416,ime,2021 week 6
93,net_export,-4279.238124140492,ime,2021 week 6
94,net_export,-4986.552555856035,ime,2021 week 6
95,net_export,-6774.113810621535,ime,2021 week 6
96,net_export,-9380.54644583062,ime,2021 week 6
97,net_export,-12090.361714074565,ime,2021 week 6
98,net_export,-14232.077630983042,ime,2021 week 6
99,net_export,-15763.619081512676,ime,2021 week 6
100,net_export,-17029.024128101737,ime,2021 week 6
101,net_export,-17513.774568230954,ime,2021 week 6
102,net_export,-17549.927887222722,ime,2021 week 6
103,net_export,-17018.404549164174,ime,2021 week 6
104,net_export,-13675.24244196543,ime,2021 week 6
105,net_export,-8544.645194278204,ime,2021 week 6
106,net_export,-7533.202369537571,ime,2021 week 6
107,net_export,-6709.188250796013,ime,2021 week 6
108,net_export,-7173.979817885325,ime,2021 week 6
109,net_export,-7300.429209842063,ime,2021 week 6
110,net_export,-6987.965962802064,ime,2021 week 6
111,net_export,-6741.084977064564,ime,2021 week 6
112,net_export,-5955.367356843383,ime,2021 week 6
113,net_export,-5110.45910771648,ime,2021 week 6
114,net_export,-4450.2379260190155,ime,2021 week 6
115,net_export,-4457.132158154445,ime,2021 week 6
116,net_export,-4126.049224471351,ime,2021 week 6
117,net_export,-4470.515298183378,ime,2021 week 6
118,net_export,-5089.73793476565,ime,2021 week 6
119,net_export,-5913.656140622361,ime,2021 week 6
120,net_export,-6825.755158453883,ime,2021 week 6
121,net_export,-7716.032229106468,ime,2021 week 6
122,net_export,-8452.679480779461,ime,2021 week 6
123,net_export,-9149.509850113309,ime,2021 week 6
124,net_export,-9828.463656586966,ime,2021 week 6
125,net_export,-10507.05637054376,ime,2021 week 6
126,net_export,-9882.506086985712,ime,2021 week 6
127,net_export,-8464.315642055853,ime,2021 week 6
128,net_export,-7077.550544031317,ime,2021 week 6
129,net_export,-5929.604991801058,ime,2021 week 6
130,net_export,-5800.401589816537,ime,2021 week 6
131,net_export,-5402.861553198847,ime,2021 week 6
132,net_export,-6917.4110861516565,ime,2021 week 6
133,net_export,-7840.284956278473,ime,2021 week 6
134,net_export,-8263.076260719707,ime,2021 week 6
135,net_export,-8821.859753222208,ime,2021 week 6
136,net_export,-8945.26281387173,ime,2021 week 6
137,net_export,-8794.289459232183,ime,2021 week 6
138,net_export,-9269.030217295553,ime,2021 week 6
139,net_export,-10791.06026243501,ime,2021 week 6
140,net_export,-9904.374325097291,ime,2021 week 6
141,net_export,-8926.798189030045,ime,2021 week 6
142,net_export,-8269.936572492199,ime,2021 week 6
143,net_export,-7852.324345450552,ime,2021 week 6
144,net_export,-7219.157470739191,ime,2021 week 6
145,net_export,-7361.289126651133,ime,2021 week 6
146,net_export,-8014.439851509579,ime,2021 week 6
147,net_export,-9640.678756457624,ime,2021 week 6
148,net_export,-11996.729996445276,ime,2021 week 6
149,net_export,-14174.169978363618,ime,2021 week 6
150,net_export,-14904.340384047371,ime,2021 week 6
151,net_export,-14866.996778099234,ime,2021 week 6
152,net_export,-11381.101896370914,ime,2021 week 6
153,net_export,-8815.252274689368,ime,2021 week 6
154,net_export,-8377.22690611836,ime,2021 week 6
155,net_export,-7067.264999243651,ime,2021 week 6
156,net_export,-7590.8855683853235,ime,2021 week 6
157,net_export,-7326.140990126904,ime,2021 week 6
158,net_export,-6591.597847829735,ime,2021 week 6
159,net_export,-7293.094618162786,ime,2021 week 6
160,net_export,-7848.886824991419,ime,2021 week 6
161,net_export,-9129.458941200575,ime,2021 week 6
162,net_export,-10304.023674580254,ime,2021 week 6
163,net_export,-10468.179599937426,ime,2021 week 6
164,net_export,-10135.456718194257,ime,2021 week 6
165,net_export,-10305.66261058439,ime,2021 week 6
166,net_export,-10835.13228999262,ime,2021 week 6
167,net_export,-10895.089132362911,ime,2021 week 6
168,net_export,-10441.766675449988,ime,2021 week 6
1,charge,-1e-10,ime,2021 week 6
2,charge,-1e-10,ime,2021 week 6
3,charge,-861.0526315789474,ime,2021 week 6
4,charge,-861.0526315789474,ime,2021 week 6
5,charge,-861.0526315789474,ime,2021 week 6
6,charge,-454.87171634349056,ime,2021 week 6
7,charge,-1e-10,ime,2021 week 6
8,charge,-1e-10,ime,2021 week 6
9,charge,-1e-10,ime,2021 week 6
10,charge,-1e-10,ime,2021 week 6
11,charge,-1e-10,ime,2021 week 6
12,charge,-1e-10,ime,2021 week 6
13,charge,-1e-10,ime,2021 week 6
14,charge,-1e-10,ime,2021 week 6
15,charge,-1e-10,ime,2021 week 6
16,charge,-1e-10,ime,2021 week 6
17,charge,-1e-10,ime,2021 week 6
18,charge,-1e-10,ime,2021 week 6
19,charge,-1e-10,ime,2021 week 6
20,charge,-1e-10,ime,2021 week 6
21,charge,-1e-10,ime,2021 week 6
22,charge,-1e-10,ime,2021 week 6
23,charge,-1e-10,ime,2021 week 6
24,charge,-1e-10,ime,2021 week 6
25,charge,-1e-10,ime,2021 week 6
26,charge,-1e-10,ime,2021 week 6
27,charge,-1e-10,ime,2021 week 6
28,charge,-1e-10,ime,2021 week 6
29,charge,-1e-10,ime,2021 week 6
30,charge,-1e-10,ime,2021 week 6
31,charge,-1e-10,ime,2021 week 6
32,charge,-1e-10,ime,2021 week 6
33,charge,-1e-10,ime,2021 week 6
34,charge,-1e-10,ime,2021 week 6
35,charge,-1e-10,ime,2021 week 6
36,charge,-1e-10,ime,2021 week 6
37,charge,-1e-10,ime,2021 week 6
38,charge,-1e-10,ime,2021 week 6
39,charge,-1e-10,ime,2021 week 6
40,charge,-1e-10,ime,2021 week 6
41,charge,-1e-10,ime,2021 week 6
42,charge,-1e-10,ime,2021 week 6
43,charge,-1e-10,ime,2021 week 6
44,charge,-1e-10,ime,2021 week 6
45,charge,-1e-10,ime,2021 week 6
46,charge,-1e-10,ime,2021 week 6
47,charge,-1e-10,ime,2021 week 6
48,charge,-1e-10,ime,2021 week 6
49,charge,-1e-10,ime,2021 week 6
50,charge,-1e-10,ime,2021 week 6
51,charge,-1e-10,ime,2021 week 6
52,charge,-1e-10,ime,2021 week 6
53,charge,-1e-10,ime,2021 week 6
54,charge,-1e-10,ime,2021 week 6
55,charge,-1e-10,ime,2021 week 6
56,charge,-1e-10,ime,2021 week 6
57,charge,-1e-10,ime,2021 week 6
58,charge,-1e-10,ime,2021 week 6
59,charge,-1e-10,ime,2021 week 6
60,charge,-1e-10,ime,2021 week 6
61,charge,-1e-10,ime,2021 week 6
62,charge,-1e-10,ime,2021 week 6
63,charge,-1e-10,ime,2021 week 6
64,charge,-1e-10,ime,2021 week 6
65,charge,-1e-10,ime,2021 week 6
66,charge,-1e-10,ime,2021 week 6
67,charge,-1e-10,ime,2021 week 6
68,charge,-1e-10,ime,2021 week 6
69,charge,-1e-10,ime,2021 week 6
70,charge,-1e-10,ime,2021 week 6
71,charge,-1e-10,ime,2021 week 6
72,charge,-1e-10,ime,2021 week 6
73,charge,-1e-10,ime,2021 week 6
74,charge,-1e-10,ime,2021 week 6
75,charge,-1e-10,ime,2021 week 6
76,charge,-1e-10,ime,2021 week 6
77,charge,-1e-10,ime,2021 week 6
78,charge,-1e-10,ime,2021 week 6
79,charge,-1e-10,ime,2021 week 6
80,charge,-1e-10,ime,2021 week 6
81,charge,-1e-10,ime,2021 week 6
82,charge,-1e-10,ime,2021 week 6
83,charge,-1e-10,ime,2021 week 6
84,charge,-1e-10,ime,2021 week 6
85,charge,-1e-10,ime,2021 week 6
86,charge,-1e-10,ime,2021 week 6
87,charge,-1e-10,ime,2021 week 6
88,charge,-1e-10,ime,2021 week 6
89,charge,-1e-10,ime,2021 week 6
90,charge,-1e-10,ime,2021 week 6
91,charge,-1e-10,ime,2021 week 6
92,charge,-1e-10,ime,2021 week 6
93,charge,-1e-10,ime,2021 week 6
94,charge,-1e-10,ime,2021 week 6
95,charge,-1e-10,ime,2021 week 6
96,charge,-1e-10,ime,2021 week 6
97,charge,-1e-10,ime,2021 week 6
98,charge,-1e-10,ime,2021 week 6
99,charge,-1e-10,ime,2021 week 6
100,charge,-1e-10,ime,2021 week 6
101,charge,-1e-10,ime,2021 week 6
102,charge,-1e-10,ime,2021 week 6
103,charge,-1e-10,ime,2021 week 6
104,charge,-1e-10,ime,2021 week 6
105,charge,-1e-10,ime,2021 week 6
106,charge,-1e-10,ime,2021 week 6
107,charge,-1e-10,ime,2021 week 6
108,charge,-1e-10,ime,2021 week 6
109,charge,-1e-10,ime,2021 week 6
110,charge,-1e-10,ime,2021 week 6
111,charge,-1e-10,ime,2021 week 6
112,charge,-1e-10,ime,2021 week 6
113,charge,-1e-10,ime,2021 week 6
114,charge,-1e-10,ime,2021 week 6
115,charge,-1e-10,ime,2021 week 6
116,charge,-1e-10,ime,2021 week 6
117,charge,-1e-10,ime,2021 week 6
118,charge,-1e-10,ime,2021 week 6
119,charge,-1e-10,ime,2021 week 6
120,charge,-1e-10,ime,2021 week 6
121,charge,-1e-10,ime,2021 week 6
122,charge,-1e-10,ime,2021 week 6
123,charge,-1e-10,ime,2021 week 6
124,charge,-1e-10,ime,2021 week 6
125,charge,-1e-10,ime,2021 week 6
126,charge,-1e-10,ime,2021 week 6
127,charge,-1e-10,ime,2021 week 6
128,charge,-1e-10,ime,2021 week 6
129,charge,-1e-10,ime,2021 week 6
130,charge,-1e-10,ime,2021 week 6
131,charge,-1e-10,ime,2021 week 6
132,charge,-1e-10,ime,2021 week 6
133,charge,-1e-10,ime,2021 week 6
134,charge,-1e-10,ime,2021 week 6
135,charge,-1e-10,ime,2021 week 6
136,charge,-1e-10,ime,2021 week 6
137,charge,-1e-10,ime,2021 week 6
138,charge,-1e-10,ime,2021 week 6
139,charge,-1e-10,ime,2021 week 6
140,charge,-1e-10,ime,2021 week 6
141,charge,-1e-10,ime,2021 week 6
142,charge,-1e-10,ime,2021 week 6
143,charge,-1e-10,ime,2021 week 6
144,charge,-1e-10,ime,2021 week 6
145,charge,-1e-10,ime,2021 week 6
146,charge,-1e-10,ime,2021 week 6
147,charge,-1e-10,ime,2021 week 6
148,charge,-1e-10,ime,2021 week 6
149,charge,-1e-10,ime,2021 week 6
150,charge,-1e-10,ime,2021 week 6
151,charge,-1e-10,ime,2021 week 6
152,charge,-1e-10,ime,2021 week 6
153,charge,-1e-10,ime,2021 week 6
154,charge,-1e-10,ime,2021 week 6
155,charge,-1e-10,ime,2021 week 6
156,charge,-1e-10,ime,2021 week 6
157,charge,-1e-10,ime,2021 week 6
158,charge,-1e-10,ime,2021 week 6
159,charge,-1e-10,ime,2021 week 6
160,charge,-1e-10,ime,2021 week 6
161,charge,-1e-10,ime,2021 week 6
162,charge,-1e-10,ime,2021 week 6
163,charge,-1e-10,ime,2021 week 6
164,charge,-1e-10,ime,2021 week 6
165,charge,-1e-10,ime,2021 week 6
166,charge,-1e-10,ime,2021 week 6
167,charge,-1e-10,ime,2021 week 6
168,charge,-1e-10,ime,2021 week 6
1,nuclear,0.0,ime,2021 week 6
2,nuclear,0.0,ime,2021 week 6
3,nuclear,0.0,ime,2021 week 6
4,nuclear,0.0,ime,2021 week 6
5,nuclear,0.0,ime,2021 week 6
6,nuclear,0.0,ime,2021 week 6
7,nuclear,0.0,ime,2021 week 6
8,nuclear,0.0,ime,2021 week 6
9,nuclear,0.0,ime,2021 week 6
10,nuclear,0.0,ime,2021 week 6
11,nuclear,0.0,ime,2021 week 6
12,nuclear,0.0,ime,2021 week 6
13,nuclear,0.0,ime,2021 week 6
14,nuclear,0.0,ime,2021 week 6
15,nuclear,0.0,ime,2021 week 6
16,nuclear,0.0,ime,2021 week 6
17,nuclear,0.0,ime,2021 week 6
18,nuclear,0.0,ime,2021 week 6
19,nuclear,0.0,ime,2021 week 6
20,nuclear,0.0,ime,2021 week 6
21,nuclear,0.0,ime,2021 week 6
22,nuclear,0.0,ime,2021 week 6
23,nuclear,0.0,ime,2021 week 6
24,nuclear,0.0,ime,2021 week 6
25,nuclear,0.0,ime,2021 week 6
26,nuclear,0.0,ime,2021 week 6
27,nuclear,0.0,ime,2021 week 6
28,nuclear,0.0,ime,2021 week 6
29,nuclear,0.0,ime,2021 week 6
30,nuclear,0.0,ime,2021 week 6
31,nuclear,0.0,ime,2021 week 6
32,nuclear,0.0,ime,2021 week 6
33,nuclear,0.0,ime,2021 week 6
34,nuclear,0.0,ime,2021 week 6
35,nuclear,0.0,ime,2021 week 6
36,nuclear,0.0,ime,2021 week 6
37,nuclear,0.0,ime,2021 week 6
38,nuclear,0.0,ime,2021 week 6
39,nuclear,0.0,ime,2021 week 6
40,nuclear,0.0,ime,2021 week 6
41,nuclear,0.0,ime,2021 week 6
42,nuclear,0.0,ime,2021 week 6
43,nuclear,0.0,ime,2021 week 6
44,nuclear,0.0,ime,2021 week 6
45,nuclear,0.0,ime,2021 week 6
46,nuclear,0.0,ime,2021 week 6
47,nuclear,0.0,ime,2021 week 6
48,nuclear,0.0,ime,2021 week 6
49,nuclear,0.0,ime,2021 week 6
50,nuclear,0.0,ime,2021 week 6
51,nuclear,0.0,ime,2021 week 6
52,nuclear,0.0,ime,2021 week 6
53,nuclear,0.0,ime,2021 week 6
54,nuclear,0.0,ime,2021 week 6
55,nuclear,0.0,ime,2021 week 6
56,nuclear,0.0,ime,2021 week 6
57,nuclear,0.0,ime,2021 week 6
58,nuclear,0.0,ime,2021 week 6
59,nuclear,0.0,ime,2021 week 6
60,nuclear,0.0,ime,2021 week 6
61,nuclear,0.0,ime,2021 week 6
62,nuclear,0.0,ime,2021 week 6
63,nuclear,0.0,ime,2021 week 6
64,nuclear,0.0,ime,2021 week 6
65,nuclear,0.0,ime,2021 week 6
66,nuclear,0.0,ime,2021 week 6
67,nuclear,0.0,ime,2021 week 6
68,nuclear,0.0,ime,2021 week 6
69,nuclear,0.0,ime,2021 week 6
70,nuclear,0.0,ime,2021 week 6
71,nuclear,0.0,ime,2021 week 6
72,nuclear,0.0,ime,2021 week 6
73,nuclear,0.0,ime,2021 week 6
74,nuclear,0.0,ime,2021 week 6
75,nuclear,0.0,ime,2021 week 6
76,nuclear,0.0,ime,2021 week 6
77,nuclear,0.0,ime,2021 week 6
78,nuclear,0.0,ime,2021 week 6
79,nuclear,0.0,ime,2021 week 6
80,nuclear,0.0,ime,2021 week 6
81,nuclear,0.0,ime,2021 week 6
82,nuclear,0.0,ime,2021 week 6
83,nuclear,0.0,ime,2021 week 6
84,nuclear,0.0,ime,2021 week 6
85,nuclear,0.0,ime,2021 week 6
86,nuclear,0.0,ime,2021 week 6
87,nuclear,0.0,ime,2021 week 6
88,nuclear,0.0,ime,2021 week 6
89,nuclear,0.0,ime,2021 week 6
90,nuclear,0.0,ime,2021 week 6
91,nuclear,0.0,ime,2021 week 6
92,nuclear,0.0,ime,2021 week 6
93,nuclear,0.0,ime,2021 week 6
94,nuclear,0.0,ime,2021 week 6
95,nuclear,0.0,ime,2021 week 6
96,nuclear,0.0,ime,2021 week 6
97,nuclear,0.0,ime,2021 week 6
98,nuclear,0.0,ime,2021 week 6
99,nuclear,0.0,ime,2021 week 6
100,nuclear,0.0,ime,2021 week 6
101,nuclear,0.0,ime,2021 week 6
102,nuclear,0.0,ime,2021 week 6
103,nuclear,0.0,ime,2021 week 6
104,nuclear,0.0,ime,2021 week 6
105,nuclear,0.0,ime,2021 week 6
106,nuclear,0.0,ime,2021 week 6
107,nuclear,0.0,ime,2021 week 6
108,nuclear,0.0,ime,2021 week 6
109,nuclear,0.0,ime,2021 week 6
110,nuclear,0.0,ime,2021 week 6
111,nuclear,0.0,ime,2021 week 6
112,nuclear,0.0,ime,2021 week 6
113,nuclear,0.0,ime,2021 week 6
114,nuclear,0.0,ime,2021 week 6
115,nuclear,0.0,ime,2021 week 6
116,nuclear,0.0,ime,2021 week 6
117,nuclear,0.0,ime,2021 week 6
118,nuclear,0.0,ime,2021 week 6
119,nuclear,0.0,ime,2021 week 6
120,nuclear,0.0,ime,2021 week 6
121,nuclear,0.0,ime,2021 week 6
122,nuclear,0.0,ime,2021 week 6
123,nuclear,0.0,ime,2021 week 6
124,nuclear,0.0,ime,2021 week 6
125,nuclear,0.0,ime,2021 week 6
126,nuclear,0.0,ime,2021 week 6
127,nuclear,0.0,ime,2021 week 6
128,nuclear,0.0,ime,2021 week 6
129,nuclear,0.0,ime,2021 week 6
130,nuclear,0.0,ime,2021 week 6
131,nuclear,0.0,ime,2021 week 6
132,nuclear,0.0,ime,2021 week 6
133,nuclear,0.0,ime,2021 week 6
134,nuclear,0.0,ime,2021 week 6
135,nuclear,0.0,ime,2021 week 6
136,nuclear,0.0,ime,2021 week 6
137,nuclear,0.0,ime,2021 week 6
138,nuclear,0.0,ime,2021 week 6
139,nuclear,0.0,ime,2021 week 6
140,nuclear,0.0,ime,2021 week 6
141,nuclear,0.0,ime,2021 week 6
142,nuclear,0.0,ime,2021 week 6
143,nuclear,0.0,ime,2021 week 6
144,nuclear,0.0,ime,2021 week 6
145,nuclear,0.0,ime,2021 week 6
146,nuclear,0.0,ime,2021 week 6
147,nuclear,0.0,ime,2021 week 6
148,nuclear,0.0,ime,2021 week 6
149,nuclear,0.0,ime,2021 week 6
150,nuclear,0.0,ime,2021 week 6
151,nuclear,0.0,ime,2021 week 6
152,nuclear,0.0,ime,2021 week 6
153,nuclear,0.0,ime,2021 week 6
154,nuclear,0.0,ime,2021 week 6
155,nuclear,0.0,ime,2021 week 6
156,nuclear,0.0,ime,2021 week 6
157,nuclear,0.0,ime,2021 week 6
158,nuclear,0.0,ime,2021 week 6
159,nuclear,0.0,ime,2021 week 6
160,nuclear,0.0,ime,2021 week 6
161,nuclear,0.0,ime,2021 week 6
162,nuclear,0.0,ime,2021 week 6
163,nuclear,0.0,ime,2021 week 6
164,nuclear,0.0,ime,2021 week 6
165,nuclear,0.0,ime,2021 week 6
166,nuclear,0.0,ime,2021 week 6
167,nuclear,0.0,ime,2021 week 6
168,nuclear,0.0,ime,2021 week 6
1,coal,11769.690422,ime,2021 week 6
2,coal,11175.803417,ime,2021 week 6
3,coal,9330.902830623392,ime,2021 week 6
4,coal,7725.425,ime,2021 week 6
5,coal,6205.415307029647,ime,2021 week 6
6,coal,8516.150652924476,ime,2021 week 6
7,coal,11638.535398,ime,2021 week 6
8,coal,11732.694258,ime,2021 week 6
9,coal,11586.823017999995,ime,2021 week 6
10,coal,11628.399783,ime,2021 week 6
11,coal,11746.276402999998,ime,2021 week 6
12,coal,11934.100213,ime,2021 week 6
13,coal,12047.440412999998,ime,2021 week 6
14,coal,12077.461962999998,ime,2021 week 6
15,coal,12141.489901,ime,2021 week 6
16,coal,12449.89527,ime,2021 week 6
17,coal,12652.283843,ime,2021 week 6
18,coal,12936.463778,ime,2021 week 6
19,coal,13057.525,ime,2021 week 6
20,coal,13065.283186,ime,2021 week 6
21,coal,13028.465211,ime,2021 week 6
22,coal,13124.5,ime,2021 week 6
23,coal,13007.452821,ime,2021 week 6
24,coal,13102.62034,ime,2021 week 6
25,coal,12971.681453,ime,2021 week 6
26,coal,12896.424623,ime,2021 week 6
27,coal,12792.528622999998,ime,2021 week 6
28,coal,12790.530623,ime,2021 week 6
29,coal,12862.458623,ime,2021 week 6
30,coal,12866.258703,ime,2021 week 6
31,coal,12863.421648,ime,2021 week 6
32,coal,12981.118188,ime,2021 week 6
33,coal,13011.0,ime,2021 week 6
34,coal,12936.009394,ime,2021 week 6
35,coal,12977.670975,ime,2021 week 6
36,coal,12899.474608,ime,2021 week 6
37,coal,12902.635118,ime,2021 week 6
38,coal,12929.794218,ime,2021 week 6
39,coal,12984.701538,ime,2021 week 6
40,coal,13016.436893,ime,2021 week 6
41,coal,12997.343503,ime,2021 week 6
42,coal,12773.219721,ime,2021 week 6
43,coal,12614.46706,ime,2021 week 6
44,coal,12515.343497999998,ime,2021 week 6
45,coal,12655.181448,ime,2021 week 6
46,coal,12770.497583,ime,2021 week 6
47,coal,12898.951443,ime,2021 week 6
48,coal,13009.967108,ime,2021 week 6
49,coal,13062.152478,ime,2021 week 6
50,coal,13118.551673,ime,2021 week 6
51,coal,13144.525673,ime,2021 week 6
52,coal,13157.921873,ime,2021 week 6
53,coal,13098.774946,ime,2021 week 6
54,coal,13189.69511,ime,2021 week 6
55,coal,13080.934073,ime,2021 week 6
56,coal,12994.049818,ime,2021 week 6
57,coal,12798.695633,ime,2021 week 6
58,coal,12541.167258,ime,2021 week 6
59,coal,12325.248993,ime,2021 week 6
60,coal,12339.775123,ime,2021 week 6
61,coal,12389.567788,ime,2021 week 6
62,coal,12401.229763,ime,2021 week 6
63,coal,12496.964033,ime,2021 week 6
64,coal,13221.0,ime,2021 week 6
65,coal,13221.0,ime,2021 week 6
66,coal,13221.0,ime,2021 week 6
67,coal,13221.0,ime,2021 week 6
68,coal,13221.0,ime,2021 week 6
69,coal,13147.953245,ime,2021 week 6
70,coal,13104.519168,ime,2021 week 6
71,coal,13050.404603,ime,2021 week 6
72,coal,12693.249753,ime,2021 week 6
73,coal,12137.638642133934,ime,2021 week 6
74,coal,11076.408042631592,ime,2021 week 6
75,coal,10209.309584979792,ime,2021 week 6
76,coal,10472.025,ime,2021 week 6
77,coal,11971.022867945683,ime,2021 week 6
78,coal,12018.275377999998,ime,2021 week 6
79,coal,12026.215843,ime,2021 week 6
80,coal,12015.969678,ime,2021 week 6
81,coal,11765.659793,ime,2021 week 6
82,coal,11568.441193,ime,2021 week 6
83,coal,11665.031457999998,ime,2021 week 6
84,coal,11967.261733,ime,2021 week 6
85,coal,12214.307013,ime,2021 week 6
86,coal,12403.757418,ime,2021 week 6
87,coal,12583.064133,ime,2021 week 6
88,coal,12708.754003,ime,2021 week 6
89,coal,12835.220743,ime,2021 week 6
90,coal,12989.325048,ime,2021 week 6
91,coal,13027.854721,ime,2021 week 6
92,coal,13124.5,ime,2021 week 6
93,coal,13082.600768,ime,2021 week 6
94,coal,13076.527981,ime,2021 week 6
95,coal,13011.0,ime,2021 week 6
96,coal,12810.608738,ime,2021 week 6
97,coal,12572.327383,ime,2021 week 6
98,coal,12282.390196,ime,2021 week 6
99,coal,12251.19525,ime,2021 week 6
100,coal,11943.275,ime,2021 week 6
101,coal,11536.625,ime,2021 week 6
102,coal,11902.97892973248,ime,2021 week 6
103,coal,11805.526078,ime,2021 week 6
104,coal,12158.988918,ime,2021 week 6
105,coal,12576.121831,ime,2021 week 6
106,coal,12764.87816,ime,2021 week 6
107,coal,12663.460168,ime,2021 week 6
108,coal,12746.858398,ime,2021 week 6
109,coal,12758.341018,ime,2021 week 6
110,coal,12761.499418,ime,2021 week 6
111,coal,12803.674543,ime,2021 week 6
112,coal,12856.669148,ime,2021 week 6
113,coal,12908.884706,ime,2021 week 6
114,coal,13032.475,ime,2021 week 6
115,coal,13083.167983,ime,2021 week 6
116,coal,13065.178328,ime,2021 week 6
117,coal,13057.525,ime,2021 week 6
118,coal,13057.525,ime,2021 week 6
119,coal,13057.525,ime,2021 week 6
120,coal,13167.316607,ime,2021 week 6
121,coal,13061.837383,ime,2021 week 6
122,coal,12929.742196,ime,2021 week 6
123,coal,12992.45325,ime,2021 week 6
124,coal,12846.212723,ime,2021 week 6
125,coal,12770.288723,ime,2021 week 6
126,coal,12694.621203,ime,2021 week 6
127,coal,12763.475278,ime,2021 week 6
128,coal,12897.460518,ime,2021 week 6
129,coal,12938.869958,ime,2021 week 6
130,coal,12888.788833,ime,2021 week 6
131,coal,12792.95,ime,2021 week 6
132,coal,12792.641766,ime,2021 week 6
133,coal,12698.033818,ime,2021 week 6
134,coal,12618.788218,ime,2021 week 6
135,coal,12570.804943,ime,2021 week 6
136,coal,12522.128348,ime,2021 week 6
137,coal,12508.371473,ime,2021 week 6
138,coal,12412.790106,ime,2021 week 6
139,coal,12446.19251,ime,2021 week 6
140,coal,12421.822328,ime,2021 week 6
141,coal,12569.063632999998,ime,2021 week 6
142,coal,12723.089963,ime,2021 week 6
143,coal,12883.321011,ime,2021 week 6
144,coal,13057.525,ime,2021 week 6
145,coal,13127.614328,ime,2021 week 6
146,coal,13073.285278,ime,2021 week 6
147,coal,12821.150751,ime,2021 week 6
148,coal,12671.4,ime,2021 week 6
149,coal,12410.623083,ime,2021 week 6
150,coal,12094.754386,ime,2021 week 6
151,coal,12129.700930999996,ime,2021 week 6
152,coal,12461.4,ime,2021 week 6
153,coal,12679.45,ime,2021 week 6
154,coal,12577.860201,ime,2021 week 6
155,coal,12744.511765,ime,2021 week 6
156,coal,12685.506238999998,ime,2021 week 6
157,coal,12792.95,ime,2021 week 6
158,coal,12923.531195,ime,2021 week 6
159,coal,12788.477018,ime,2021 week 6
160,coal,12693.348358,ime,2021 week 6
161,coal,12521.027223,ime,2021 week 6
162,coal,12345.648531,ime,2021 week 6
163,coal,12527.626014999998,ime,2021 week 6
164,coal,12444.199518,ime,2021 week 6
165,coal,12413.970193999998,ime,2021 week 6
166,coal,12454.425,ime,2021 week 6
167,coal,12604.425,ime,2021 week 6
168,coal,12007.552732999997,ime,2021 week 6
1,gas,0.0,ime,2021 week 6
2,gas,0.0,ime,2021 week 6
3,gas,0.0,ime,2021 week 6
4,gas,0.0,ime,2021 week 6
5,gas,0.0,ime,2021 week 6
6,gas,0.0,ime,2021 week 6
7,gas,0.0,ime,2021 week 6
8,gas,0.0,ime,2021 week 6
9,gas,0.0,ime,2021 week 6
10,gas,0.0,ime,2021 week 6
11,gas,0.0,ime,2021 week 6
12,gas,0.0,ime,2021 week 6
13,gas,0.0,ime,2021 week 6
14,gas,0.0,ime,2021 week 6
15,gas,0.0,ime,2021 week 6
16,gas,0.0,ime,2021 week 6
17,gas,0.0,ime,2021 week 6
18,gas,0.0,ime,2021 week 6
19,gas,0.0,ime,2021 week 6
20,gas,0.0,ime,2021 week 6
21,gas,0.0,ime,2021 week 6
22,gas,0.0,ime,2021 week 6
23,gas,0.0,ime,2021 week 6
24,gas,0.0,ime,2021 week 6
25,gas,0.0,ime,2021 week 6
26,gas,0.0,ime,2021 week 6
27,gas,0.0,ime,2021 week 6
28,gas,0.0,ime,2021 week 6
29,gas,0.0,ime,2021 week 6
30,gas,0.0,ime,2021 week 6
31,gas,0.0,ime,2021 week 6
32,gas,0.0,ime,2021 week 6
33,gas,0.0,ime,2021 week 6
34,gas,0.0,ime,2021 week 6
35,gas,0.0,ime,2021 week 6
36,gas,0.0,ime,2021 week 6
37,gas,0.0,ime,2021 week 6
38,gas,0.0,ime,2021 week 6
39,gas,0.0,ime,2021 week 6
40,gas,0.0,ime,2021 week 6
41,gas,0.0,ime,2021 week 6
42,gas,0.0,ime,2021 week 6
43,gas,0.0,ime,2021 week 6
44,gas,0.0,ime,2021 week 6
45,gas,0.0,ime,2021 week 6
46,gas,0.0,ime,2021 week 6
47,gas,0.0,ime,2021 week 6
48,gas,0.0,ime,2021 week 6
49,gas,0.0,ime,2021 week 6
50,gas,0.0,ime,2021 week 6
51,gas,0.0,ime,2021 week 6
52,gas,0.0,ime,2021 week 6
53,gas,0.0,ime,2021 week 6
54,gas,0.0,ime,2021 week 6
55,gas,0.0,ime,2021 week 6
56,gas,0.0,ime,2021 week 6
57,gas,0.0,ime,2021 week 6
58,gas,0.0,ime,2021 week 6
59,gas,0.0,ime,2021 week 6
60,gas,0.0,ime,2021 week 6
61,gas,0.0,ime,2021 week 6
62,gas,0.0,ime,2021 week 6
63,gas,0.0,ime,2021 week 6
64,gas,0.0,ime,2021 week 6
65,gas,0.0,ime,2021 week 6
66,gas,0.0,ime,2021 week 6
67,gas,0.0,ime,2021 week 6
68,gas,0.0,ime,2021 week 6
69,gas,0.0,ime,2021 week 6
70,gas,0.0,ime,2021 week 6
71,gas,0.0,ime,2021 week 6
72,gas,0.0,ime,2021 week 6
73,gas,0.0,ime,2021 week 6
74,gas,0.0,ime,2021 week 6
75,gas,0.0,ime,2021 week 6
76,gas,0.0,ime,2021 week 6
77,gas,0.0,ime,2021 week 6
78,gas,0.0,ime,2021 week 6
79,gas,0.0,ime,2021 week 6
80,gas,0.0,ime,2021 week 6
81,gas,0.0,ime,2021 week 6
82,gas,0.0,ime,2021 week 6
83,gas,0.0,ime,2021 week 6
84,gas,0.0,ime,2021 week 6
85,gas,0.0,ime,2021 week 6
86,gas,0.0,ime,2021 week 6
87,gas,0.0,ime,2021 week 6
88,gas,0.0,ime,2021 week 6
89,gas,0.0,ime,2021 week 6
90,gas,0.0,ime,2021 week 6
91,gas,0.0,ime,2021 week 6
92,gas,0.0,ime,2021 week 6
93,gas,0.0,ime,2021 week 6
94,gas,0.0,ime,2021 week 6
95,gas,0.0,ime,2021 week 6
96,gas,0.0,ime,2021 week 6
97,gas,0.0,ime,2021 week 6
98,gas,0.0,ime,2021 week 6
99,gas,0.0,ime,2021 week 6
100,gas,0.0,ime,2021 week 6
101,gas,0.0,ime,2021 week 6
102,gas,0.0,ime,2021 week 6
103,gas,0.0,ime,2021 week 6
104,gas,0.0,ime,2021 week 6
105,gas,0.0,ime,2021 week 6
106,gas,0.0,ime,2021 week 6
107,gas,0.0,ime,2021 week 6
108,gas,0.0,ime,2021 week 6
109,gas,0.0,ime,2021 week 6
110,gas,0.0,ime,2021 week 6
111,gas,0.0,ime,2021 week 6
112,gas,0.0,ime,2021 week 6
113,gas,0.0,ime,2021 week 6
114,gas,0.0,ime,2021 week 6
115,gas,0.0,ime,2021 week 6
116,gas,0.0,ime,2021 week 6
117,gas,0.0,ime,2021 week 6
118,gas,0.0,ime,2021 week 6
119,gas,0.0,ime,2021 week 6
120,gas,0.0,ime,2021 week 6
121,gas,0.0,ime,2021 week 6
122,gas,0.0,ime,2021 week 6
123,gas,0.0,ime,2021 week 6
124,gas,0.0,ime,2021 week 6
125,gas,0.0,ime,2021 week 6
126,gas,0.0,ime,2021 week 6
127,gas,0.0,ime,2021 week 6
128,gas,0.0,ime,2021 week 6
129,gas,0.0,ime,2021 week 6
130,gas,0.0,ime,2021 week 6
131,gas,0.0,ime,2021 week 6
132,gas,0.0,ime,2021 week 6
133,gas,0.0,ime,2021 week 6
134,gas,0.0,ime,2021 week 6
135,gas,0.0,ime,2021 week 6
136,gas,0.0,ime,2021 week 6
137,gas,0.0,ime,2021 week 6
138,gas,0.0,ime,2021 week 6
139,gas,0.0,ime,2021 week 6
140,gas,0.0,ime,2021 week 6
141,gas,0.0,ime,2021 week 6
142,gas,0.0,ime,2021 week 6
143,gas,0.0,ime,2021 week 6
144,gas,0.0,ime,2021 week 6
145,gas,0.0,ime,2021 week 6
146,gas,0.0,ime,2021 week 6
147,gas,0.0,ime,2021 week 6
148,gas,0.0,ime,2021 week 6
149,gas,0.0,ime,2021 week 6
150,gas,0.0,ime,2021 week 6
151,gas,0.0,ime,2021 week 6
152,gas,0.0,ime,2021 week 6
153,gas,0.0,ime,2021 week 6
154,gas,0.0,ime,2021 week 6
155,gas,0.0,ime,2021 week 6
156,gas,0.0,ime,2021 week 6
157,gas,0.0,ime,2021 week 6
158,gas,0.0,ime,2021 week 6
159,gas,0.0,ime,2021 week 6
160,gas,0.0,ime,2021 week 6
161,gas,0.0,ime,2021 week 6
162,gas,0.0,ime,2021 week 6
163,gas,0.0,ime,2021 week 6
164,gas,0.0,ime,2021 week 6
165,gas,0.0,ime,2021 week 6
166,gas,0.0,ime,2021 week 6
167,gas,0.0,ime,2021 week 6
168,gas,0.0,ime,2021 week 6
1,hydro,0.0,ime,2021 week 6
2,hydro,125.249162,ime,2021 week 6
3,hydro,0.0,ime,2021 week 6
4,hydro,0.0,ime,2021 week 6
5,hydro,0.0,ime,2021 week 6
6,hydro,0.0,ime,2021 week 6
7,hydro,70.36652700000002,ime,2021 week 6
8,hydro,70.36652700000002,ime,2021 week 6
9,hydro,70.36652700000002,ime,2021 week 6
10,hydro,70.36652700000002,ime,2021 week 6
11,hydro,70.36652700000002,ime,2021 week 6
12,hydro,70.36652700000002,ime,2021 week 6
13,hydro,70.36652700000002,ime,2021 week 6
14,hydro,70.36652700000002,ime,2021 week 6
15,hydro,140.68305400000008,ime,2021 week 6
16,hydro,0.0499999999999545,ime,2021 week 6
17,hydro,70.36652700000002,ime,2021 week 6
18,hydro,70.36652700000002,ime,2021 week 6
19,hydro,74.33961499999998,ime,2021 week 6
20,hydro,66.39343900000006,ime,2021 week 6
21,hydro,112.93415900000002,ime,2021 week 6
22,hydro,27.798895000000016,ime,2021 week 6
23,hydro,140.68305400000008,ime,2021 week 6
24,hydro,0.0499999999999545,ime,2021 week 6
25,hydro,70.36652700000002,ime,2021 week 6
26,hydro,70.36652700000002,ime,2021 week 6
27,hydro,70.36652700000002,ime,2021 week 6
28,hydro,70.36652700000002,ime,2021 week 6
29,hydro,70.36652700000002,ime,2021 week 6
30,hydro,70.36652700000002,ime,2021 week 6
31,hydro,70.36652700000002,ime,2021 week 6
32,hydro,70.36652700000002,ime,2021 week 6
33,hydro,97.6321049999998,ime,2021 week 6
34,hydro,113.4174760000003,ime,2021 week 6
35,hydro,0.0499999999999545,ime,2021 week 6
36,hydro,70.36652700000002,ime,2021 week 6
37,hydro,70.36652700000002,ime,2021 week 6
38,hydro,70.36652700000002,ime,2021 week 6
39,hydro,70.36652700000002,ime,2021 week 6
40,hydro,70.36652700000002,ime,2021 week 6
41,hydro,70.36652700000002,ime,2021 week 6
42,hydro,140.68305400000008,ime,2021 week 6
43,hydro,0.0499999999999545,ime,2021 week 6
44,hydro,70.36652700000002,ime,2021 week 6
45,hydro,70.36652700000002,ime,2021 week 6
46,hydro,70.36652700000002,ime,2021 week 6
47,hydro,70.36652700000002,ime,2021 week 6
48,hydro,70.36652700000002,ime,2021 week 6
49,hydro,70.36652700000002,ime,2021 week 6
50,hydro,70.36652700000002,ime,2021 week 6
51,hydro,70.36652700000002,ime,2021 week 6
52,hydro,74.95232700000008,ime,2021 week 6
53,hydro,136.09725400000002,ime,2021 week 6
54,hydro,0.0499999999999545,ime,2021 week 6
55,hydro,70.4622270000001,ime,2021 week 6
56,hydro,70.27082699999994,ime,2021 week 6
57,hydro,70.36652700000002,ime,2021 week 6
58,hydro,70.36652700000002,ime,2021 week 6
59,hydro,70.36652700000002,ime,2021 week 6
60,hydro,70.36652700000002,ime,2021 week 6
61,hydro,70.36652700000002,ime,2021 week 6
62,hydro,70.36652700000002,ime,2021 week 6
63,hydro,70.36652700000002,ime,2021 week 6
64,hydro,70.36652700000002,ime,2021 week 6
65,hydro,140.68305400000008,ime,2021 week 6
66,hydro,0.0499999999999545,ime,2021 week 6
67,hydro,131.9305760000002,ime,2021 week 6
68,hydro,79.1190049999999,ime,2021 week 6
69,hydro,0.0499999999999545,ime,2021 week 6
70,hydro,70.36652700000002,ime,2021 week 6
71,hydro,70.36652700000002,ime,2021 week 6
72,hydro,70.36652700000002,ime,2021 week 6
73,hydro,238.79835786606552,ime,2021 week 6
74,hydro,0.0,ime,2021 week 6
75,hydro,0.0,ime,2021 week 6
76,hydro,42.66775013393453,ime,2021 week 6
77,hydro,70.36652700000002,ime,2021 week 6
78,hydro,70.36652700000002,ime,2021 week 6
79,hydro,70.36652700000002,ime,2021 week 6
80,hydro,70.36652700000002,ime,2021 week 6
81,hydro,70.36652700000002,ime,2021 week 6
82,hydro,70.36652700000002,ime,2021 week 6
83,hydro,70.36652700000002,ime,2021 week 6
84,hydro,70.36652700000002,ime,2021 week 6
85,hydro,70.36652700000002,ime,2021 week 6
86,hydro,70.36652700000002,ime,2021 week 6
87,hydro,70.36652700000002,ime,2021 week 6
88,hydro,70.36652700000002,ime,2021 week 6
89,hydro,70.36652700000002,ime,2021 week 6
90,hydro,70.36652700000002,ime,2021 week 6
91,hydro,123.79424400000003,ime,2021 week 6
92,hydro,16.93880999999999,ime,2021 week 6
93,hydro,70.36652700000002,ime,2021 week 6
94,hydro,78.93863900000008,ime,2021 week 6
95,hydro,61.79441499999996,ime,2021 week 6
96,hydro,70.36652700000002,ime,2021 week 6
97,hydro,70.36652700000002,ime,2021 week 6
98,hydro,140.68305400000008,ime,2021 week 6
99,hydro,0.0499999999999545,ime,2021 week 6
100,hydro,166.11224999999752,ime,2021 week 6
101,hydro,42.11853073248403,ime,2021 week 6
102,hydro,2.868800267518509,ime,2021 week 6
103,hydro,70.36652700000002,ime,2021 week 6
104,hydro,70.36652700000002,ime,2021 week 6
105,hydro,140.68305400000008,ime,2021 week 6
106,hydro,0.0499999999999545,ime,2021 week 6
107,hydro,70.36652700000002,ime,2021 week 6
108,hydro,70.36652700000002,ime,2021 week 6
109,hydro,70.36652700000002,ime,2021 week 6
110,hydro,70.36652700000002,ime,2021 week 6
111,hydro,70.36652700000002,ime,2021 week 6
112,hydro,70.36652700000002,ime,2021 week 6
113,hydro,81.89489400000036,ime,2021 week 6
114,hydro,58.838159999999675,ime,2021 week 6
115,hydro,70.36652700000002,ime,2021 week 6
116,hydro,70.36652700000002,ime,2021 week 6
117,hydro,77.40915999999982,ime,2021 week 6
118,hydro,87.57948999999974,ime,2021 week 6
119,hydro,114.33554500000002,ime,2021 week 6
120,hydro,2.1419130000005,ime,2021 week 6
121,hydro,70.36652700000002,ime,2021 week 6
122,hydro,140.68305400000008,ime,2021 week 6
123,hydro,0.0499999999999545,ime,2021 week 6
124,hydro,70.36652700000002,ime,2021 week 6
125,hydro,70.36652700000002,ime,2021 week 6
126,hydro,70.36652700000002,ime,2021 week 6
127,hydro,70.36652700000002,ime,2021 week 6
128,hydro,70.36652700000002,ime,2021 week 6
129,hydro,70.36652700000002,ime,2021 week 6
130,hydro,70.36652700000002,ime,2021 week 6
131,hydro,87.15189499999985,ime,2021 week 6
132,hydro,53.581159000000184,ime,2021 week 6
133,hydro,70.36652700000002,ime,2021 week 6
134,hydro,70.36652700000002,ime,2021 week 6
135,hydro,70.36652700000002,ime,2021 week 6
136,hydro,70.36652700000002,ime,2021 week 6
137,hydro,70.36652700000002,ime,2021 week 6
138,hydro,140.68305400000008,ime,2021 week 6
139,hydro,0.0499999999999545,ime,2021 week 6
140,hydro,70.36652700000002,ime,2021 week 6
141,hydro,70.36652700000002,ime,2021 week 6
142,hydro,70.36652700000002,ime,2021 week 6
143,hydro,72.75553400000001,ime,2021 week 6
144,hydro,67.97752000000003,ime,2021 week 6
145,hydro,70.36652700000002,ime,2021 week 6
146,hydro,70.36652700000002,ime,2021 week 6
147,hydro,140.68305400000008,ime,2021 week 6
148,hydro,26.697804999999903,ime,2021 week 6
149,hydro,43.71872200000007,ime,2021 week 6
150,hydro,140.68305400000008,ime,2021 week 6
151,hydro,25.494969000002072,ime,2021 week 6
152,hydro,64.2176499999988,ime,2021 week 6
153,hydro,51.07043499999912,ime,2021 week 6
154,hydro,140.68305400000008,ime,2021 week 6
155,hydro,0.0499999999999545,ime,2021 week 6
156,hydro,132.53129600000028,ime,2021 week 6
157,hydro,78.51828499999982,ime,2021 week 6
158,hydro,0.0499999999999545,ime,2021 week 6
159,hydro,70.36652700000002,ime,2021 week 6
160,hydro,70.36652700000002,ime,2021 week 6
161,hydro,70.36652700000002,ime,2021 week 6
162,hydro,140.68305400000008,ime,2021 week 6
163,hydro,0.0499999999999545,ime,2021 week 6
164,hydro,70.36652700000002,ime,2021 week 6
165,hydro,117.33845600000063,ime,2021 week 6
166,hydro,93.71112499999948,ime,2021 week 6
167,hydro,46.469034999998826,ime,2021 week 6
168,hydro,320.8974920000012,ime,2021 week 6
1,wind,8091.900000000001,ime,2021 week 6
2,wind,13546.44,ime,2021 week 6
3,wind,15604.38,ime,2021 week 6
4,wind,16483.5,ime,2021 week 6
5,wind,16943.04,ime,2021 week 6
6,wind,16023.96,ime,2021 week 6
7,wind,14925.06,ime,2021 week 6
8,wind,13646.34,ime,2021 week 6
9,wind,14325.66,ime,2021 week 6
10,wind,13486.5,ime,2021 week 6
11,wind,11848.14,ime,2021 week 6
12,wind,10249.74,ime,2021 week 6
13,wind,8871.12,ime,2021 week 6
14,wind,7792.200000000001,ime,2021 week 6
15,wind,6693.3,ime,2021 week 6
16,wind,5354.64,ime,2021 week 6
17,wind,3176.82,ime,2021 week 6
18,wind,1058.94,ime,2021 week 6
19,wind,339.66,ime,2021 week 6
20,wind,179.82,ime,2021 week 6
21,wind,199.8,ime,2021 week 6
22,wind,339.66,ime,2021 week 6
23,wind,739.26,ime,2021 week 6
24,wind,1498.5,ime,2021 week 6
25,wind,2257.74,ime,2021 week 6
26,wind,3076.92,ime,2021 week 6
27,wind,4115.88,ime,2021 week 6
28,wind,4135.86,ime,2021 week 6
29,wind,3416.5800000000004,ime,2021 week 6
30,wind,2917.08,ime,2021 week 6
31,wind,2577.42,ime,2021 week 6
32,wind,1058.94,ime,2021 week 6
33,wind,19.98,ime,2021 week 6
34,wind,0.0,ime,2021 week 6
35,wind,0.0,ime,2021 week 6
36,wind,0.0,ime,2021 week 6
37,wind,0.0,ime,2021 week 6
38,wind,0.0,ime,2021 week 6
39,wind,19.98,ime,2021 week 6
40,wind,99.90000000000003,ime,2021 week 6
41,wind,399.6,ime,2021 week 6
42,wind,2097.9,ime,2021 week 6
43,wind,5454.54,ime,2021 week 6
44,wind,5574.42,ime,2021 week 6
45,wind,4295.7,ime,2021 week 6
46,wind,3396.6000000000004,ime,2021 week 6
47,wind,2477.52,ime,2021 week 6
48,wind,1678.3200000000002,ime,2021 week 6
49,wind,1298.7,ime,2021 week 6
50,wind,799.2,ime,2021 week 6
51,wind,539.46,ime,2021 week 6
52,wind,359.64,ime,2021 week 6
53,wind,339.66,ime,2021 week 6
54,wind,339.66,ime,2021 week 6
55,wind,439.56,ime,2021 week 6
56,wind,1178.82,ime,2021 week 6
57,wind,2757.24,ime,2021 week 6
58,wind,5014.98,ime,2021 week 6
59,wind,6793.200000000001,ime,2021 week 6
60,wind,7072.92,ime,2021 week 6
61,wind,6653.34,ime,2021 week 6
62,wind,6453.54,ime,2021 week 6
63,wind,5574.42,ime,2021 week 6
64,wind,2996.474198181818,ime,2021 week 6
65,wind,808.20491,ime,2021 week 6
66,wind,0.0,ime,2021 week 6
67,wind,0.0,ime,2021 week 6
68,wind,0.0,ime,2021 week 6
69,wind,39.96,ime,2021 week 6
70,wind,19.98,ime,2021 week 6
71,wind,919.08,ime,2021 week 6
72,wind,4795.2,ime,2021 week 6
73,wind,8871.12,ime,2021 week 6
74,wind,11268.72,ime,2021 week 6
75,wind,12347.64,ime,2021 week 6
76,wind,12447.54,ime,2021 week 6
77,wind,11948.04,ime,2021 week 6
78,wind,11368.62,ime,2021 week 6
79,wind,10989.0,ime,2021 week 6
80,wind,10849.14,ime,2021 week 6
81,wind,12707.28,ime,2021 week 6
82,wind,13406.58,ime,2021 week 6
83,wind,11448.54,ime,2021 week 6
84,wind,8651.34,ime,2021 week 6
85,wind,6233.76,ime,2021 week 6
86,wind,4375.62,ime,2021 week 6
87,wind,2917.08,ime,2021 week 6
88,wind,1998.0,ime,2021 week 6
89,wind,1238.76,ime,2021 week 6
90,wind,459.54,ime,2021 week 6
91,wind,79.92,ime,2021 week 6
92,wind,19.98,ime,2021 week 6
93,wind,19.98,ime,2021 week 6
94,wind,239.76,ime,2021 week 6
95,wind,1418.58,ime,2021 week 6
96,wind,3636.36,ime,2021 week 6
97,wind,6213.78,ime,2021 week 6
98,wind,8471.52,ime,2021 week 6
99,wind,10189.8,ime,2021 week 6
100,wind,11608.38,ime,2021 week 6
101,wind,12627.36,ime,2021 week 6
102,wind,13206.78,ime,2021 week 6
103,wind,13106.88,ime,2021 week 6
104,wind,8871.12,ime,2021 week 6
105,wind,3076.9199999999996,ime,2021 week 6
106,wind,1918.08,ime,2021 week 6
107,wind,1538.46,ime,2021 week 6
108,wind,939.06,ime,2021 week 6
109,wind,879.1199999999999,ime,2021 week 6
110,wind,879.1199999999999,ime,2021 week 6
111,wind,779.22,ime,2021 week 6
112,wind,579.4200000000001,ime,2021 week 6
113,wind,439.56000000000006,ime,2021 week 6
114,wind,179.82,ime,2021 week 6
115,wind,79.92,ime,2021 week 6
116,wind,99.9,ime,2021 week 6
117,wind,219.78,ime,2021 week 6
118,wind,359.64,ime,2021 week 6
119,wind,439.56,ime,2021 week 6
120,wind,759.24,ime,2021 week 6
121,wind,1318.68,ime,2021 week 6
122,wind,1998.0,ime,2021 week 6
123,wind,2777.2200000000003,ime,2021 week 6
124,wind,3536.46,ime,2021 week 6
125,wind,4295.7,ime,2021 week 6
126,wind,4615.38,ime,2021 week 6
127,wind,3536.46,ime,2021 week 6
128,wind,1498.5,ime,2021 week 6
129,wind,179.82,ime,2021 week 6
130,wind,0.0,ime,2021 week 6
131,wind,99.9,ime,2021 week 6
132,wind,679.32,ime,2021 week 6
133,wind,1518.48,ime,2021 week 6
134,wind,2357.64,ime,2021 week 6
135,wind,3216.78,ime,2021 week 6
136,wind,4175.82,ime,2021 week 6
137,wind,4835.16,ime,2021 week 6
138,wind,5694.299999999999,ime,2021 week 6
139,wind,7152.84,ime,2021 week 6
140,wind,6533.46,ime,2021 week 6
141,wind,5174.82,ime,2021 week 6
142,wind,3876.12,ime,2021 week 6
143,wind,2597.4,ime,2021 week 6
144,wind,1198.8,ime,2021 week 6
145,wind,739.26,ime,2021 week 6
146,wind,1338.66,ime,2021 week 6
147,wind,3156.84,ime,2021 week 6
148,wind,5794.2,ime,2021 week 6
149,wind,8231.76,ime,2021 week 6
150,wind,10009.98,ime,2021 week 6
151,wind,10509.48,ime,2021 week 6
152,wind,6473.52,ime,2021 week 6
153,wind,3776.22,ime,2021 week 6
154,wind,3416.5800000000004,ime,2021 week 6
155,wind,2577.42,ime,2021 week 6
156,wind,2017.98,ime,2021 week 6
157,wind,1658.34,ime,2021 week 6
158,wind,1258.74,ime,2021 week 6
159,wind,2137.86,ime,2021 week 6
160,wind,3476.52,ime,2021 week 6
161,wind,5354.64,ime,2021 week 6
162,wind,6653.34,ime,2021 week 6
163,wind,6473.52,ime,2021 week 6
164,wind,6453.54,ime,2021 week 6
165,wind,6393.6,ime,2021 week 6
166,wind,6453.54,ime,2021 week 6
167,wind,5754.24,ime,2021 week 6
168,wind,4595.400000000001,ime,2021 week 6
1,solar,0.0,ime,2021 week 6
2,solar,0.0,ime,2021 week 6
3,solar,0.0,ime,2021 week 6
4,solar,0.0,ime,2021 week 6
5,solar,0.0,ime,2021 week 6
6,solar,0.0,ime,2021 week 6
7,solar,39.312,ime,2021 week 6
8,solar,311.47199999999975,ime,2021 week 6
9,solar,822.528,ime,2021 week 6
10,solar,1046.304,ime,2021 week 6
11,solar,1130.976,ime,2021 week 6
12,solar,1264.032,ime,2021 week 6
13,solar,1587.6,ime,2021 week 6
14,solar,2268.0,ime,2021 week 6
15,solar,2068.416,ime,2021 week 6
16,solar,1620.8640000000005,ime,2021 week 6
17,solar,976.752,ime,2021 week 6
18,solar,338.688,ime,2021 week 6
19,solar,3.024,ime,2021 week 6
20,solar,0.0,ime,2021 week 6
21,solar,0.0,ime,2021 week 6
22,solar,0.0,ime,2021 week 6
23,solar,0.0,ime,2021 week 6
24,solar,0.0,ime,2021 week 6
25,solar,0.0,ime,2021 week 6
26,solar,0.0,ime,2021 week 6
27,solar,0.0,ime,2021 week 6
28,solar,0.0,ime,2021 week 6
29,solar,0.0,ime,2021 week 6
30,solar,0.0,ime,2021 week 6
31,solar,84.672,ime,2021 week 6
32,solar,359.856,ime,2021 week 6
33,solar,553.3919999999999,ime,2021 week 6
34,solar,961.632,ime,2021 week 6
35,solar,1300.32,ime,2021 week 6
36,solar,1796.256,ime,2021 week 6
37,solar,1844.64,ime,2021 week 6
38,solar,1472.688,ime,2021 week 6
39,solar,949.536,ime,2021 week 6
40,solar,441.504,ime,2021 week 6
41,solar,235.872,ime,2021 week 6
42,solar,163.29599999999982,ime,2021 week 6
43,solar,0.0,ime,2021 week 6
44,solar,0.0,ime,2021 week 6
45,solar,0.0,ime,2021 week 6
46,solar,0.0,ime,2021 week 6
47,solar,0.0,ime,2021 week 6
48,solar,0.0,ime,2021 week 6
49,solar,0.0,ime,2021 week 6
50,solar,0.0,ime,2021 week 6
51,solar,0.0,ime,2021 week 6
52,solar,0.0,ime,2021 week 6
53,solar,0.0,ime,2021 week 6
54,solar,0.0,ime,2021 week 6
55,solar,6.048,ime,2021 week 6
56,solar,72.57600000000001,ime,2021 week 6
57,solar,178.416,ime,2021 week 6
58,solar,296.35200000000003,ime,2021 week 6
59,solar,302.39999999999964,ime,2021 week 6
60,solar,290.30400000000003,ime,2021 week 6
61,solar,290.30400000000003,ime,2021 week 6
62,solar,275.18399999999997,ime,2021 week 6
63,solar,241.92,ime,2021 week 6
64,solar,0.0,ime,2021 week 6
65,solar,0.0,ime,2021 week 6
66,solar,0.0,ime,2021 week 6
67,solar,0.0,ime,2021 week 6
68,solar,0.0,ime,2021 week 6
69,solar,0.0,ime,2021 week 6
70,solar,0.0,ime,2021 week 6
71,solar,0.0,ime,2021 week 6
72,solar,0.0,ime,2021 week 6
73,solar,0.0,ime,2021 week 6
74,solar,0.0,ime,2021 week 6
75,solar,0.0,ime,2021 week 6
76,solar,0.0,ime,2021 week 6
77,solar,0.0,ime,2021 week 6
78,solar,0.0,ime,2021 week 6
79,solar,27.216,ime,2021 week 6
80,solar,205.632,ime,2021 week 6
81,solar,586.6560000000001,ime,2021 week 6
82,solar,1663.2,ime,2021 week 6
83,solar,2283.120000000001,ime,2021 week 6
84,solar,2467.584,ime,2021 week 6
85,solar,2491.776,ime,2021 week 6
86,solar,2358.7200000000003,ime,2021 week 6
87,solar,2068.416,ime,2021 week 6
88,solar,1623.888,ime,2021 week 6
89,solar,1025.1359999999995,ime,2021 week 6
90,solar,347.75999999999993,ime,2021 week 6
91,solar,0.0,ime,2021 week 6
92,solar,0.0,ime,2021 week 6
93,solar,0.0,ime,2021 week 6
94,solar,0.0,ime,2021 week 6
95,solar,0.0,ime,2021 week 6
96,solar,0.0,ime,2021 week 6
97,solar,0.0,ime,2021 week 6
98,solar,0.0,ime,2021 week 6
99,solar,0.0,ime,2021 week 6
100,solar,0.0,ime,2021 week 6
101,solar,0.0,ime,2021 week 6
102,solar,0.0,ime,2021 week 6
103,solar,130.03199999999924,ime,2021 week 6
104,solar,768.096,ime,2021 week 6
105,solar,1427.328,ime,2021 week 6
106,solar,1911.168,ime,2021 week 6
107,solar,2231.712,ime,2021 week 6
108,solar,2404.08,ime,2021 week 6
109,solar,2425.248,ime,2021 week 6
110,solar,2298.24,ime,2021 week 6
111,solar,2020.0320000000004,ime,2021 week 6
112,solar,1584.576,ime,2021 week 6
113,solar,994.896,ime,2021 week 6
114,solar,332.64000000000004,ime,2021 week 6
115,solar,0.0,ime,2021 week 6
116,solar,0.0,ime,2021 week 6
117,solar,0.0,ime,2021 week 6
118,solar,0.0,ime,2021 week 6
119,solar,0.0,ime,2021 week 6
120,solar,0.0,ime,2021 week 6
121,solar,0.0,ime,2021 week 6
122,solar,0.0,ime,2021 week 6
123,solar,0.0,ime,2021 week 6
124,solar,0.0,ime,2021 week 6
125,solar,0.0,ime,2021 week 6
126,solar,0.0,ime,2021 week 6
127,solar,120.96,ime,2021 week 6
128,solar,756.0,ime,2021 week 6
129,solar,1400.112,ime,2021 week 6
130,solar,1886.976,ime,2021 week 6
131,solar,2207.52,ime,2021 week 6
132,solar,2373.84,ime,2021 week 6
133,solar,2388.96,ime,2021 week 6
134,solar,2246.832,ime,2021 week 6
135,solar,1911.168,ime,2021 week 6
136,solar,1333.584,ime,2021 week 6
137,solar,719.712,ime,2021 week 6
138,solar,196.56,ime,2021 week 6
139,solar,0.0,ime,2021 week 6
140,solar,0.0,ime,2021 week 6
141,solar,0.0,ime,2021 week 6
142,solar,0.0,ime,2021 week 6
143,solar,0.0,ime,2021 week 6
144,solar,0.0,ime,2021 week 6
145,solar,0.0,ime,2021 week 6
146,solar,0.0,ime,2021 week 6
147,solar,0.0,ime,2021 week 6
148,solar,0.0,ime,2021 week 6
149,solar,0.0,ime,2021 week 6
150,solar,0.0,ime,2021 week 6
151,solar,48.384,ime,2021 week 6
152,solar,320.544,ime,2021 week 6
153,solar,722.7360000000003,ime,2021 week 6
154,solar,1019.088,ime,2021 week 6
155,solar,1236.816,ime,2021 week 6
156,solar,1457.5679999999998,ime,2021 week 6
157,solar,1354.752,ime,2021 week 6
158,solar,1143.072,ime,2021 week 6
159,solar,952.56,ime,2021 week 6
160,solar,465.6959999999999,ime,2021 week 6
161,solar,223.776,ime,2021 week 6
162,solar,54.43199999999979,ime,2021 week 6
163,solar,0.0,ime,2021 week 6
164,solar,0.0,ime,2021 week 6
165,solar,0.0,ime,2021 week 6
166,solar,0.0,ime,2021 week 6
167,solar,0.0,ime,2021 week 6
168,solar,0.0,ime,2021 week 6
1,stor,0.0,ime,2021 week 6
2,stor,0.0,ime,2021 week 6
3,stor,0.0,ime,2021 week 6
4,stor,0.0,ime,2021 week 6
5,stor,0.0,ime,2021 week 6
6,stor,0.0,ime,2021 week 6
7,stor,0.0,ime,2021 week 6
8,stor,0.0,ime,2021 week 6
9,stor,0.0,ime,2021 week 6
10,stor,0.0,ime,2021 week 6
11,stor,0.0,ime,2021 week 6
12,stor,0.0,ime,2021 week 6
13,stor,0.0,ime,2021 week 6
14,stor,0.0,ime,2021 week 6
15,stor,0.0,ime,2021 week 6
16,stor,0.0,ime,2021 week 6
17,stor,0.0,ime,2021 week 6
18,stor,0.0,ime,2021 week 6
19,stor,0.0,ime,2021 week 6
20,stor,0.0,ime,2021 week 6
21,stor,0.0,ime,2021 week 6
22,stor,0.0,ime,2021 week 6
23,stor,0.0,ime,2021 week 6
24,stor,0.0,ime,2021 week 6
25,stor,0.0,ime,2021 week 6
26,stor,0.0,ime,2021 week 6
27,stor,0.0,ime,2021 week 6
28,stor,0.0,ime,2021 week 6
29,stor,0.0,ime,2021 week 6
30,stor,0.0,ime,2021 week 6
31,stor,0.0,ime,2021 week 6
32,stor,0.0,ime,2021 week 6
33,stor,0.0,ime,2021 week 6
34,stor,0.0,ime,2021 week 6
35,stor,0.0,ime,2021 week 6
36,stor,0.0,ime,2021 week 6
37,stor,0.0,ime,2021 week 6
38,stor,0.0,ime,2021 week 6
39,stor,0.0,ime,2021 week 6
40,stor,0.0,ime,2021 week 6
41,stor,0.0,ime,2021 week 6
42,stor,0.0,ime,2021 week 6
43,stor,0.0,ime,2021 week 6
44,stor,0.0,ime,2021 week 6
45,stor,0.0,ime,2021 week 6
46,stor,0.0,ime,2021 week 6
47,stor,0.0,ime,2021 week 6
48,stor,0.0,ime,2021 week 6
49,stor,0.0,ime,2021 week 6
50,stor,0.0,ime,2021 week 6
51,stor,0.0,ime,2021 week 6
52,stor,0.0,ime,2021 week 6
53,stor,0.0,ime,2021 week 6
54,stor,0.0,ime,2021 week 6
55,stor,0.0,ime,2021 week 6
56,stor,0.0,ime,2021 week 6
57,stor,0.0,ime,2021 week 6
58,stor,0.0,ime,2021 week 6
59,stor,0.0,ime,2021 week 6
60,stor,0.0,ime,2021 week 6
61,stor,0.0,ime,2021 week 6
62,stor,0.0,ime,2021 week 6
63,stor,0.0,ime,2021 week 6
64,stor,777.1,ime,2021 week 6
65,stor,777.1,ime,2021 week 6
66,stor,577.8796200000002,ime,2021 week 6
67,stor,143.4821039999998,ime,2021 week 6
68,stor,0.0,ime,2021 week 6
69,stor,0.0,ime,2021 week 6
70,stor,0.0,ime,2021 week 6
71,stor,0.0,ime,2021 week 6
72,stor,0.0,ime,2021 week 6
73,stor,0.0,ime,2021 week 6
74,stor,0.0,ime,2021 week 6
75,stor,0.0,ime,2021 week 6
76,stor,0.0,ime,2021 week 6
77,stor,0.0,ime,2021 week 6
78,stor,0.0,ime,2021 week 6
79,stor,0.0,ime,2021 week 6
80,stor,0.0,ime,2021 week 6
81,stor,0.0,ime,2021 week 6
82,stor,0.0,ime,2021 week 6
83,stor,0.0,ime,2021 week 6
84,stor,0.0,ime,2021 week 6
85,stor,0.0,ime,2021 week 6
86,stor,0.0,ime,2021 week 6
87,stor,0.0,ime,2021 week 6
88,stor,0.0,ime,2021 week 6
89,stor,0.0,ime,2021 week 6
90,stor,0.0,ime,2021 week 6
91,stor,0.0,ime,2021 week 6
92,stor,0.0,ime,2021 week 6
93,stor,0.0,ime,2021 week 6
94,stor,0.0,ime,2021 week 6
95,stor,0.0,ime,2021 week 6
96,stor,0.0,ime,2021 week 6
97,stor,0.0,ime,2021 week 6
98,stor,0.0,ime,2021 week 6
99,stor,0.0,ime,2021 week 6
100,stor,0.0,ime,2021 week 6
101,stor,0.0,ime,2021 week 6
102,stor,0.0,ime,2021 week 6
103,stor,0.0,ime,2021 week 6
104,stor,0.0,ime,2021 week 6
105,stor,0.0,ime,2021 week 6
106,stor,0.0,ime,2021 week 6
107,stor,0.0,ime,2021 week 6
108,stor,0.0,ime,2021 week 6
109,stor,0.0,ime,2021 week 6
110,stor,0.0,ime,2021 week 6
111,stor,0.0,ime,2021 week 6
112,stor,0.0,ime,2021 week 6
113,stor,0.0,ime,2021 week 6
114,stor,0.0,ime,2021 week 6
115,stor,0.0,ime,2021 week 6
116,stor,0.0,ime,2021 week 6
117,stor,0.0,ime,2021 week 6
118,stor,0.0,ime,2021 week 6
119,stor,0.0,ime,2021 week 6
120,stor,0.0,ime,2021 week 6
121,stor,0.0,ime,2021 week 6
122,stor,0.0,ime,2021 week 6
123,stor,0.0,ime,2021 week 6
124,stor,0.0,ime,2021 week 6
125,stor,0.0,ime,2021 week 6
126,stor,0.0,ime,2021 week 6
127,stor,0.0,ime,2021 week 6
128,stor,0.0,ime,2021 week 6
129,stor,0.0,ime,2021 week 6
130,stor,0.0,ime,2021 week 6
131,stor,0.0,ime,2021 week 6
132,stor,0.0,ime,2021 week 6
133,stor,0.0,ime,2021 week 6
134,stor,0.0,ime,2021 week 6
135,stor,0.0,ime,2021 week 6
136,stor,0.0,ime,2021 week 6
137,stor,0.0,ime,2021 week 6
138,stor,0.0,ime,2021 week 6
139,stor,0.0,ime,2021 week 6
140,stor,0.0,ime,2021 week 6
141,stor,0.0,ime,2021 week 6
142,stor,0.0,ime,2021 week 6
143,stor,0.0,ime,2021 week 6
144,stor,0.0,ime,2021 week 6
145,stor,0.0,ime,2021 week 6
146,stor,0.0,ime,2021 week 6
147,stor,0.0,ime,2021 week 6
148,stor,0.0,ime,2021 week 6
149,stor,0.0,ime,2021 week 6
150,stor,0.0,ime,2021 week 6
151,stor,0.0,ime,2021 week 6
152,stor,0.0,ime,2021 week 6
153,stor,0.0,ime,2021 week 6
154,stor,0.0,ime,2021 week 6
155,stor,0.0,ime,2021 week 6
156,stor,0.0,ime,2021 week 6
157,stor,0.0,ime,2021 week 6
158,stor,0.0,ime,2021 week 6
159,stor,0.0,ime,2021 week 6
160,stor,0.0,ime,2021 week 6
161,stor,0.0,ime,2021 week 6
162,stor,0.0,ime,2021 week 6
163,stor,0.0,ime,2021 week 6
164,stor,0.0,ime,2021 week 6
165,stor,0.0,ime,2021 week 6
166,stor,0.0,ime,2021 week 6
167,stor,0.0,ime,2021 week 6
168,stor,466.2600000000001,ime,2021 week 6
1,net_import,1e-10,ime,2021 week 6
2,net_import,1e-10,ime,2021 week 6
3,net_import,1e-10,ime,2021 week 6
4,net_import,1e-10,ime,2021 week 6
5,net_import,1e-10,ime,2021 week 6
6,net_import,1e-10,ime,2021 week 6
7,net_import,1e-10,ime,2021 week 6
8,net_import,1e-10,ime,2021 week 6
9,net_import,1e-10,ime,2021 week 6
10,net_import,1e-10,ime,2021 week 6
11,net_import,1e-10,ime,2021 week 6
12,net_import,1e-10,ime,2021 week 6
13,net_import,1e-10,ime,2021 week 6
14,net_import,1e-10,ime,2021 week 6
15,net_import,1e-10,ime,2021 week 6
16,net_import,1e-10,ime,2021 week 6
17,net_import,1e-10,ime,2021 week 6
18,net_import,1e-10,ime,2021 week 6
19,net_import,1e-10,ime,2021 week 6
20,net_import,1e-10,ime,2021 week 6
21,net_import,1e-10,ime,2021 week 6
22,net_import,1e-10,ime,2021 week 6
23,net_import,1e-10,ime,2021 week 6
24,net_import,1e-10,ime,2021 week 6
25,net_import,1e-10,ime,2021 week 6
26,net_import,1e-10,ime,2021 week 6
27,net_import,1e-10,ime,2021 week 6
28,net_import,1e-10,ime,2021 week 6
29,net_import,1e-10,ime,2021 week 6
30,net_import,1e-10,ime,2021 week 6
31,net_import,1e-10,ime,2021 week 6
32,net_import,1e-10,ime,2021 week 6
33,net_import,1e-10,ime,2021 week 6
34,net_import,1e-10,ime,2021 week 6
35,net_import,1e-10,ime,2021 week 6
36,net_import,1e-10,ime,2021 week 6
37,net_import,1e-10,ime,2021 week 6
38,net_import,1e-10,ime,2021 week 6
39,net_import,1e-10,ime,2021 week 6
40,net_import,1e-10,ime,2021 week 6
41,net_import,1e-10,ime,2021 week 6
42,net_import,1e-10,ime,2021 week 6
43,net_import,1e-10,ime,2021 week 6
44,net_import,1e-10,ime,2021 week 6
45,net_import,1e-10,ime,2021 week 6
46,net_import,1e-10,ime,2021 week 6
47,net_import,1e-10,ime,2021 week 6
48,net_import,1e-10,ime,2021 week 6
49,net_import,1e-10,ime,2021 week 6
50,net_import,1e-10,ime,2021 week 6
51,net_import,1e-10,ime,2021 week 6
52,net_import,1e-10,ime,2021 week 6
53,net_import,1e-10,ime,2021 week 6
54,net_import,1e-10,ime,2021 week 6
55,net_import,1e-10,ime,2021 week 6
56,net_import,1e-10,ime,2021 week 6
57,net_import,1e-10,ime,2021 week 6
58,net_import,1e-10,ime,2021 week 6
59,net_import,1e-10,ime,2021 week 6
60,net_import,1e-10,ime,2021 week 6
61,net_import,1e-10,ime,2021 week 6
62,net_import,1e-10,ime,2021 week 6
63,net_import,1e-10,ime,2021 week 6
64,net_import,1e-10,ime,2021 week 6
65,net_import,1e-10,ime,2021 week 6
66,net_import,1e-10,ime,2021 week 6
67,net_import,1e-10,ime,2021 week 6
68,net_import,1e-10,ime,2021 week 6
69,net_import,1e-10,ime,2021 week 6
70,net_import,1e-10,ime,2021 week 6
71,net_import,1e-10,ime,2021 week 6
72,net_import,1e-10,ime,2021 week 6
73,net_import,1e-10,ime,2021 week 6
74,net_import,1e-10,ime,2021 week 6
75,net_import,1e-10,ime,2021 week 6
76,net_import,1e-10,ime,2021 week 6
77,net_import,1e-10,ime,2021 week 6
78,net_import,1e-10,ime,2021 week 6
79,net_import,1e-10,ime,2021 week 6
80,net_import,1e-10,ime,2021 week 6
81,net_import,1e-10,ime,2021 week 6
82,net_import,1e-10,ime,2021 week 6
83,net_import,1e-10,ime,2021 week 6
84,net_import,1e-10,ime,2021 week 6
85,net_import,1e-10,ime,2021 week 6
86,net_import,1e-10,ime,2021 week 6
87,net_import,1e-10,ime,2021 week 6
88,net_import,1e-10,ime,2021 week 6
89,net_import,1e-10,ime,2021 week 6
90,net_import,1e-10,ime,2021 week 6
91,net_import,1e-10,ime,2021 week 6
92,net_import,1e-10,ime,2021 week 6
93,net_import,1e-10,ime,2021 week 6
94,net_import,1e-10,ime,2021 week 6
95,net_import,1e-10,ime,2021 week 6
96,net_import,1e-10,ime,2021 week 6
97,net_import,1e-10,ime,2021 week 6
98,net_import,1e-10,ime,2021 week 6
99,net_import,1e-10,ime,2021 week 6
100,net_import,1e-10,ime,2021 week 6
101,net_import,1e-10,ime,2021 week 6
102,net_import,1e-10,ime,2021 week 6
103,net_import,1e-10,ime,2021 week 6
104,net_import,1e-10,ime,2021 week 6
105,net_import,1e-10,ime,2021 week 6
106,net_import,1e-10,ime,2021 week 6
107,net_import,1e-10,ime,2021 week 6
108,net_import,1e-10,ime,2021 week 6
109,net_import,1e-10,ime,2021 week 6
110,net_import,1e-10,ime,2021 week 6
111,net_import,1e-10,ime,2021 week 6
112,net_import,1e-10,ime,2021 week 6
113,net_import,1e-10,ime,2021 week 6
114,net_import,1e-10,ime,2021 week 6
115,net_import,1e-10,ime,2021 week 6
116,net_import,1e-10,ime,2021 week 6
117,net_import,1e-10,ime,2021 week 6
118,net_import,1e-10,ime,2021 week 6
119,net_import,1e-10,ime,2021 week 6
120,net_import,1e-10,ime,2021 week 6
121,net_import,1e-10,ime,2021 week 6
122,net_import,1e-10,ime,2021 week 6
123,net_import,1e-10,ime,2021 week 6
124,net_import,1e-10,ime,2021 week 6
125,net_import,1e-10,ime,2021 week 6
126,net_import,1e-10,ime,2021 week 6
127,net_import,1e-10,ime,2021 week 6
128,net_import,1e-10,ime,2021 week 6
129,net_import,1e-10,ime,2021 week 6
130,net_import,1e-10,ime,2021 week 6
131,net_import,1e-10,ime,2021 week 6
132,net_import,1e-10,ime,2021 week 6
133,net_import,1e-10,ime,2021 week 6
134,net_import,1e-10,ime,2021 week 6
135,net_import,1e-10,ime,2021 week 6
136,net_import,1e-10,ime,2021 week 6
137,net_import,1e-10,ime,2021 week 6
138,net_import,1e-10,ime,2021 week 6
139,net_import,1e-10,ime,2021 week 6
140,net_import,1e-10,ime,2021 week 6
141,net_import,1e-10,ime,2021 week 6
142,net_import,1e-10,ime,2021 week 6
143,net_import,1e-10,ime,2021 week 6
144,net_import,1e-10,ime,2021 week 6
145,net_import,1e-10,ime,2021 week 6
146,net_import,1e-10,ime,2021 week 6
147,net_import,1e-10,ime,2021 week 6
148,net_import,1e-10,ime,2021 week 6
149,net_import,1e-10,ime,2021 week 6
150,net_import,1e-10,ime,2021 week 6
151,net_import,1e-10,ime,2021 week 6
152,net_import,1e-10,ime,2021 week 6
153,net_import,1e-10,ime,2021 week 6
154,net_import,1e-10,ime,2021 week 6
155,net_import,1e-10,ime,2021 week 6
156,net_import,1e-10,ime,2021 week 6
157,net_import,1e-10,ime,2021 week 6
158,net_import,1e-10,ime,2021 week 6
159,net_import,1e-10,ime,2021 week 6
160,net_import,1e-10,ime,2021 week 6
161,net_import,1e-10,ime,2021 week 6
162,net_import,1e-10,ime,2021 week 6
163,net_import,1e-10,ime,2021 week 6
164,net_import,1e-10,ime,2021 week 6
165,net_import,1e-10,ime,2021 week 6
166,net_import,1e-10,ime,2021 week 6
167,net_import,1e-10,ime,2021 week 6
168,net_import,1e-10,ime,2021 week 6
1,nse,0.0,ime,2021 week 6
2,nse,0.0,ime,2021 week 6
3,nse,0.0,ime,2021 week 6
4,nse,0.0,ime,2021 week 6
5,nse,0.0,ime,2021 week 6
6,nse,0.0,ime,2021 week 6
7,nse,0.0,ime,2021 week 6
8,nse,0.0,ime,2021 week 6
9,nse,0.0,ime,2021 week 6
10,nse,0.0,ime,2021 week 6
11,nse,0.0,ime,2021 week 6
12,nse,0.0,ime,2021 week 6
13,nse,0.0,ime,2021 week 6
14,nse,0.0,ime,2021 week 6
15,nse,0.0,ime,2021 week 6
16,nse,0.0,ime,2021 week 6
17,nse,0.0,ime,2021 week 6
18,nse,0.0,ime,2021 week 6
19,nse,0.0,ime,2021 week 6
20,nse,0.0,ime,2021 week 6
21,nse,0.0,ime,2021 week 6
22,nse,0.0,ime,2021 week 6
23,nse,0.0,ime,2021 week 6
24,nse,0.0,ime,2021 week 6
25,nse,0.0,ime,2021 week 6
26,nse,0.0,ime,2021 week 6
27,nse,0.0,ime,2021 week 6
28,nse,0.0,ime,2021 week 6
29,nse,0.0,ime,2021 week 6
30,nse,0.0,ime,2021 week 6
31,nse,0.0,ime,2021 week 6
32,nse,0.0,ime,2021 week 6
33,nse,0.0,ime,2021 week 6
34,nse,0.0,ime,2021 week 6
35,nse,0.0,ime,2021 week 6
36,nse,0.0,ime,2021 week 6
37,nse,0.0,ime,2021 week 6
38,nse,0.0,ime,2021 week 6
39,nse,0.0,ime,2021 week 6
40,nse,0.0,ime,2021 week 6
41,nse,0.0,ime,2021 week 6
42,nse,0.0,ime,2021 week 6
43,nse,0.0,ime,2021 week 6
44,nse,0.0,ime,2021 week 6
45,nse,0.0,ime,2021 week 6
46,nse,0.0,ime,2021 week 6
47,nse,0.0,ime,2021 week 6
48,nse,0.0,ime,2021 week 6
49,nse,0.0,ime,2021 week 6
50,nse,0.0,ime,2021 week 6
51,nse,0.0,ime,2021 week 6
52,nse,0.0,ime,2021 week 6
53,nse,0.0,ime,2021 week 6
54,nse,0.0,ime,2021 week 6
55,nse,0.0,ime,2021 week 6
56,nse,0.0,ime,2021 week 6
57,nse,0.0,ime,2021 week 6
58,nse,0.0,ime,2021 week 6
59,nse,0.0,ime,2021 week 6
60,nse,0.0,ime,2021 week 6
61,nse,0.0,ime,2021 week 6
62,nse,0.0,ime,2021 week 6
63,nse,0.0,ime,2021 week 6
64,nse,0.0,ime,2021 week 6
65,nse,0.0,ime,2021 week 6
66,nse,0.0,ime,2021 week 6
67,nse,0.0,ime,2021 week 6
68,nse,0.0,ime,2021 week 6
69,nse,0.0,ime,2021 week 6
70,nse,0.0,ime,2021 week 6
71,nse,0.0,ime,2021 week 6
72,nse,0.0,ime,2021 week 6
73,nse,0.0,ime,2021 week 6
74,nse,0.0,ime,2021 week 6
75,nse,0.0,ime,2021 week 6
76,nse,0.0,ime,2021 week 6
77,nse,0.0,ime,2021 week 6
78,nse,0.0,ime,2021 week 6
79,nse,0.0,ime,2021 week 6
80,nse,0.0,ime,2021 week 6
81,nse,0.0,ime,2021 week 6
82,nse,0.0,ime,2021 week 6
83,nse,0.0,ime,2021 week 6
84,nse,0.0,ime,2021 week 6
85,nse,0.0,ime,2021 week 6
86,nse,0.0,ime,2021 week 6
87,nse,0.0,ime,2021 week 6
88,nse,0.0,ime,2021 week 6
89,nse,0.0,ime,2021 week 6
90,nse,0.0,ime,2021 week 6
91,nse,0.0,ime,2021 week 6
92,nse,0.0,ime,2021 week 6
93,nse,0.0,ime,2021 week 6
94,nse,0.0,ime,2021 week 6
95,nse,0.0,ime,2021 week 6
96,nse,0.0,ime,2021 week 6
97,nse,0.0,ime,2021 week 6
98,nse,0.0,ime,2021 week 6
99,nse,0.0,ime,2021 week 6
100,nse,0.0,ime,2021 week 6
101,nse,0.0,ime,2021 week 6
102,nse,0.0,ime,2021 week 6
103,nse,0.0,ime,2021 week 6
104,nse,0.0,ime,2021 week 6
105,nse,0.0,ime,2021 week 6
106,nse,0.0,ime,2021 week 6
107,nse,0.0,ime,2021 week 6
108,nse,0.0,ime,2021 week 6
109,nse,0.0,ime,2021 week 6
110,nse,0.0,ime,2021 week 6
111,nse,0.0,ime,2021 week 6
112,nse,0.0,ime,2021 week 6
113,nse,0.0,ime,2021 week 6
114,nse,0.0,ime,2021 week 6
115,nse,0.0,ime,2021 week 6
116,nse,0.0,ime,2021 week 6
117,nse,0.0,ime,2021 week 6
118,nse,0.0,ime,2021 week 6
119,nse,0.0,ime,2021 week 6
120,nse,0.0,ime,2021 week 6
121,nse,0.0,ime,2021 week 6
122,nse,0.0,ime,2021 week 6
123,nse,0.0,ime,2021 week 6
124,nse,0.0,ime,2021 week 6
125,nse,0.0,ime,2021 week 6
126,nse,0.0,ime,2021 week 6
127,nse,0.0,ime,2021 week 6
128,nse,0.0,ime,2021 week 6
129,nse,0.0,ime,2021 week 6
130,nse,0.0,ime,2021 week 6
131,nse,0.0,ime,2021 week 6
132,nse,0.0,ime,2021 week 6
133,nse,0.0,ime,2021 week 6
134,nse,0.0,ime,2021 week 6
135,nse,0.0,ime,2021 week 6
136,nse,0.0,ime,2021 week 6
137,nse,0.0,ime,2021 week 6
138,nse,0.0,ime,2021 week 6
139,nse,0.0,ime,2021 week 6
140,nse,0.0,ime,2021 week 6
141,nse,0.0,ime,2021 week 6
142,nse,0.0,ime,2021 week 6
143,nse,0.0,ime,2021 week 6
144,nse,0.0,ime,2021 week 6
145,nse,0.0,ime,2021 week 6
146,nse,0.0,ime,2021 week 6
147,nse,0.0,ime,2021 week 6
148,nse,0.0,ime,2021 week 6
149,nse,0.0,ime,2021 week 6
150,nse,0.0,ime,2021 week 6
151,nse,0.0,ime,2021 week 6
152,nse,0.0,ime,2021 week 6
153,nse,0.0,ime,2021 week 6
154,nse,0.0,ime,2021 week 6
155,nse,0.0,ime,2021 week 6
156,nse,0.0,ime,2021 week 6
157,nse,0.0,ime,2021 week 6
158,nse,0.0,ime,2021 week 6
159,nse,0.0,ime,2021 week 6
160,nse,0.0,ime,2021 week 6
161,nse,0.0,ime,2021 week 6
162,nse,0.0,ime,2021 week 6
163,nse,0.0,ime,2021 week 6
164,nse,0.0,ime,2021 week 6
165,nse,0.0,ime,2021 week 6
166,nse,0.0,ime,2021 week 6
167,nse,0.0,ime,2021 week 6
168,nse,0.0,ime,2021 week 6
1,demand,6618.394594271335,ime,2021 week 6
2,demand,6542.608949095,ime,2021 week 6
3,demand,6537.436789458752,ime,2021 week 6
4,demand,6530.751258220249,ime,2021 week 6
5,demand,6520.203594432918,ime,2021 week 6
6,demand,7426.122853773764,ime,2021 week 6
7,demand,7995.906098049425,ime,2021 week 6
8,demand,8115.738161831427,ime,2021 week 6
9,demand,8657.336931843429,ime,2021 week 6
10,demand,9047.131144473931,ime,2021 week 6
11,demand,9777.923735039956,ime,2021 week 6
12,demand,8947.243594107207,ime,2021 week 6
13,demand,8787.057626692642,ime,2021 week 6
14,demand,8979.673605730495,ime,2021 week 6
15,demand,8880.01849796371,ime,2021 week 6
16,demand,9082.2190363503,ime,2021 week 6
17,demand,9254.147083184122,ime,2021 week 6
18,demand,9068.360353167249,ime,2021 week 6
19,demand,8673.488276620337,ime,2021 week 6
20,demand,8999.946956911836,ime,2021 week 6
21,demand,8767.156380428585,ime,2021 week 6
22,demand,8273.42368814457,ime,2021 week 6
23,demand,7563.408345776207,ime,2021 week 6
24,demand,6963.845690947856,ime,2021 week 6
25,demand,6664.820068804813,ime,2021 week 6
26,demand,6537.579218447259,ime,2021 week 6
27,demand,6544.46165159592,ime,2021 week 6
28,demand,6544.289626053637,ime,2021 week 6
29,demand,6539.509308917011,ime,2021 week 6
30,demand,7451.522426658521,ime,2021 week 6
31,demand,8012.385277358019,ime,2021 week 6
32,demand,8137.439105152493,ime,2021 week 6
33,demand,8677.633723102703,ime,2021 week 6
34,demand,9084.465291608967,ime,2021 week 6
35,demand,9839.628965588605,ime,2021 week 6
36,demand,9013.703007806856,ime,2021 week 6
37,demand,8854.808768119103,ime,2021 week 6
38,demand,9052.175851484102,ime,2021 week 6
39,demand,8958.181208462101,ime,2021 week 6
40,demand,9173.865584462445,ime,2021 week 6
41,demand,9371.667563255827,ime,2021 week 6
42,demand,9203.508109042765,ime,2021 week 6
43,demand,8825.893286282331,ime,2021 week 6
44,demand,9160.532301363832,ime,2021 week 6
45,demand,8914.826403708832,ime,2021 week 6
46,demand,8404.603294151371,ime,2021 week 6
47,demand,7673.379106411685,ime,2021 week 6
48,demand,7051.4217223383,ime,2021 week 6
49,demand,6766.370942139276,ime,2021 week 6
50,demand,6635.427738976163,ime,2021 week 6
51,demand,6633.481050860137,ime,2021 week 6
52,demand,6632.363489835899,ime,2021 week 6
53,demand,6632.229903756562,ime,2021 week 6
54,demand,7527.852046154566,ime,2021 week 6
55,demand,8080.3104216000975,ime,2021 week 6
56,demand,8214.426331885621,ime,2021 week 6
57,demand,8757.772723211168,ime,2021 week 6
58,demand,9169.719471049912,ime,2021 week 6
59,demand,9926.982196604422,ime,2021 week 6
60,demand,9108.937394434275,ime,2021 week 6
61,demand,8950.661641037477,ime,2021 week 6
62,demand,9144.562201952367,ime,2021 week 6
63,demand,9050.273183545574,ime,2021 week 6
64,demand,9254.929239224246,ime,2021 week 6
65,demand,9425.708011709296,ime,2021 week 6
66,demand,9247.540779488789,ime,2021 week 6
67,demand,8858.80925744584,ime,2021 week 6
68,demand,9190.94908542664,ime,2021 week 6
69,demand,8986.266331601919,ime,2021 week 6
70,demand,8480.411350795945,ime,2021 week 6
71,demand,7752.880035651375,ime,2021 week 6
72,demand,7172.838124539966,ime,2021 week 6
73,demand,6802.2315038650995,ime,2021 week 6
74,demand,6687.069297333415,ime,2021 week 6
75,demand,6688.373675213907,ime,2021 week 6
76,demand,6691.284526046709,ime,2021 week 6
77,demand,6700.845816494404,ime,2021 week 6
78,demand,7568.741505831258,ime,2021 week 6
79,demand,8105.58252794779,ime,2021 week 6
80,demand,8231.6845831169,ime,2021 week 6
81,demand,8771.26885416293,ime,2021 week 6
82,demand,9176.285464016417,ime,2021 week 6
83,demand,9904.6675673382,ime,2021 week 6
84,demand,9076.802880791072,ime,2021 week 6
85,demand,8908.813549242892,ime,2021 week 6
86,demand,9084.27942262239,ime,2021 week 6
87,demand,8984.764665341476,ime,2021 week 6
88,demand,9187.265988524963,ime,2021 week 6
89,demand,9363.698972520737,ime,2021 week 6
90,demand,9187.416161751538,ime,2021 week 6
91,demand,8801.631208802039,ime,2021 week 6
92,demand,9122.318095628158,ime,2021 week 6
93,demand,8893.709170859507,ime,2021 week 6
94,demand,8408.674064143965,ime,2021 week 6
95,demand,7717.260604378465,ime,2021 week 6
96,demand,7136.78881916938,ime,2021 week 6
97,demand,6766.112195925435,ime,2021 week 6
98,demand,6662.515619016959,ime,2021 week 6
99,demand,6677.426168487324,ime,2021 week 6
100,demand,6688.743121898261,ime,2021 week 6
101,demand,6692.328962501532,ime,2021 week 6
102,demand,7562.69984277728,ime,2021 week 6
103,demand,8094.4000558358275,ime,2021 week 6
104,demand,8193.329003034569,ime,2021 week 6
105,demand,8676.407690721795,ime,2021 week 6
106,demand,9060.973790462427,ime,2021 week 6
107,demand,9794.810444203988,ime,2021 week 6
108,demand,8986.385107114675,ime,2021 week 6
109,demand,8832.646335157937,ime,2021 week 6
110,demand,9021.259982197937,ime,2021 week 6
111,demand,8932.208092935436,ime,2021 week 6
112,demand,9135.664318156618,ime,2021 week 6
113,demand,9314.77649228352,ime,2021 week 6
114,demand,9153.535233980983,ime,2021 week 6
115,demand,8776.322351845554,ime,2021 week 6
116,demand,9109.395630528648,ime,2021 week 6
117,demand,8884.198861816622,ime,2021 week 6
118,demand,8415.00655523435,ime,2021 week 6
119,demand,7697.764404377639,ime,2021 week 6
120,demand,7102.943361546118,ime,2021 week 6
121,demand,6734.851680893533,ime,2021 week 6
122,demand,6615.745769220538,ime,2021 week 6
123,demand,6620.213399886692,ime,2021 week 6
124,demand,6624.575593413035,ime,2021 week 6
125,demand,6629.29887945624,ime,2021 week 6
126,demand,7497.861643014289,ime,2021 week 6
127,demand,8026.946162944147,ime,2021 week 6
128,demand,8144.776500968683,ime,2021 week 6
129,demand,8659.563493198943,ime,2021 week 6
130,demand,9045.729770183463,ime,2021 week 6
131,demand,9784.660341801153,ime,2021 week 6
132,demand,8981.971838848343,ime,2021 week 6
133,demand,8835.555388721526,ime,2021 week 6
134,demand,9030.550484280291,ime,2021 week 6
135,demand,8947.259716777791,ime,2021 week 6
136,demand,9156.63606112827,ime,2021 week 6
137,demand,9339.320540767816,ime,2021 week 6
138,demand,9175.302942704446,ime,2021 week 6
139,demand,8808.02224756499,ime,2021 week 6
140,demand,9121.274529902706,ime,2021 week 6
141,demand,8887.451970969953,ime,2021 week 6
142,demand,8399.639917507802,ime,2021 week 6
143,demand,7701.152199549448,ime,2021 week 6
144,demand,7105.145049260809,ime,2021 week 6
145,demand,6575.951728348867,ime,2021 week 6
146,demand,6467.87195349042,ime,2021 week 6
147,demand,6477.995048542377,ime,2021 week 6
148,demand,6495.567808554723,ime,2021 week 6
149,demand,6511.9318266363825,ime,2021 week 6
150,demand,7341.077055952627,ime,2021 week 6
151,demand,7846.063121900764,ime,2021 week 6
152,demand,7938.579753629085,ime,2021 week 6
153,demand,8414.224160310632,ime,2021 week 6
154,demand,8776.98434888164,ime,2021 week 6
155,demand,9491.53276575635,ime,2021 week 6
156,demand,8702.699966614675,ime,2021 week 6
157,demand,8558.419294873098,ime,2021 week 6
158,demand,8733.795347170264,ime,2021 week 6
159,demand,8656.168926837214,ime,2021 week 6
160,demand,8857.04406000858,ime,2021 week 6
161,demand,9040.350808799423,ime,2021 week 6
162,demand,8890.079910419749,ime,2021 week 6
163,demand,8533.016415062571,ime,2021 week 6
164,demand,8832.649326805744,ime,2021 week 6
165,demand,8619.24603941561,ime,2021 week 6
166,demand,8166.543835007379,ime,2021 week 6
167,demand,7510.044902637086,ime,2021 week 6
168,demand,6948.343549550011,ime,2021 week 6
1,net_export,-980.6287299019746,jl,2021 week 6
2,net_export,-1e-10,jl,2021 week 6
3,net_export,-1e-10,jl,2021 week 6
4,net_export,-1e-10,jl,2021 week 6
5,net_export,-1e-10,jl,2021 week 6
6,net_export,-1e-10,jl,2021 week 6
7,net_export,-1e-10,jl,2021 week 6
8,net_export,-1e-10,jl,2021 week 6
9,net_export,-1e-10,jl,2021 week 6
10,net_export,-313.9102476374819,jl,2021 week 6
11,net_export,-1e-10,jl,2021 week 6
12,net_export,-1e-10,jl,2021 week 6
13,net_export,-1e-10,jl,2021 week 6
14,net_export,-1e-10,jl,2021 week 6
15,net_export,-114.49990483658632,jl,2021 week 6
16,net_export,-849.4314869069744,jl,2021 week 6
17,net_export,-3855.2945003723753,jl,2021 week 6
18,net_export,-5690.502026160077,jl,2021 week 6
19,net_export,-4132.8022787303935,jl,2021 week 6
20,net_export,-4835.407768492155,jl,2021 week 6
21,net_export,-4178.430580741975,jl,2021 week 6
22,net_export,-4746.949121014825,jl,2021 week 6
23,net_export,-3925.022371080333,jl,2021 week 6
24,net_export,-3958.828707739824,jl,2021 week 6
25,net_export,-2893.6246823966912,jl,2021 week 6
26,net_export,-2329.376596643034,jl,2021 week 6
27,net_export,-1554.9928842536929,jl,2021 week 6
28,net_export,-1850.5675002797973,jl,2021 week 6
29,net_export,-2710.3892788848752,jl,2021 week 6
30,net_export,-2306.936174268231,jl,2021 week 6
31,net_export,-3862.4735745337,jl,2021 week 6
32,net_export,-4448.383836556686,jl,2021 week 6
33,net_export,-5880.900934741729,jl,2021 week 6
34,net_export,-5199.844886461183,jl,2021 week 6
35,net_export,-5217.939208140474,jl,2021 week 6
36,net_export,-4904.662539102818,jl,2021 week 6
37,net_export,-3301.420612742197,jl,2021 week 6
38,net_export,-4933.866002484825,jl,2021 week 6
39,net_export,-4417.854657477584,jl,2021 week 6
40,net_export,-3634.9626445726,jl,2021 week 6
41,net_export,-7331.241592377338,jl,2021 week 6
42,net_export,-5230.270317759143,jl,2021 week 6
43,net_export,-2682.2548487001022,jl,2021 week 6
44,net_export,-3116.778028735413,jl,2021 week 6
45,net_export,-3897.5914129248936,jl,2021 week 6
46,net_export,-3872.7682013958265,jl,2021 week 6
47,net_export,-4105.444684364826,jl,2021 week 6
48,net_export,-3277.138032939088,jl,2021 week 6
49,net_export,-3079.9310937791647,jl,2021 week 6
50,net_export,-2825.0539043295053,jl,2021 week 6
51,net_export,-3005.4291080155804,jl,2021 week 6
52,net_export,-2903.516626682129,jl,2021 week 6
53,net_export,-2741.785469734976,jl,2021 week 6
54,net_export,-3212.066843131689,jl,2021 week 6
55,net_export,-3823.984054085047,jl,2021 week 6
56,net_export,-3235.133982346833,jl,2021 week 6
57,net_export,-2703.97931000967,jl,2021 week 6
58,net_export,-861.4829996015594,jl,2021 week 6
59,net_export,-608.6428941550653,jl,2021 week 6
60,net_export,-70.3131186450009,jl,2021 week 6
61,net_export,-117.68247389499956,jl,2021 week 6
62,net_export,-1e-10,jl,2021 week 6
63,net_export,-216.13808371697488,jl,2021 week 6
64,net_export,-2310.0519487319743,jl,2021 week 6
65,net_export,-3582.18,jl,2021 week 6
66,net_export,-3652.1910014878176,jl,2021 week 6
67,net_export,-3908.7725670661575,jl,2021 week 6
68,net_export,-4456.5626356579505,jl,2021 week 6
69,net_export,-5354.18744103735,jl,2021 week 6
70,net_export,-3470.667320073246,jl,2021 week 6
71,net_export,-2244.3364368597795,jl,2021 week 6
72,net_export,-705.4367068519764,jl,2021 week 6
73,net_export,-1e-10,jl,2021 week 6
74,net_export,-1e-10,jl,2021 week 6
75,net_export,-1e-10,jl,2021 week 6
76,net_export,-1e-10,jl,2021 week 6
77,net_export,-1e-10,jl,2021 week 6
78,net_export,-1e-10,jl,2021 week 6
79,net_export,-1e-10,jl,2021 week 6
80,net_export,-1e-10,jl,2021 week 6
81,net_export,-1e-10,jl,2021 week 6
82,net_export,-1e-10,jl,2021 week 6
83,net_export,-1e-10,jl,2021 week 6
84,net_export,-1e-10,jl,2021 week 6
85,net_export,-1e-10,jl,2021 week 6
86,net_export,-1e-10,jl,2021 week 6
87,net_export,-294.038757126975,jl,2021 week 6
88,net_export,-119.9855743519756,jl,2021 week 6
89,net_export,-4086.351633604774,jl,2021 week 6
90,net_export,-4203.639940814489,jl,2021 week 6
91,net_export,-2154.083336006671,jl,2021 week 6
92,net_export,-3463.7966557953596,jl,2021 week 6
93,net_export,-2989.405679335821,jl,2021 week 6
94,net_export,-2825.393397049129,jl,2021 week 6
95,net_export,-585.6021388169737,jl,2021 week 6
96,net_export,-1e-10,jl,2021 week 6
97,net_export,-1e-10,jl,2021 week 6
98,net_export,-1e-10,jl,2021 week 6
99,net_export,-1e-10,jl,2021 week 6
100,net_export,-1e-10,jl,2021 week 6
101,net_export,-1e-10,jl,2021 week 6
102,net_export,-1e-10,jl,2021 week 6
103,net_export,-1e-10,jl,2021 week 6
104,net_export,-1e-10,jl,2021 week 6
105,net_export,-1e-10,jl,2021 week 6
106,net_export,-1e-10,jl,2021 week 6
107,net_export,-1e-10,jl,2021 week 6
108,net_export,-1e-10,jl,2021 week 6
109,net_export,-1e-10,jl,2021 week 6
110,net_export,-1e-10,jl,2021 week 6
111,net_export,-1e-10,jl,2021 week 6
112,net_export,-242.19819870491824,jl,2021 week 6
113,net_export,-3116.4759435656956,jl,2021 week 6
114,net_export,-2693.968970314413,jl,2021 week 6
115,net_export,-1200.7159659784538,jl,2021 week 6
116,net_export,-3124.01793265466,jl,2021 week 6
117,net_export,-3197.0483219349726,jl,2021 week 6
118,net_export,-3765.6381380157713,jl,2021 week 6
119,net_export,-3090.2024775440996,jl,2021 week 6
120,net_export,-3685.349252474308,jl,2021 week 6
121,net_export,-3312.4054744348746,jl,2021 week 6
122,net_export,-3715.438299840001,jl,2021 week 6
123,net_export,-3755.0729648400015,jl,2021 week 6
124,net_export,-3629.563192340001,jl,2021 week 6
125,net_export,-3391.4293130200003,jl,2021 week 6
126,net_export,-3030.1304287619755,jl,2021 week 6
127,net_export,-4057.997520284824,jl,2021 week 6
128,net_export,-3191.716100736976,jl,2021 week 6
129,net_export,-1529.4936240548548,jl,2021 week 6
130,net_export,-3085.3281373416403,jl,2021 week 6
131,net_export,-3960.5810639126616,jl,2021 week 6
132,net_export,-1742.4119549900004,jl,2021 week 6
133,net_export,-1438.5135354800009,jl,2021 week 6
134,net_export,-832.6239087950001,jl,2021 week 6
135,net_export,-452.59461180499954,jl,2021 week 6
136,net_export,-1329.14937251325,jl,2021 week 6
137,net_export,-4506.055055369527,jl,2021 week 6
138,net_export,-3394.265772850517,jl,2021 week 6
139,net_export,-387.4728672454883,jl,2021 week 6
140,net_export,-1874.469345872442,jl,2021 week 6
141,net_export,-2244.977522016951,jl,2021 week 6
142,net_export,-2920.397019367421,jl,2021 week 6
143,net_export,-2734.1852609260573,jl,2021 week 6
144,net_export,-2890.879052056975,jl,2021 week 6
145,net_export,-1624.573093275654,jl,2021 week 6
146,net_export,-1426.6022894550003,jl,2021 week 6
147,net_export,-1110.1614301129523,jl,2021 week 6
148,net_export,-1e-10,jl,2021 week 6
149,net_export,-1e-10,jl,2021 week 6
150,net_export,-1e-10,jl,2021 week 6
151,net_export,-1e-10,jl,2021 week 6
152,net_export,-568.5401159719754,jl,2021 week 6
153,net_export,-479.592098946975,jl,2021 week 6
154,net_export,-1566.9789029058777,jl,2021 week 6
155,net_export,-4126.760699780888,jl,2021 week 6
156,net_export,-2713.5409830613785,jl,2021 week 6
157,net_export,-1467.6847197950012,jl,2021 week 6
158,net_export,-2729.414340390962,jl,2021 week 6
159,net_export,-3057.542388573131,jl,2021 week 6
160,net_export,-4014.1380297317382,jl,2021 week 6
161,net_export,-5385.288017359524,jl,2021 week 6
162,net_export,-3752.6069665412256,jl,2021 week 6
163,net_export,-2860.801586650001,jl,2021 week 6
164,net_export,-3605.782143014402,jl,2021 week 6
165,net_export,-3164.5492222718026,jl,2021 week 6
166,net_export,-2996.497581665079,jl,2021 week 6
167,net_export,-2532.0898933569742,jl,2021 week 6
168,net_export,-1642.547432976975,jl,2021 week 6
1,charge,-1e-10,jl,2021 week 6
2,charge,-812.5,jl,2021 week 6
3,charge,-812.5,jl,2021 week 6
4,charge,-812.5,jl,2021 week 6
5,charge,-812.5,jl,2021 week 6
6,charge,-812.5,jl,2021 week 6
7,charge,-812.5,jl,2021 week 6
8,charge,-607.952480922753,jl,2021 week 6
9,charge,-367.0475190772472,jl,2021 week 6
10,charge,-1e-10,jl,2021 week 6
11,charge,-1e-10,jl,2021 week 6
12,charge,-1e-10,jl,2021 week 6
13,charge,-1e-10,jl,2021 week 6
14,charge,-1e-10,jl,2021 week 6
15,charge,-1e-10,jl,2021 week 6
16,charge,-1e-10,jl,2021 week 6
17,charge,-1e-10,jl,2021 week 6
18,charge,-1e-10,jl,2021 week 6
19,charge,-1e-10,jl,2021 week 6
20,charge,-1e-10,jl,2021 week 6
21,charge,-1e-10,jl,2021 week 6
22,charge,-1e-10,jl,2021 week 6
23,charge,-1e-10,jl,2021 week 6
24,charge,-1e-10,jl,2021 week 6
25,charge,-1e-10,jl,2021 week 6
26,charge,-812.5,jl,2021 week 6
27,charge,-1e-10,jl,2021 week 6
28,charge,-1e-10,jl,2021 week 6
29,charge,-1e-10,jl,2021 week 6
30,charge,-1e-10,jl,2021 week 6
31,charge,-1e-10,jl,2021 week 6
32,charge,-1e-10,jl,2021 week 6
33,charge,-1e-10,jl,2021 week 6
34,charge,-1e-10,jl,2021 week 6
35,charge,-1e-10,jl,2021 week 6
36,charge,-1e-10,jl,2021 week 6
37,charge,-1e-10,jl,2021 week 6
38,charge,-1e-10,jl,2021 week 6
39,charge,-1e-10,jl,2021 week 6
40,charge,-1e-10,jl,2021 week 6
41,charge,-1e-10,jl,2021 week 6
42,charge,-1e-10,jl,2021 week 6
43,charge,-1e-10,jl,2021 week 6
44,charge,-1e-10,jl,2021 week 6
45,charge,-1e-10,jl,2021 week 6
46,charge,-1e-10,jl,2021 week 6
47,charge,-1e-10,jl,2021 week 6
48,charge,-1e-10,jl,2021 week 6
49,charge,-1e-10,jl,2021 week 6
50,charge,-1e-10,jl,2021 week 6
51,charge,-1e-10,jl,2021 week 6
52,charge,-1e-10,jl,2021 week 6
53,charge,-1e-10,jl,2021 week 6
54,charge,-1e-10,jl,2021 week 6
55,charge,-1e-10,jl,2021 week 6
56,charge,-1e-10,jl,2021 week 6
57,charge,-1e-10,jl,2021 week 6
58,charge,-1e-10,jl,2021 week 6
59,charge,-1e-10,jl,2021 week 6
60,charge,-1e-10,jl,2021 week 6
61,charge,-1e-10,jl,2021 week 6
62,charge,-1e-10,jl,2021 week 6
63,charge,-1e-10,jl,2021 week 6
64,charge,-1e-10,jl,2021 week 6
65,charge,-1e-10,jl,2021 week 6
66,charge,-1e-10,jl,2021 week 6
67,charge,-1e-10,jl,2021 week 6
68,charge,-1e-10,jl,2021 week 6
69,charge,-1e-10,jl,2021 week 6
70,charge,-1e-10,jl,2021 week 6
71,charge,-1e-10,jl,2021 week 6
72,charge,-1e-10,jl,2021 week 6
73,charge,-650.0504391731897,jl,2021 week 6
74,charge,-812.5,jl,2021 week 6
75,charge,-812.5,jl,2021 week 6
76,charge,-812.5,jl,2021 week 6
77,charge,-812.5,jl,2021 week 6
78,charge,-1e-10,jl,2021 week 6
79,charge,-1e-10,jl,2021 week 6
80,charge,-1e-10,jl,2021 week 6
81,charge,-1e-10,jl,2021 week 6
82,charge,-1e-10,jl,2021 week 6
83,charge,-1e-10,jl,2021 week 6
84,charge,-1e-10,jl,2021 week 6
85,charge,-1e-10,jl,2021 week 6
86,charge,-1e-10,jl,2021 week 6
87,charge,-1e-10,jl,2021 week 6
88,charge,-1e-10,jl,2021 week 6
89,charge,-1e-10,jl,2021 week 6
90,charge,-1e-10,jl,2021 week 6
91,charge,-1e-10,jl,2021 week 6
92,charge,-1e-10,jl,2021 week 6
93,charge,-1e-10,jl,2021 week 6
94,charge,-1e-10,jl,2021 week 6
95,charge,-1e-10,jl,2021 week 6
96,charge,-1e-10,jl,2021 week 6
97,charge,-1e-10,jl,2021 week 6
98,charge,-1e-10,jl,2021 week 6
99,charge,-1e-10,jl,2021 week 6
100,charge,-812.5,jl,2021 week 6
101,charge,-812.5,jl,2021 week 6
102,charge,-1e-10,jl,2021 week 6
103,charge,-1e-10,jl,2021 week 6
104,charge,-1e-10,jl,2021 week 6
105,charge,-1e-10,jl,2021 week 6
106,charge,-1e-10,jl,2021 week 6
107,charge,-1e-10,jl,2021 week 6
108,charge,-1e-10,jl,2021 week 6
109,charge,-1e-10,jl,2021 week 6
110,charge,-1e-10,jl,2021 week 6
111,charge,-1e-10,jl,2021 week 6
112,charge,-1e-10,jl,2021 week 6
113,charge,-1e-10,jl,2021 week 6
114,charge,-1e-10,jl,2021 week 6
115,charge,-1e-10,jl,2021 week 6
116,charge,-1e-10,jl,2021 week 6
117,charge,-1e-10,jl,2021 week 6
118,charge,-1e-10,jl,2021 week 6
119,charge,-1e-10,jl,2021 week 6
120,charge,-1e-10,jl,2021 week 6
121,charge,-1e-10,jl,2021 week 6
122,charge,-1e-10,jl,2021 week 6
123,charge,-1e-10,jl,2021 week 6
124,charge,-1e-10,jl,2021 week 6
125,charge,-1e-10,jl,2021 week 6
126,charge,-1e-10,jl,2021 week 6
127,charge,-1e-10,jl,2021 week 6
128,charge,-1e-10,jl,2021 week 6
129,charge,-1e-10,jl,2021 week 6
130,charge,-1e-10,jl,2021 week 6
131,charge,-1e-10,jl,2021 week 6
132,charge,-1e-10,jl,2021 week 6
133,charge,-1e-10,jl,2021 week 6
134,charge,-1e-10,jl,2021 week 6
135,charge,-1e-10,jl,2021 week 6
136,charge,-1e-10,jl,2021 week 6
137,charge,-1e-10,jl,2021 week 6
138,charge,-1e-10,jl,2021 week 6
139,charge,-1e-10,jl,2021 week 6
140,charge,-1e-10,jl,2021 week 6
141,charge,-1e-10,jl,2021 week 6
142,charge,-1e-10,jl,2021 week 6
143,charge,-1e-10,jl,2021 week 6
144,charge,-1e-10,jl,2021 week 6
145,charge,-1e-10,jl,2021 week 6
146,charge,-1e-10,jl,2021 week 6
147,charge,-1e-10,jl,2021 week 6
148,charge,-1e-10,jl,2021 week 6
149,charge,-1e-10,jl,2021 week 6
150,charge,-1e-10,jl,2021 week 6
151,charge,-1e-10,jl,2021 week 6
152,charge,-1e-10,jl,2021 week 6
153,charge,-1e-10,jl,2021 week 6
154,charge,-1e-10,jl,2021 week 6
155,charge,-1e-10,jl,2021 week 6
156,charge,-1e-10,jl,2021 week 6
157,charge,-1e-10,jl,2021 week 6
158,charge,-1e-10,jl,2021 week 6
159,charge,-1e-10,jl,2021 week 6
160,charge,-1e-10,jl,2021 week 6
161,charge,-1e-10,jl,2021 week 6
162,charge,-1e-10,jl,2021 week 6
163,charge,-1e-10,jl,2021 week 6
164,charge,-1e-10,jl,2021 week 6
165,charge,-1e-10,jl,2021 week 6
166,charge,-1e-10,jl,2021 week 6
167,charge,-1e-10,jl,2021 week 6
168,charge,-1e-10,jl,2021 week 6
1,nuclear,0.0,jl,2021 week 6
2,nuclear,0.0,jl,2021 week 6
3,nuclear,0.0,jl,2021 week 6
4,nuclear,0.0,jl,2021 week 6
5,nuclear,0.0,jl,2021 week 6
6,nuclear,0.0,jl,2021 week 6
7,nuclear,0.0,jl,2021 week 6
8,nuclear,0.0,jl,2021 week 6
9,nuclear,0.0,jl,2021 week 6
10,nuclear,0.0,jl,2021 week 6
11,nuclear,0.0,jl,2021 week 6
12,nuclear,0.0,jl,2021 week 6
13,nuclear,0.0,jl,2021 week 6
14,nuclear,0.0,jl,2021 week 6
15,nuclear,0.0,jl,2021 week 6
16,nuclear,0.0,jl,2021 week 6
17,nuclear,0.0,jl,2021 week 6
18,nuclear,0.0,jl,2021 week 6
19,nuclear,0.0,jl,2021 week 6
20,nuclear,0.0,jl,2021 week 6
21,nuclear,0.0,jl,2021 week 6
22,nuclear,0.0,jl,2021 week 6
23,nuclear,0.0,jl,2021 week 6
24,nuclear,0.0,jl,2021 week 6
25,nuclear,0.0,jl,2021 week 6
26,nuclear,0.0,jl,2021 week 6
27,nuclear,0.0,jl,2021 week 6
28,nuclear,0.0,jl,2021 week 6
29,nuclear,0.0,jl,2021 week 6
30,nuclear,0.0,jl,2021 week 6
31,nuclear,0.0,jl,2021 week 6
32,nuclear,0.0,jl,2021 week 6
33,nuclear,0.0,jl,2021 week 6
34,nuclear,0.0,jl,2021 week 6
35,nuclear,0.0,jl,2021 week 6
36,nuclear,0.0,jl,2021 week 6
37,nuclear,0.0,jl,2021 week 6
38,nuclear,0.0,jl,2021 week 6
39,nuclear,0.0,jl,2021 week 6
40,nuclear,0.0,jl,2021 week 6
41,nuclear,0.0,jl,2021 week 6
42,nuclear,0.0,jl,2021 week 6
43,nuclear,0.0,jl,2021 week 6
44,nuclear,0.0,jl,2021 week 6
45,nuclear,0.0,jl,2021 week 6
46,nuclear,0.0,jl,2021 week 6
47,nuclear,0.0,jl,2021 week 6
48,nuclear,0.0,jl,2021 week 6
49,nuclear,0.0,jl,2021 week 6
50,nuclear,0.0,jl,2021 week 6
51,nuclear,0.0,jl,2021 week 6
52,nuclear,0.0,jl,2021 week 6
53,nuclear,0.0,jl,2021 week 6
54,nuclear,0.0,jl,2021 week 6
55,nuclear,0.0,jl,2021 week 6
56,nuclear,0.0,jl,2021 week 6
57,nuclear,0.0,jl,2021 week 6
58,nuclear,0.0,jl,2021 week 6
59,nuclear,0.0,jl,2021 week 6
60,nuclear,0.0,jl,2021 week 6
61,nuclear,0.0,jl,2021 week 6
62,nuclear,0.0,jl,2021 week 6
63,nuclear,0.0,jl,2021 week 6
64,nuclear,0.0,jl,2021 week 6
65,nuclear,0.0,jl,2021 week 6
66,nuclear,0.0,jl,2021 week 6
67,nuclear,0.0,jl,2021 week 6
68,nuclear,0.0,jl,2021 week 6
69,nuclear,0.0,jl,2021 week 6
70,nuclear,0.0,jl,2021 week 6
71,nuclear,0.0,jl,2021 week 6
72,nuclear,0.0,jl,2021 week 6
73,nuclear,0.0,jl,2021 week 6
74,nuclear,0.0,jl,2021 week 6
75,nuclear,0.0,jl,2021 week 6
76,nuclear,0.0,jl,2021 week 6
77,nuclear,0.0,jl,2021 week 6
78,nuclear,0.0,jl,2021 week 6
79,nuclear,0.0,jl,2021 week 6
80,nuclear,0.0,jl,2021 week 6
81,nuclear,0.0,jl,2021 week 6
82,nuclear,0.0,jl,2021 week 6
83,nuclear,0.0,jl,2021 week 6
84,nuclear,0.0,jl,2021 week 6
85,nuclear,0.0,jl,2021 week 6
86,nuclear,0.0,jl,2021 week 6
87,nuclear,0.0,jl,2021 week 6
88,nuclear,0.0,jl,2021 week 6
89,nuclear,0.0,jl,2021 week 6
90,nuclear,0.0,jl,2021 week 6
91,nuclear,0.0,jl,2021 week 6
92,nuclear,0.0,jl,2021 week 6
93,nuclear,0.0,jl,2021 week 6
94,nuclear,0.0,jl,2021 week 6
95,nuclear,0.0,jl,2021 week 6
96,nuclear,0.0,jl,2021 week 6
97,nuclear,0.0,jl,2021 week 6
98,nuclear,0.0,jl,2021 week 6
99,nuclear,0.0,jl,2021 week 6
100,nuclear,0.0,jl,2021 week 6
101,nuclear,0.0,jl,2021 week 6
102,nuclear,0.0,jl,2021 week 6
103,nuclear,0.0,jl,2021 week 6
104,nuclear,0.0,jl,2021 week 6
105,nuclear,0.0,jl,2021 week 6
106,nuclear,0.0,jl,2021 week 6
107,nuclear,0.0,jl,2021 week 6
108,nuclear,0.0,jl,2021 week 6
109,nuclear,0.0,jl,2021 week 6
110,nuclear,0.0,jl,2021 week 6
111,nuclear,0.0,jl,2021 week 6
112,nuclear,0.0,jl,2021 week 6
113,nuclear,0.0,jl,2021 week 6
114,nuclear,0.0,jl,2021 week 6
115,nuclear,0.0,jl,2021 week 6
116,nuclear,0.0,jl,2021 week 6
117,nuclear,0.0,jl,2021 week 6
118,nuclear,0.0,jl,2021 week 6
119,nuclear,0.0,jl,2021 week 6
120,nuclear,0.0,jl,2021 week 6
121,nuclear,0.0,jl,2021 week 6
122,nuclear,0.0,jl,2021 week 6
123,nuclear,0.0,jl,2021 week 6
124,nuclear,0.0,jl,2021 week 6
125,nuclear,0.0,jl,2021 week 6
126,nuclear,0.0,jl,2021 week 6
127,nuclear,0.0,jl,2021 week 6
128,nuclear,0.0,jl,2021 week 6
129,nuclear,0.0,jl,2021 week 6
130,nuclear,0.0,jl,2021 week 6
131,nuclear,0.0,jl,2021 week 6
132,nuclear,0.0,jl,2021 week 6
133,nuclear,0.0,jl,2021 week 6
134,nuclear,0.0,jl,2021 week 6
135,nuclear,0.0,jl,2021 week 6
136,nuclear,0.0,jl,2021 week 6
137,nuclear,0.0,jl,2021 week 6
138,nuclear,0.0,jl,2021 week 6
139,nuclear,0.0,jl,2021 week 6
140,nuclear,0.0,jl,2021 week 6
141,nuclear,0.0,jl,2021 week 6
142,nuclear,0.0,jl,2021 week 6
143,nuclear,0.0,jl,2021 week 6
144,nuclear,0.0,jl,2021 week 6
145,nuclear,0.0,jl,2021 week 6
146,nuclear,0.0,jl,2021 week 6
147,nuclear,0.0,jl,2021 week 6
148,nuclear,0.0,jl,2021 week 6
149,nuclear,0.0,jl,2021 week 6
150,nuclear,0.0,jl,2021 week 6
151,nuclear,0.0,jl,2021 week 6
152,nuclear,0.0,jl,2021 week 6
153,nuclear,0.0,jl,2021 week 6
154,nuclear,0.0,jl,2021 week 6
155,nuclear,0.0,jl,2021 week 6
156,nuclear,0.0,jl,2021 week 6
157,nuclear,0.0,jl,2021 week 6
158,nuclear,0.0,jl,2021 week 6
159,nuclear,0.0,jl,2021 week 6
160,nuclear,0.0,jl,2021 week 6
161,nuclear,0.0,jl,2021 week 6
162,nuclear,0.0,jl,2021 week 6
163,nuclear,0.0,jl,2021 week 6
164,nuclear,0.0,jl,2021 week 6
165,nuclear,0.0,jl,2021 week 6
166,nuclear,0.0,jl,2021 week 6
167,nuclear,0.0,jl,2021 week 6
168,nuclear,0.0,jl,2021 week 6
1,coal,5494.6375,jl,2021 week 6
2,coal,4993.303645689998,jl,2021 week 6
3,coal,4854.4375,jl,2021 week 6
4,coal,4854.4375,jl,2021 week 6
5,coal,4854.4375,jl,2021 week 6
6,coal,4854.4375,jl,2021 week 6
7,coal,5486.3875,jl,2021 week 6
8,coal,5494.6375,jl,2021 week 6
9,coal,5494.6375,jl,2021 week 6
10,coal,5494.6375,jl,2021 week 6
11,coal,5494.6375,jl,2021 week 6
12,coal,5494.6375,jl,2021 week 6
13,coal,5494.6375,jl,2021 week 6
14,coal,5494.6375,jl,2021 week 6
15,coal,6510.41383538004,jl,2021 week 6
16,coal,7517.775,jl,2021 week 6
17,coal,9241.0,jl,2021 week 6
18,coal,9241.0,jl,2021 week 6
19,coal,9241.0,jl,2021 week 6
20,coal,9025.606954745072,jl,2021 week 6
21,coal,7499.2625,jl,2021 week 6
22,coal,7499.2625,jl,2021 week 6
23,coal,5963.370446192688,jl,2021 week 6
24,coal,5494.6375,jl,2021 week 6
25,coal,5494.6375,jl,2021 week 6
26,coal,5494.6375,jl,2021 week 6
27,coal,5494.6375,jl,2021 week 6
28,coal,5494.6375,jl,2021 week 6
29,coal,5494.6375,jl,2021 week 6
30,coal,5494.6375,jl,2021 week 6
31,coal,7340.8875,jl,2021 week 6
32,coal,7374.1375,jl,2021 week 6
33,coal,7374.1375,jl,2021 week 6
34,coal,7374.1375,jl,2021 week 6
35,coal,7374.1375,jl,2021 week 6
36,coal,6718.794222990706,jl,2021 week 6
37,coal,5617.319968393694,jl,2021 week 6
38,coal,7374.1375,jl,2021 week 6
39,coal,7499.2625,jl,2021 week 6
40,coal,7859.938771119093,jl,2021 week 6
41,coal,9241.0,jl,2021 week 6
42,coal,9241.0,jl,2021 week 6
43,coal,7517.775,jl,2021 week 6
44,coal,7499.2625,jl,2021 week 6
45,coal,7499.2625,jl,2021 week 6
46,coal,7499.2625,jl,2021 week 6
47,coal,7374.1375,jl,2021 week 6
48,coal,7055.348563729549,jl,2021 week 6
49,coal,6582.1375,jl,2021 week 6
50,coal,6577.299586387122,jl,2021 week 6
51,coal,6440.3875,jl,2021 week 6
52,coal,6559.5125,jl,2021 week 6
53,coal,6573.7625,jl,2021 week 6
54,coal,7499.2625,jl,2021 week 6
55,coal,7999.7625,jl,2021 week 6
56,coal,7999.7625,jl,2021 week 6
57,coal,7999.7625,jl,2021 week 6
58,coal,7999.7625,jl,2021 week 6
59,coal,7999.7625,jl,2021 week 6
60,coal,7499.2625,jl,2021 week 6
61,coal,7499.2625,jl,2021 week 6
62,coal,7999.7625,jl,2021 week 6
63,coal,8352.4,jl,2021 week 6
64,coal,9241.0,jl,2021 week 6
65,coal,9241.0,jl,2021 week 6
66,coal,9241.0,jl,2021 week 6
67,coal,9241.0,jl,2021 week 6
68,coal,9241.0,jl,2021 week 6
69,coal,9241.0,jl,2021 week 6
70,coal,8734.643454277391,jl,2021 week 6
71,coal,7344.430478139595,jl,2021 week 6
72,coal,5494.6375,jl,2021 week 6
73,coal,5494.6375,jl,2021 week 6
74,coal,4862.6875,jl,2021 week 6
75,coal,4854.4375,jl,2021 week 6
76,coal,4854.4375,jl,2021 week 6
77,coal,4862.6875,jl,2021 week 6
78,coal,5494.6375,jl,2021 week 6
79,coal,5494.6375,jl,2021 week 6
80,coal,5494.6375,jl,2021 week 6
81,coal,5494.6375,jl,2021 week 6
82,coal,5494.6375,jl,2021 week 6
83,coal,5494.6375,jl,2021 week 6
84,coal,5494.6375,jl,2021 week 6
85,coal,5494.6375,jl,2021 week 6
86,coal,7090.6281962951425,jl,2021 week 6
87,coal,7499.2625,jl,2021 week 6
88,coal,7649.089668016683,jl,2021 week 6
89,coal,9241.0,jl,2021 week 6
90,coal,9241.0,jl,2021 week 6
91,coal,9241.0,jl,2021 week 6
92,coal,9241.0,jl,2021 week 6
93,coal,9241.0,jl,2021 week 6
94,coal,9241.0,jl,2021 week 6
95,coal,7517.775,jl,2021 week 6
96,coal,5833.64400304934,jl,2021 week 6
97,coal,5494.6375,jl,2021 week 6
98,coal,5494.6375,jl,2021 week 6
99,coal,5494.6375,jl,2021 week 6
100,coal,5354.976836207901,jl,2021 week 6
101,coal,4862.6875,jl,2021 week 6
102,coal,5494.6375,jl,2021 week 6
103,coal,5494.6375,jl,2021 week 6
104,coal,5494.6375,jl,2021 week 6
105,coal,5494.6375,jl,2021 week 6
106,coal,5494.6375,jl,2021 week 6
107,coal,5494.6375,jl,2021 week 6
108,coal,5494.6375,jl,2021 week 6
109,coal,5494.6375,jl,2021 week 6
110,coal,5494.6375,jl,2021 week 6
111,coal,6441.951346904893,jl,2021 week 6
112,coal,7517.775,jl,2021 week 6
113,coal,9241.0,jl,2021 week 6
114,coal,9241.0,jl,2021 week 6
115,coal,9241.0,jl,2021 week 6
116,coal,9241.0,jl,2021 week 6
117,coal,9241.0,jl,2021 week 6
118,coal,9241.0,jl,2021 week 6
119,coal,7974.472440693549,jl,2021 week 6
120,coal,6407.274831448616,jl,2021 week 6
121,coal,5494.6375,jl,2021 week 6
122,coal,5494.6375,jl,2021 week 6
123,coal,5494.6375,jl,2021 week 6
124,coal,5494.6375,jl,2021 week 6
125,coal,5494.6375,jl,2021 week 6
126,coal,5494.6375,jl,2021 week 6
127,coal,7466.0125,jl,2021 week 6
128,coal,7499.2625,jl,2021 week 6
129,coal,7552.729016643368,jl,2021 week 6
130,coal,7624.3875,jl,2021 week 6
131,coal,7499.2625,jl,2021 week 6
132,coal,7499.2625,jl,2021 week 6
133,coal,7499.2625,jl,2021 week 6
134,coal,7499.2625,jl,2021 week 6
135,coal,7499.2625,jl,2021 week 6
136,coal,8361.089101900683,jl,2021 week 6
137,coal,9241.0,jl,2021 week 6
138,coal,9241.0,jl,2021 week 6
139,coal,9037.11494702174,jl,2021 week 6
140,coal,8602.25,jl,2021 week 6
141,coal,9000.239693534493,jl,2021 week 6
142,coal,8333.8875,jl,2021 week 6
143,coal,7531.143216113845,jl,2021 week 6
144,coal,6925.375,jl,2021 week 6
145,coal,5712.649463450838,jl,2021 week 6
146,coal,5866.625,jl,2021 week 6
147,coal,5331.125,jl,2021 week 6
148,coal,4920.75,jl,2021 week 6
149,coal,4920.75,jl,2021 week 6
150,coal,4920.75,jl,2021 week 6
151,coal,6306.75017668583,jl,2021 week 6
152,coal,6925.375,jl,2021 week 6
153,coal,6925.375,jl,2021 week 6
154,coal,7760.0,jl,2021 week 6
155,coal,7760.0,jl,2021 week 6
156,coal,7760.0,jl,2021 week 6
157,coal,6925.375,jl,2021 week 6
158,coal,7094.647756135337,jl,2021 week 6
159,coal,6637.680113515031,jl,2021 week 6
160,coal,6828.35,jl,2021 week 6
161,coal,6828.35,jl,2021 week 6
162,coal,6828.35,jl,2021 week 6
163,coal,6703.225,jl,2021 week 6
164,coal,6828.35,jl,2021 week 6
165,coal,6828.35,jl,2021 week 6
166,coal,6452.975,jl,2021 week 6
167,coal,5929.5,jl,2021 week 6
168,coal,5030.0,jl,2021 week 6
1,gas,0.0,jl,2021 week 6
2,gas,0.0,jl,2021 week 6
3,gas,0.0,jl,2021 week 6
4,gas,0.0,jl,2021 week 6
5,gas,0.0,jl,2021 week 6
6,gas,0.0,jl,2021 week 6
7,gas,0.0,jl,2021 week 6
8,gas,0.0,jl,2021 week 6
9,gas,0.0,jl,2021 week 6
10,gas,0.0,jl,2021 week 6
11,gas,0.0,jl,2021 week 6
12,gas,0.0,jl,2021 week 6
13,gas,0.0,jl,2021 week 6
14,gas,0.0,jl,2021 week 6
15,gas,0.0,jl,2021 week 6
16,gas,0.0,jl,2021 week 6
17,gas,0.0,jl,2021 week 6
18,gas,0.0,jl,2021 week 6
19,gas,0.0,jl,2021 week 6
20,gas,0.0,jl,2021 week 6
21,gas,0.0,jl,2021 week 6
22,gas,0.0,jl,2021 week 6
23,gas,0.0,jl,2021 week 6
24,gas,0.0,jl,2021 week 6
25,gas,0.0,jl,2021 week 6
26,gas,0.0,jl,2021 week 6
27,gas,0.0,jl,2021 week 6
28,gas,0.0,jl,2021 week 6
29,gas,0.0,jl,2021 week 6
30,gas,0.0,jl,2021 week 6
31,gas,0.0,jl,2021 week 6
32,gas,0.0,jl,2021 week 6
33,gas,0.0,jl,2021 week 6
34,gas,0.0,jl,2021 week 6
35,gas,0.0,jl,2021 week 6
36,gas,0.0,jl,2021 week 6
37,gas,0.0,jl,2021 week 6
38,gas,0.0,jl,2021 week 6
39,gas,0.0,jl,2021 week 6
40,gas,0.0,jl,2021 week 6
41,gas,0.0,jl,2021 week 6
42,gas,0.0,jl,2021 week 6
43,gas,0.0,jl,2021 week 6
44,gas,0.0,jl,2021 week 6
45,gas,0.0,jl,2021 week 6
46,gas,0.0,jl,2021 week 6
47,gas,0.0,jl,2021 week 6
48,gas,0.0,jl,2021 week 6
49,gas,0.0,jl,2021 week 6
50,gas,0.0,jl,2021 week 6
51,gas,0.0,jl,2021 week 6
52,gas,0.0,jl,2021 week 6
53,gas,0.0,jl,2021 week 6
54,gas,0.0,jl,2021 week 6
55,gas,0.0,jl,2021 week 6
56,gas,0.0,jl,2021 week 6
57,gas,0.0,jl,2021 week 6
58,gas,0.0,jl,2021 week 6
59,gas,0.0,jl,2021 week 6
60,gas,0.0,jl,2021 week 6
61,gas,0.0,jl,2021 week 6
62,gas,0.0,jl,2021 week 6
63,gas,0.0,jl,2021 week 6
64,gas,0.0,jl,2021 week 6
65,gas,0.0,jl,2021 week 6
66,gas,0.0,jl,2021 week 6
67,gas,0.0,jl,2021 week 6
68,gas,0.0,jl,2021 week 6
69,gas,0.0,jl,2021 week 6
70,gas,0.0,jl,2021 week 6
71,gas,0.0,jl,2021 week 6
72,gas,0.0,jl,2021 week 6
73,gas,0.0,jl,2021 week 6
74,gas,0.0,jl,2021 week 6
75,gas,0.0,jl,2021 week 6
76,gas,0.0,jl,2021 week 6
77,gas,0.0,jl,2021 week 6
78,gas,0.0,jl,2021 week 6
79,gas,0.0,jl,2021 week 6
80,gas,0.0,jl,2021 week 6
81,gas,0.0,jl,2021 week 6
82,gas,0.0,jl,2021 week 6
83,gas,0.0,jl,2021 week 6
84,gas,0.0,jl,2021 week 6
85,gas,0.0,jl,2021 week 6
86,gas,0.0,jl,2021 week 6
87,gas,0.0,jl,2021 week 6
88,gas,0.0,jl,2021 week 6
89,gas,0.0,jl,2021 week 6
90,gas,0.0,jl,2021 week 6
91,gas,0.0,jl,2021 week 6
92,gas,0.0,jl,2021 week 6
93,gas,0.0,jl,2021 week 6
94,gas,0.0,jl,2021 week 6
95,gas,0.0,jl,2021 week 6
96,gas,0.0,jl,2021 week 6
97,gas,0.0,jl,2021 week 6
98,gas,0.0,jl,2021 week 6
99,gas,0.0,jl,2021 week 6
100,gas,0.0,jl,2021 week 6
101,gas,0.0,jl,2021 week 6
102,gas,0.0,jl,2021 week 6
103,gas,0.0,jl,2021 week 6
104,gas,0.0,jl,2021 week 6
105,gas,0.0,jl,2021 week 6
106,gas,0.0,jl,2021 week 6
107,gas,0.0,jl,2021 week 6
108,gas,0.0,jl,2021 week 6
109,gas,0.0,jl,2021 week 6
110,gas,0.0,jl,2021 week 6
111,gas,0.0,jl,2021 week 6
112,gas,0.0,jl,2021 week 6
113,gas,0.0,jl,2021 week 6
114,gas,0.0,jl,2021 week 6
115,gas,0.0,jl,2021 week 6
116,gas,0.0,jl,2021 week 6
117,gas,0.0,jl,2021 week 6
118,gas,0.0,jl,2021 week 6
119,gas,0.0,jl,2021 week 6
120,gas,0.0,jl,2021 week 6
121,gas,0.0,jl,2021 week 6
122,gas,0.0,jl,2021 week 6
123,gas,0.0,jl,2021 week 6
124,gas,0.0,jl,2021 week 6
125,gas,0.0,jl,2021 week 6
126,gas,0.0,jl,2021 week 6
127,gas,0.0,jl,2021 week 6
128,gas,0.0,jl,2021 week 6
129,gas,0.0,jl,2021 week 6
130,gas,0.0,jl,2021 week 6
131,gas,0.0,jl,2021 week 6
132,gas,0.0,jl,2021 week 6
133,gas,0.0,jl,2021 week 6
134,gas,0.0,jl,2021 week 6
135,gas,0.0,jl,2021 week 6
136,gas,0.0,jl,2021 week 6
137,gas,0.0,jl,2021 week 6
138,gas,0.0,jl,2021 week 6
139,gas,0.0,jl,2021 week 6
140,gas,0.0,jl,2021 week 6
141,gas,0.0,jl,2021 week 6
142,gas,0.0,jl,2021 week 6
143,gas,0.0,jl,2021 week 6
144,gas,0.0,jl,2021 week 6
145,gas,0.0,jl,2021 week 6
146,gas,0.0,jl,2021 week 6
147,gas,0.0,jl,2021 week 6
148,gas,0.0,jl,2021 week 6
149,gas,0.0,jl,2021 week 6
150,gas,0.0,jl,2021 week 6
151,gas,0.0,jl,2021 week 6
152,gas,0.0,jl,2021 week 6
153,gas,0.0,jl,2021 week 6
154,gas,0.0,jl,2021 week 6
155,gas,0.0,jl,2021 week 6
156,gas,0.0,jl,2021 week 6
157,gas,0.0,jl,2021 week 6
158,gas,0.0,jl,2021 week 6
159,gas,0.0,jl,2021 week 6
160,gas,0.0,jl,2021 week 6
161,gas,0.0,jl,2021 week 6
162,gas,0.0,jl,2021 week 6
163,gas,0.0,jl,2021 week 6
164,gas,0.0,jl,2021 week 6
165,gas,0.0,jl,2021 week 6
166,gas,0.0,jl,2021 week 6
167,gas,0.0,jl,2021 week 6
168,gas,0.0,jl,2021 week 6
1,hydro,1095.6432895,jl,2021 week 6
2,hydro,90.26644749999946,jl,2021 week 6
3,hydro,0.0,jl,2021 week 6
4,hydro,0.0,jl,2021 week 6
5,hydro,0.0,jl,2021 week 6
6,hydro,0.0,jl,2021 week 6
7,hydro,871.1432894999998,jl,2021 week 6
8,hydro,871.1432894999998,jl,2021 week 6
9,hydro,871.1432894999998,jl,2021 week 6
10,hydro,871.1432894999998,jl,2021 week 6
11,hydro,1164.4126100168442,jl,2021 week 6
12,hydro,1130.0658999999996,jl,2021 week 6
13,hydro,318.9513584831557,jl,2021 week 6
14,hydro,871.1432894999998,jl,2021 week 6
15,hydro,871.1432894999998,jl,2021 week 6
16,hydro,871.1432894999998,jl,2021 week 6
17,hydro,1794.0683161253537,jl,2021 week 6
18,hydro,3781.623827070093,jl,2021 week 6
19,hydro,1303.1877253045543,jl,2021 week 6
20,hydro,871.1432895,jl,2021 week 6
21,hydro,871.1432895,jl,2021 week 6
22,hydro,871.1432895,jl,2021 week 6
23,hydro,871.1432895,jl,2021 week 6
24,hydro,871.1432895,jl,2021 week 6
25,hydro,0.0,jl,2021 week 6
26,hydro,0.0,jl,2021 week 6
27,hydro,0.0,jl,2021 week 6
28,hydro,0.0,jl,2021 week 6
29,hydro,90.26644749999924,jl,2021 week 6
30,hydro,871.1432894999998,jl,2021 week 6
31,hydro,1006.6026050673984,jl,2021 week 6
32,hydro,1112.9465542071655,jl,2021 week 6
33,hydro,3150.5662646768296,jl,2021 week 6
34,hydro,656.130074048607,jl,2021 week 6
35,hydro,171.75752849999844,jl,2021 week 6
36,hydro,0.0,jl,2021 week 6
37,hydro,0.0,jl,2021 week 6
38,hydro,871.1432894999998,jl,2021 week 6
39,hydro,871.1432894999998,jl,2021 week 6
40,hydro,871.1432894999998,jl,2021 week 6
41,hydro,3723.9387900392703,jl,2021 week 6
42,hydro,2283.79778896073,jl,2021 week 6
43,hydro,814.0729873635198,jl,2021 week 6
44,hydro,713.7760776594891,jl,2021 week 6
45,hydro,1066.4820434769904,jl,2021 week 6
46,hydro,890.2420495000008,jl,2021 week 6
47,hydro,871.1432895,jl,2021 week 6
48,hydro,0.0,jl,2021 week 6
49,hydro,201.1305941200585,jl,2021 week 6
50,hydro,0.0,jl,2021 week 6
51,hydro,344.7845889609366,jl,2021 week 6
52,hydro,249.59013131212396,jl,2021 week 6
53,hydro,165.90442260687996,jl,2021 week 6
54,hydro,871.1432894999998,jl,2021 week 6
55,hydro,1616.2759158101833,jl,2021 week 6
56,hydro,1289.8093587627104,jl,2021 week 6
57,hydro,2073.9103914372854,jl,2021 week 6
58,hydro,502.2715539435796,jl,2021 week 6
59,hydro,948.3758639415772,jl,2021 week 6
60,hydro,0.0,jl,2021 week 6
61,hydro,0.0,jl,2021 week 6
62,hydro,538.5032321046638,jl,2021 week 6
63,hydro,871.1432894999998,jl,2021 week 6
64,hydro,871.1432894999998,jl,2021 week 6
65,hydro,2315.7495,jl,2021 week 6
66,hydro,2153.354991435866,jl,2021 week 6
67,hydro,1378.1755470641344,jl,2021 week 6
68,hydro,695.5005394999996,jl,2021 week 6
69,hydro,2078.3858695000004,jl,2021 week 6
70,hydro,871.1432895,jl,2021 week 6
71,hydro,871.1432895,jl,2021 week 6
72,hydro,871.1432895,jl,2021 week 6
73,hydro,90.266447499999,jl,2021 week 6
74,hydro,0.0,jl,2021 week 6
75,hydro,0.0,jl,2021 week 6
76,hydro,0.0,jl,2021 week 6
77,hydro,0.0,jl,2021 week 6
78,hydro,871.1432894999998,jl,2021 week 6
79,hydro,871.1432894999998,jl,2021 week 6
80,hydro,1409.3761161741409,jl,2021 week 6
81,hydro,1204.0537523258586,jl,2021 week 6
82,hydro,0.0,jl,2021 week 6
83,hydro,1897.4664270884016,jl,2021 week 6
84,hydro,321.1827687194809,jl,2021 week 6
85,hydro,394.7806726921171,jl,2021 week 6
86,hydro,871.1432894999998,jl,2021 week 6
87,hydro,871.1432894999998,jl,2021 week 6
88,hydro,871.1432894999998,jl,2021 week 6
89,hydro,2693.043425420372,jl,2021 week 6
90,hydro,2206.425015915326,jl,2021 week 6
91,hydro,156.5588971986881,jl,2021 week 6
92,hydro,1164.7264431238232,jl,2021 week 6
93,hydro,1330.5721497420436,jl,2021 week 6
94,hydro,1940.9838055997477,jl,2021 week 6
95,hydro,871.1432895,jl,2021 week 6
96,hydro,871.1432895,jl,2021 week 6
97,hydro,871.1432895,jl,2021 week 6
98,hydro,0.0,jl,2021 week 6
99,hydro,0.0,jl,2021 week 6
100,hydro,0.0,jl,2021 week 6
101,hydro,0.0,jl,2021 week 6
102,hydro,450.845747273012,jl,2021 week 6
103,hydro,510.56398972698753,jl,2021 week 6
104,hydro,871.1432894999998,jl,2021 week 6
105,hydro,1713.2032000000006,jl,2021 week 6
106,hydro,813.0940074606024,jl,2021 week 6
107,hydro,2092.5845997772553,jl,2021 week 6
108,hydro,0.0,jl,2021 week 6
109,hydro,0.0,jl,2021 week 6
110,hydro,607.9779297621405,jl,2021 week 6
111,hydro,871.1432894999998,jl,2021 week 6
112,hydro,871.1432894999998,jl,2021 week 6
113,hydro,1410.8703604249804,jl,2021 week 6
114,hydro,1441.0748155274878,jl,2021 week 6
115,hydro,0.0,jl,2021 week 6
116,hydro,1948.1028071126527,jl,2021 week 6
117,hydro,2294.0295930973352,jl,2021 week 6
118,hydro,2398.2321608375437,jl,2021 week 6
119,hydro,871.1432895,jl,2021 week 6
120,hydro,871.1432895,jl,2021 week 6
121,hydro,90.266447499999,jl,2021 week 6
122,hydro,0.0,jl,2021 week 6
123,hydro,0.0,jl,2021 week 6
124,hydro,0.0,jl,2021 week 6
125,hydro,0.0,jl,2021 week 6
126,hydro,871.1432894999998,jl,2021 week 6
127,hydro,871.1432894999998,jl,2021 week 6
128,hydro,871.1432894999998,jl,2021 week 6
129,hydro,921.4339636991816,jl,2021 week 6
130,hydro,2168.364285947079,jl,2021 week 6
131,hydro,3008.2047768537386,jl,2021 week 6
132,hydro,0.0,jl,2021 week 6
133,hydro,0.0,jl,2021 week 6
134,hydro,0.0,jl,2021 week 6
135,hydro,0.0,jl,2021 week 6
136,hydro,871.1432894999998,jl,2021 week 6
137,hydro,2701.6455540640527,jl,2021 week 6
138,hydro,3306.0910249359476,jl,2021 week 6
139,hydro,200.04475219989695,jl,2021 week 6
140,hydro,1542.2418268001031,jl,2021 week 6
141,hydro,591.6887484201334,jl,2021 week 6
142,hydro,1150.5978305798667,jl,2021 week 6
143,hydro,871.1432895,jl,2021 week 6
144,hydro,871.1432895,jl,2021 week 6
145,hydro,178.6747707591553,jl,2021 week 6
146,hydro,0.0,jl,2021 week 6
147,hydro,782.7349662408437,jl,2021 week 6
148,hydro,0.0,jl,2021 week 6
149,hydro,0.0,jl,2021 week 6
150,hydro,0.0,jl,2021 week 6
151,hydro,871.1432894999998,jl,2021 week 6
152,hydro,871.1432894999998,jl,2021 week 6
153,hydro,871.1432894999998,jl,2021 week 6
154,hydro,1093.09553437604,jl,2021 week 6
155,hydro,4215.039603902989,jl,2021 week 6
156,hydro,1570.744730220972,jl,2021 week 6
157,hydro,0.0,jl,2021 week 6
158,hydro,28.34559540575424,jl,2021 week 6
159,hydro,0.0,jl,2021 week 6
160,hydro,752.8181807738836,jl,2021 week 6
161,hydro,2377.847657426408,jl,2021 week 6
162,hydro,749.6247225491661,jl,2021 week 6
163,hydro,0.0,jl,2021 week 6
164,hydro,1680.6403412045868,jl,2021 week 6
165,hydro,1469.079366018596,jl,2021 week 6
166,hydro,1653.0770316216049,jl,2021 week 6
167,hydro,871.1432895,jl,2021 week 6
168,hydro,646.6432895,jl,2021 week 6
1,wind,1256.85,jl,2021 week 6
2,wind,1569.4,jl,2021 week 6
3,wind,1848.7000000000005,jl,2021 week 6
4,wind,2147.9500000000003,jl,2021 week 6
5,wind,2507.05,jl,2021 week 6
6,wind,2746.45,jl,2021 week 6
7,wind,2786.35,jl,2021 week 6
8,wind,2167.9,jl,2021 week 6
9,wind,1635.9,jl,2021 week 6
10,wind,1975.05,jl,2021 week 6
11,wind,997.5,jl,2021 week 6
12,wind,412.3,jl,2021 week 6
13,wind,232.75000000000003,jl,2021 week 6
14,wind,212.80000000000015,jl,2021 week 6
15,wind,385.7000000000001,jl,2021 week 6
16,wind,691.5999999999999,jl,2021 week 6
17,wind,1064.0,jl,2021 week 6
18,wind,1615.95,jl,2021 week 6
19,wind,2699.9,jl,2021 week 6
20,wind,4402.3,jl,2021 week 6
21,wind,5020.75,jl,2021 week 6
22,wind,5067.3,jl,2021 week 6
23,wind,5020.75,jl,2021 week 6
24,wind,4881.099999999999,jl,2021 week 6
25,wind,4701.55,jl,2021 week 6
26,wind,4488.75,jl,2021 week 6
27,wind,4156.25,jl,2021 week 6
28,wind,3963.4,jl,2021 week 6
29,wind,3943.45,jl,2021 week 6
30,wind,3724.000000000001,jl,2021 week 6
31,wind,3484.6000000000004,jl,2021 week 6
32,wind,3351.6,jl,2021 week 6
33,wind,2679.9500000000003,jl,2021 week 6
34,wind,4468.8,jl,2021 week 6
35,wind,5499.549999999999,jl,2021 week 6
36,wind,5020.75,jl,2021 week 6
37,wind,4395.650000000001,jl,2021 week 6
38,wind,3850.35,jl,2021 week 6
39,wind,3504.55,jl,2021 week 6
40,wind,3205.2999999999997,jl,2021 week 6
41,wind,3105.55,jl,2021 week 6
42,wind,3291.75,jl,2021 week 6
43,wind,3584.3500000000004,jl,2021 week 6
44,wind,4495.400000000001,jl,2021 week 6
45,wind,4674.95,jl,2021 week 6
46,wind,4289.25,jl,2021 week 6
47,wind,3896.9,jl,2021 week 6
48,wind,3597.65,jl,2021 week 6
49,wind,3371.55,jl,2021 week 6
50,wind,3185.35,jl,2021 week 6
51,wind,3158.75,jl,2021 week 6
52,wind,3032.4,jl,2021 week 6
53,wind,2939.3,jl,2021 week 6
54,wind,2733.1499999999996,jl,2021 week 6
55,wind,2394.0,jl,2021 week 6
56,wind,1729.0,jl,2021 week 6
57,wind,478.7999999999999,jl,2021 week 6
58,wind,159.6,jl,2021 week 6
59,wind,59.849999999999994,jl,2021 week 6
60,wind,0.0,jl,2021 week 6
61,wind,0.0,jl,2021 week 6
62,wind,0.0,jl,2021 week 6
63,wind,19.94999999999999,jl,2021 week 6
64,wind,126.35,jl,2021 week 6
65,wind,312.55,jl,2021 week 6
66,wind,485.45,jl,2021 week 6
67,wind,1117.2,jl,2021 week 6
68,wind,2699.9,jl,2021 week 6
69,wind,3225.25,jl,2021 week 6
70,wind,2746.45,jl,2021 week 6
71,wind,2147.9500000000003,jl,2021 week 6
72,wind,1808.8,jl,2021 week 6
73,wind,1782.2,jl,2021 week 6
74,wind,1709.05,jl,2021 week 6
75,wind,1496.25,jl,2021 week 6
76,wind,1117.2,jl,2021 week 6
77,wind,684.9499999999999,jl,2021 week 6
78,wind,392.35,jl,2021 week 6
79,wind,226.1,jl,2021 week 6
80,wind,139.65,jl,2021 week 6
81,wind,39.89999999999998,jl,2021 week 6
82,wind,6.65,jl,2021 week 6
83,wind,0.0,jl,2021 week 6
84,wind,0.0,jl,2021 week 6
85,wind,0.0,jl,2021 week 6
86,wind,19.95,jl,2021 week 6
87,wind,206.15,jl,2021 week 6
88,wind,445.55000000000007,jl,2021 week 6
89,wind,678.3,jl,2021 week 6
90,wind,864.5,jl,2021 week 6
91,wind,1037.4,jl,2021 week 6
92,wind,1163.75,jl,2021 week 6
93,wind,798.0,jl,2021 week 6
94,wind,472.15,jl,2021 week 6
95,wind,266.0,jl,2021 week 6
96,wind,186.2,jl,2021 week 6
97,wind,146.29999999999998,jl,2021 week 6
98,wind,119.7,jl,2021 week 6
99,wind,79.8,jl,2021 week 6
100,wind,59.849999999999994,jl,2021 week 6
101,wind,39.9,jl,2021 week 6
102,wind,26.6,jl,2021 week 6
103,wind,33.25,jl,2021 week 6
104,wind,59.84999999999991,jl,2021 week 6
105,wind,66.5,jl,2021 week 6
106,wind,13.3,jl,2021 week 6
107,wind,13.3,jl,2021 week 6
108,wind,19.949999999999815,jl,2021 week 6
109,wind,39.9,jl,2021 week 6
110,wind,46.55,jl,2021 week 6
111,wind,53.2,jl,2021 week 6
112,wind,73.14999999999999,jl,2021 week 6
113,wind,93.1,jl,2021 week 6
114,wind,66.50000000000001,jl,2021 week 6
115,wind,13.3,jl,2021 week 6
116,wind,0.0,jl,2021 week 6
117,wind,6.65,jl,2021 week 6
118,wind,684.9499999999999,jl,2021 week 6
119,wind,2307.5499999999997,jl,2021 week 6
120,wind,3843.7,jl,2021 week 6
121,wind,4768.05,jl,2021 week 6
122,wind,5133.8,jl,2021 week 6
123,wind,5173.7,jl,2021 week 6
124,wind,5047.35,jl,2021 week 6
125,wind,4807.95,jl,2021 week 6
126,wind,4495.400000000001,jl,2021 week 6
127,wind,3876.95,jl,2021 week 6
128,wind,2600.15,jl,2021 week 6
129,wind,811.3,jl,2021 week 6
130,wind,817.9499999999998,jl,2021 week 6
131,wind,1376.55,jl,2021 week 6
132,wind,1130.5,jl,2021 week 6
133,wind,758.1,jl,2021 week 6
134,wind,571.9,jl,2021 week 6
135,wind,485.4499999999998,jl,2021 week 6
136,wind,405.65,jl,2021 week 6
137,wind,299.25,jl,2021 week 6
138,wind,179.55,jl,2021 week 6
139,wind,339.15,jl,2021 week 6
140,wind,1263.5,jl,2021 week 6
141,wind,1948.45,jl,2021 week 6
142,wind,2227.75,jl,2021 week 6
143,wind,2387.35,jl,2021 week 6
144,wind,2527.0,jl,2021 week 6
145,wind,2600.15,jl,2021 week 6
146,wind,2307.5499999999997,jl,2021 week 6
147,wind,1742.3000000000002,jl,2021 week 6
148,wind,1336.65,jl,2021 week 6
149,wind,1037.4,jl,2021 week 6
150,wind,724.85,jl,2021 week 6
151,wind,365.75,jl,2021 week 6
152,wind,99.74999999999989,jl,2021 week 6
153,wind,0.0,jl,2021 week 6
154,wind,0.0,jl,2021 week 6
155,wind,33.25,jl,2021 week 6
156,wind,698.25,jl,2021 week 6
157,wind,1675.8,jl,2021 week 6
158,wind,3012.45,jl,2021 week 6
159,wind,4083.1,jl,2021 week 6
160,wind,4847.849999999999,jl,2021 week 6
161,wind,5246.85,jl,2021 week 6
162,wind,5433.049999999999,jl,2021 week 6
163,wind,5073.95,jl,2021 week 6
164,wind,4335.8,jl,2021 week 6
165,wind,3876.95,jl,2021 week 6
166,wind,3418.1,jl,2021 week 6
167,wind,3564.4,jl,2021 week 6
168,wind,3205.2999999999997,jl,2021 week 6
1,solar,0.0,jl,2021 week 6
2,solar,0.0,jl,2021 week 6
3,solar,0.0,jl,2021 week 6
4,solar,0.0,jl,2021 week 6
5,solar,0.0,jl,2021 week 6
6,solar,0.0,jl,2021 week 6
7,solar,79.58,jl,2021 week 6
8,solar,408.2800000000002,jl,2021 week 6
9,solar,954.9599999999998,jl,2021 week 6
10,solar,1446.28,jl,2021 week 6
11,solar,1885.7,jl,2021 week 6
12,solar,2269.76,jl,2021 week 6
13,solar,2307.82,jl,2021 week 6
14,solar,1975.66,jl,2021 week 6
15,solar,1601.98,jl,2021 week 6
16,solar,1255.98,jl,2021 week 6
17,solar,508.61999999999995,jl,2021 week 6
18,solar,65.74,jl,2021 week 6
19,solar,0.0,jl,2021 week 6
20,solar,0.0,jl,2021 week 6
21,solar,0.0,jl,2021 week 6
22,solar,0.0,jl,2021 week 6
23,solar,0.0,jl,2021 week 6
24,solar,0.0,jl,2021 week 6
25,solar,0.0,jl,2021 week 6
26,solar,0.0,jl,2021 week 6
27,solar,0.0,jl,2021 week 6
28,solar,0.0,jl,2021 week 6
29,solar,0.0,jl,2021 week 6
30,solar,6.92,jl,2021 week 6
31,solar,425.58,jl,2021 week 6
32,solar,1148.7199999999998,jl,2021 week 6
33,solar,1802.6600000000003,jl,2021 week 6
34,solar,2252.46,jl,2021 week 6
35,solar,2522.34,jl,2021 week 6
36,solar,2633.06,jl,2021 week 6
37,solar,2577.7,jl,2021 week 6
38,solar,2349.3400000000006,jl,2021 week 6
39,solar,1954.9,jl,2021 week 6
40,solar,1339.02,jl,2021 week 6
41,solar,633.18,jl,2021 week 6
42,solar,83.03999999999996,jl,2021 week 6
43,solar,0.0,jl,2021 week 6
44,solar,0.0,jl,2021 week 6
45,solar,0.0,jl,2021 week 6
46,solar,0.0,jl,2021 week 6
47,solar,0.0,jl,2021 week 6
48,solar,0.0,jl,2021 week 6
49,solar,0.0,jl,2021 week 6
50,solar,0.0,jl,2021 week 6
51,solar,0.0,jl,2021 week 6
52,solar,0.0,jl,2021 week 6
53,solar,0.0,jl,2021 week 6
54,solar,0.0,jl,2021 week 6
55,solar,294.1,jl,2021 week 6
56,solar,830.4,jl,2021 week 6
57,solar,1328.64,jl,2021 week 6
58,solar,1788.8200000000002,jl,2021 week 6
59,solar,1979.12,jl,2021 week 6
60,solar,2076.0,jl,2021 week 6
61,solar,1958.36,jl,2021 week 6
62,solar,968.8,jl,2021 week 6
63,solar,425.58,jl,2021 week 6
64,solar,283.72,jl,2021 week 6
65,solar,131.47999999999996,jl,2021 week 6
66,solar,10.379999999999995,jl,2021 week 6
67,solar,0.0,jl,2021 week 6
68,solar,0.0,jl,2021 week 6
69,solar,0.0,jl,2021 week 6
70,solar,0.0,jl,2021 week 6
71,solar,0.0,jl,2021 week 6
72,solar,0.0,jl,2021 week 6
73,solar,0.0,jl,2021 week 6
74,solar,0.0,jl,2021 week 6
75,solar,0.0,jl,2021 week 6
76,solar,0.0,jl,2021 week 6
77,solar,0.0,jl,2021 week 6
78,solar,0.0,jl,2021 week 6
79,solar,51.89999999999998,jl,2021 week 6
80,solar,207.6,jl,2021 week 6
81,solar,446.34,jl,2021 week 6
82,solar,705.8399999999999,jl,2021 week 6
83,solar,1024.16,jl,2021 week 6
84,solar,1359.78,jl,2021 week 6
85,solar,1480.88,jl,2021 week 6
86,solar,1300.96,jl,2021 week 6
87,solar,1107.2,jl,2021 week 6
88,solar,768.12,jl,2021 week 6
89,solar,390.98,jl,2021 week 6
90,solar,65.74,jl,2021 week 6
91,solar,0.0,jl,2021 week 6
92,solar,0.0,jl,2021 week 6
93,solar,0.0,jl,2021 week 6
94,solar,0.0,jl,2021 week 6
95,solar,0.0,jl,2021 week 6
96,solar,0.0,jl,2021 week 6
97,solar,0.0,jl,2021 week 6
98,solar,0.0,jl,2021 week 6
99,solar,0.0,jl,2021 week 6
100,solar,0.0,jl,2021 week 6
101,solar,0.0,jl,2021 week 6
102,solar,3.46,jl,2021 week 6
103,solar,404.8200000000001,jl,2021 week 6
104,solar,1117.58,jl,2021 week 6
105,solar,1792.28,jl,2021 week 6
106,solar,2242.08,jl,2021 week 6
107,solar,2511.96,jl,2021 week 6
108,solar,2612.3,jl,2021 week 6
109,solar,2553.48,jl,2021 week 6
110,solar,2328.58,jl,2021 week 6
111,solar,1930.6800000000003,jl,2021 week 6
112,solar,1363.24,jl,2021 week 6
113,solar,674.7,jl,2021 week 6
114,solar,76.11999999999999,jl,2021 week 6
115,solar,0.0,jl,2021 week 6
116,solar,0.0,jl,2021 week 6
117,solar,0.0,jl,2021 week 6
118,solar,0.0,jl,2021 week 6
119,solar,0.0,jl,2021 week 6
120,solar,0.0,jl,2021 week 6
121,solar,0.0,jl,2021 week 6
122,solar,0.0,jl,2021 week 6
123,solar,0.0,jl,2021 week 6
124,solar,0.0,jl,2021 week 6
125,solar,0.0,jl,2021 week 6
126,solar,0.0,jl,2021 week 6
127,solar,249.1199999999999,jl,2021 week 6
128,solar,754.2800000000002,jl,2021 week 6
129,solar,1318.26,jl,2021 week 6
130,solar,1965.2799999999995,jl,2021 week 6
131,solar,2352.8,jl,2021 week 6
132,solar,2518.88,jl,2021 week 6
133,solar,2425.46,jl,2021 week 6
134,solar,2204.02,jl,2021 week 6
135,solar,1816.5,jl,2021 week 6
136,solar,1266.3599999999997,jl,2021 week 6
137,solar,570.9,jl,2021 week 6
138,solar,62.279999999999994,jl,2021 week 6
139,solar,0.0,jl,2021 week 6
140,solar,0.0,jl,2021 week 6
141,solar,0.0,jl,2021 week 6
142,solar,0.0,jl,2021 week 6
143,solar,0.0,jl,2021 week 6
144,solar,0.0,jl,2021 week 6
145,solar,0.0,jl,2021 week 6
146,solar,0.0,jl,2021 week 6
147,solar,0.0,jl,2021 week 6
148,solar,0.0,jl,2021 week 6
149,solar,0.0,jl,2021 week 6
150,solar,0.0,jl,2021 week 6
151,solar,318.31999999999994,jl,2021 week 6
152,solar,944.58,jl,2021 week 6
153,solar,1473.96,jl,2021 week 6
154,solar,1792.28,jl,2021 week 6
155,solar,1913.38,jl,2021 week 6
156,solar,1799.1999999999998,jl,2021 week 6
157,solar,1823.4200000000003,jl,2021 week 6
158,solar,1747.3,jl,2021 week 6
159,solar,1404.7599999999998,jl,2021 week 6
160,solar,868.46,jl,2021 week 6
161,solar,408.28,jl,2021 week 6
162,solar,41.52,jl,2021 week 6
163,solar,0.0,jl,2021 week 6
164,solar,0.0,jl,2021 week 6
165,solar,0.0,jl,2021 week 6
166,solar,0.0,jl,2021 week 6
167,solar,0.0,jl,2021 week 6
168,solar,0.0,jl,2021 week 6
1,stor,0.0,jl,2021 week 6
2,stor,0.0,jl,2021 week 6
3,stor,0.0,jl,2021 week 6
4,stor,0.0,jl,2021 week 6
5,stor,0.0,jl,2021 week 6
6,stor,0.0,jl,2021 week 6
7,stor,0.0,jl,2021 week 6
8,stor,0.0,jl,2021 week 6
9,stor,0.0,jl,2021 week 6
10,stor,0.0,jl,2021 week 6
11,stor,0.0,jl,2021 week 6
12,stor,0.0,jl,2021 week 6
13,stor,0.0,jl,2021 week 6
14,stor,0.0,jl,2021 week 6
15,stor,0.0,jl,2021 week 6
16,stor,0.0,jl,2021 week 6
17,stor,0.0,jl,2021 week 6
18,stor,520.0,jl,2021 week 6
19,stor,0.0,jl,2021 week 6
20,stor,0.0,jl,2021 week 6
21,stor,0.0,jl,2021 week 6
22,stor,0.0,jl,2021 week 6
23,stor,0.0,jl,2021 week 6
24,stor,0.0,jl,2021 week 6
25,stor,0.0,jl,2021 week 6
26,stor,0.0,jl,2021 week 6
27,stor,0.0,jl,2021 week 6
28,stor,0.0,jl,2021 week 6
29,stor,0.0,jl,2021 week 6
30,stor,0.0,jl,2021 week 6
31,stor,0.0,jl,2021 week 6
32,stor,0.0,jl,2021 week 6
33,stor,0.0,jl,2021 week 6
34,stor,0.0,jl,2021 week 6
35,stor,0.0,jl,2021 week 6
36,stor,0.0,jl,2021 week 6
37,stor,0.0,jl,2021 week 6
38,stor,0.0,jl,2021 week 6
39,stor,0.0,jl,2021 week 6
40,stor,0.0,jl,2021 week 6
41,stor,496.3619549444102,jl,2021 week 6
42,stor,0.0,jl,2021 week 6
43,stor,0.0,jl,2021 week 6
44,stor,0.0,jl,2021 week 6
45,stor,0.0,jl,2021 week 6
46,stor,0.0,jl,2021 week 6
47,stor,0.0,jl,2021 week 6
48,stor,0.0,jl,2021 week 6
49,stor,0.0,jl,2021 week 6
50,stor,0.0,jl,2021 week 6
51,stor,0.0,jl,2021 week 6
52,stor,0.0,jl,2021 week 6
53,stor,0.0,jl,2021 week 6
54,stor,0.0,jl,2021 week 6
55,stor,0.0,jl,2021 week 6
56,stor,0.0,jl,2021 week 6
57,stor,0.0,jl,2021 week 6
58,stor,0.0,jl,2021 week 6
59,stor,0.0,jl,2021 week 6
60,stor,0.0,jl,2021 week 6
61,stor,0.0,jl,2021 week 6
62,stor,0.0,jl,2021 week 6
63,stor,0.0,jl,2021 week 6
64,stor,520.0,jl,2021 week 6
65,stor,520.0,jl,2021 week 6
66,stor,520.0,jl,2021 week 6
67,stor,520.0,jl,2021 week 6
68,stor,520.0,jl,2021 week 6
69,stor,232.5823049999999,jl,2021 week 6
70,stor,0.0,jl,2021 week 6
71,stor,0.0,jl,2021 week 6
72,stor,0.0,jl,2021 week 6
73,stor,0.0,jl,2021 week 6
74,stor,0.0,jl,2021 week 6
75,stor,0.0,jl,2021 week 6
76,stor,0.0,jl,2021 week 6
77,stor,0.0,jl,2021 week 6
78,stor,0.0,jl,2021 week 6
79,stor,0.0,jl,2021 week 6
80,stor,0.0,jl,2021 week 6
81,stor,0.0,jl,2021 week 6
82,stor,0.0,jl,2021 week 6
83,stor,0.0,jl,2021 week 6
84,stor,0.0,jl,2021 week 6
85,stor,0.0,jl,2021 week 6
86,stor,0.0,jl,2021 week 6
87,stor,0.0,jl,2021 week 6
88,stor,0.0,jl,2021 week 6
89,stor,520.0,jl,2021 week 6
90,stor,520.0,jl,2021 week 6
91,stor,0.0,jl,2021 week 6
92,stor,520.0,jl,2021 week 6
93,stor,0.0,jl,2021 week 6
94,stor,0.0,jl,2021 week 6
95,stor,0.0,jl,2021 week 6
96,stor,0.0,jl,2021 week 6
97,stor,0.0,jl,2021 week 6
98,stor,0.0,jl,2021 week 6
99,stor,0.0,jl,2021 week 6
100,stor,0.0,jl,2021 week 6
101,stor,0.0,jl,2021 week 6
102,stor,0.0,jl,2021 week 6
103,stor,0.0,jl,2021 week 6
104,stor,0.0,jl,2021 week 6
105,stor,0.0,jl,2021 week 6
106,stor,0.0,jl,2021 week 6
107,stor,0.0,jl,2021 week 6
108,stor,0.0,jl,2021 week 6
109,stor,0.0,jl,2021 week 6
110,stor,0.0,jl,2021 week 6
111,stor,0.0,jl,2021 week 6
112,stor,0.0,jl,2021 week 6
113,stor,520.0,jl,2021 week 6
114,stor,520.0,jl,2021 week 6
115,stor,207.08802112643116,jl,2021 week 6
116,stor,520.0,jl,2021 week 6
117,stor,0.0,jl,2021 week 6
118,stor,0.0,jl,2021 week 6
119,stor,0.0,jl,2021 week 6
120,stor,0.0,jl,2021 week 6
121,stor,0.0,jl,2021 week 6
122,stor,0.0,jl,2021 week 6
123,stor,0.0,jl,2021 week 6
124,stor,0.0,jl,2021 week 6
125,stor,0.0,jl,2021 week 6
126,stor,0.0,jl,2021 week 6
127,stor,0.0,jl,2021 week 6
128,stor,0.0,jl,2021 week 6
129,stor,0.0,jl,2021 week 6
130,stor,0.0,jl,2021 week 6
131,stor,0.0,jl,2021 week 6
132,stor,0.0,jl,2021 week 6
133,stor,0.0,jl,2021 week 6
134,stor,0.0,jl,2021 week 6
135,stor,0.0,jl,2021 week 6
136,stor,0.0,jl,2021 week 6
137,stor,520.0,jl,2021 week 6
138,stor,0.0,jl,2021 week 6
139,stor,0.0,jl,2021 week 6
140,stor,0.0,jl,2021 week 6
141,stor,0.0,jl,2021 week 6
142,stor,0.0,jl,2021 week 6
143,stor,0.0,jl,2021 week 6
144,stor,0.0,jl,2021 week 6
145,stor,0.0,jl,2021 week 6
146,stor,0.0,jl,2021 week 6
147,stor,0.0,jl,2021 week 6
148,stor,0.0,jl,2021 week 6
149,stor,0.0,jl,2021 week 6
150,stor,0.0,jl,2021 week 6
151,stor,0.0,jl,2021 week 6
152,stor,0.0,jl,2021 week 6
153,stor,0.0,jl,2021 week 6
154,stor,104.0,jl,2021 week 6
155,stor,0.0,jl,2021 week 6
156,stor,0.0,jl,2021 week 6
157,stor,0.0,jl,2021 week 6
158,stor,0.0,jl,2021 week 6
159,stor,0.0,jl,2021 week 6
160,stor,0.0,jl,2021 week 6
161,stor,0.0,jl,2021 week 6
162,stor,0.0,jl,2021 week 6
163,stor,0.0,jl,2021 week 6
164,stor,0.0,jl,2021 week 6
165,stor,0.0,jl,2021 week 6
166,stor,0.0,jl,2021 week 6
167,stor,0.0,jl,2021 week 6
168,stor,0.0,jl,2021 week 6
1,net_import,1e-10,jl,2021 week 6
2,net_import,2462.145343742554,jl,2021 week 6
3,net_import,2410.5183428693476,jl,2021 week 6
4,net_import,2103.654708647952,jl,2021 week 6
5,net_import,1729.827743469963,jl,2021 week 6
6,net_import,2429.846562395622,jl,2021 week 6
7,net_import,1407.4128651280062,jl,2021 week 6
8,net_import,508.5987631975968,jl,2021 week 6
9,net_import,429.2384220067529,jl,2021 week 6
10,net_import,1e-10,jl,2021 week 6
11,net_import,641.6549072509895,jl,2021 week 6
12,net_import,0.0,jl,2021 week 6
13,net_import,795.1409564186526,jl,2021 week 6
14,net_import,802.4699126128398,jl,2021 week 6
15,net_import,1e-10,jl,2021 week 6
16,net_import,1e-10,jl,2021 week 6
17,net_import,1e-10,jl,2021 week 6
18,net_import,1e-10,jl,2021 week 6
19,net_import,1e-10,jl,2021 week 6
20,net_import,1e-10,jl,2021 week 6
21,net_import,1e-10,jl,2021 week 6
22,net_import,1e-10,jl,2021 week 6
23,net_import,1e-10,jl,2021 week 6
24,net_import,1e-10,jl,2021 week 6
25,net_import,1e-10,jl,2021 week 6
26,net_import,1e-10,jl,2021 week 6
27,net_import,1e-10,jl,2021 week 6
28,net_import,1e-10,jl,2021 week 6
29,net_import,1e-10,jl,2021 week 6
30,net_import,1e-10,jl,2021 week 6
31,net_import,1e-10,jl,2021 week 6
32,net_import,1e-10,jl,2021 week 6
33,net_import,1e-10,jl,2021 week 6
34,net_import,1e-10,jl,2021 week 6
35,net_import,1e-10,jl,2021 week 6
36,net_import,1e-10,jl,2021 week 6
37,net_import,1e-10,jl,2021 week 6
38,net_import,1e-10,jl,2021 week 6
39,net_import,1e-10,jl,2021 week 6
40,net_import,1e-10,jl,2021 week 6
41,net_import,1e-10,jl,2021 week 6
42,net_import,1e-10,jl,2021 week 6
43,net_import,1e-10,jl,2021 week 6
44,net_import,1e-10,jl,2021 week 6
45,net_import,1e-10,jl,2021 week 6
46,net_import,1e-10,jl,2021 week 6
47,net_import,1e-10,jl,2021 week 6
48,net_import,1e-10,jl,2021 week 6
49,net_import,1e-10,jl,2021 week 6
50,net_import,1e-10,jl,2021 week 6
51,net_import,1e-10,jl,2021 week 6
52,net_import,1e-10,jl,2021 week 6
53,net_import,1e-10,jl,2021 week 6
54,net_import,1e-10,jl,2021 week 6
55,net_import,1e-10,jl,2021 week 6
56,net_import,1e-10,jl,2021 week 6
57,net_import,1e-10,jl,2021 week 6
58,net_import,1e-10,jl,2021 week 6
59,net_import,1e-10,jl,2021 week 6
60,net_import,1e-10,jl,2021 week 6
61,net_import,1e-10,jl,2021 week 6
62,net_import,40.0109758686058,jl,2021 week 6
63,net_import,1e-10,jl,2021 week 6
64,net_import,1e-10,jl,2021 week 6
65,net_import,1e-10,jl,2021 week 6
66,net_import,1e-10,jl,2021 week 6
67,net_import,1e-10,jl,2021 week 6
68,net_import,1e-10,jl,2021 week 6
69,net_import,1e-10,jl,2021 week 6
70,net_import,1e-10,jl,2021 week 6
71,net_import,1e-10,jl,2021 week 6
72,net_import,1e-10,jl,2021 week 6
73,net_import,1825.5739762426876,jl,2021 week 6
74,net_import,2692.934799174094,jl,2021 week 6
75,net_import,2912.8974703076938,jl,2021 week 6
76,net_import,3291.786324829689,jl,2021 week 6
77,net_import,3726.987111040363,jl,2021 week 6
78,net_import,1110.9499043910455,jl,2021 week 6
79,net_import,1787.0490769611963,jl,2021 week 6
80,net_import,1309.6771870821417,jl,2021 week 6
81,net_import,1938.8512178683495,jl,2021 week 6
82,net_import,3344.5388973383656,jl,2021 week 6
83,net_import,1906.3788761415035,jl,2021 week 6
84,net_import,2286.9312494259607,jl,2021 week 6
85,net_import,1926.1581689404395,jl,2021 week 6
86,net_import,200.81318165110184,jl,2021 week 6
87,net_import,1e-10,jl,2021 week 6
88,net_import,1e-10,jl,2021 week 6
89,net_import,1e-10,jl,2021 week 6
90,net_import,1e-10,jl,2021 week 6
91,net_import,1e-10,jl,2021 week 6
92,net_import,1e-10,jl,2021 week 6
93,net_import,1e-10,jl,2021 week 6
94,net_import,1e-10,jl,2021 week 6
95,net_import,1e-10,jl,2021 week 6
96,net_import,548.9144306734538,jl,2021 week 6
97,net_import,517.0542630105552,jl,2021 week 6
98,net_import,1807.9038099203608,jl,2021 week 6
99,net_import,2552.160534169512,jl,2021 week 6
100,net_import,3840.509051436293,jl,2021 week 6
101,net_import,4352.601181056638,jl,2021 week 6
102,net_import,3377.9463143123776,jl,2021 week 6
103,net_import,1969.767419160216,jl,2021 week 6
104,net_import,983.6663336611772,jl,2021 week 6
105,net_import,0.0,jl,2021 week 6
106,net_import,921.2171249763064,jl,2021 week 6
107,net_import,144.81940800589905,jl,2021 week 6
108,net_import,1282.2310327892335,jl,2021 week 6
109,net_import,1159.1674634951964,jl,2021 week 6
110,net_import,967.7844852755188,jl,2021 week 6
111,net_import,63.5139917166432,jl,2021 week 6
112,net_import,1e-10,jl,2021 week 6
113,net_import,1e-10,jl,2021 week 6
114,net_import,1e-10,jl,2021 week 6
115,net_import,1e-10,jl,2021 week 6
116,net_import,1e-10,jl,2021 week 6
117,net_import,1e-10,jl,2021 week 6
118,net_import,1e-10,jl,2021 week 6
119,net_import,1e-10,jl,2021 week 6
120,net_import,1e-10,jl,2021 week 6
121,net_import,1e-10,jl,2021 week 6
122,net_import,1e-10,jl,2021 week 6
123,net_import,1e-10,jl,2021 week 6
124,net_import,1e-10,jl,2021 week 6
125,net_import,1e-10,jl,2021 week 6
126,net_import,1e-10,jl,2021 week 6
127,net_import,1e-10,jl,2021 week 6
128,net_import,1e-10,jl,2021 week 6
129,net_import,1e-10,jl,2021 week 6
130,net_import,1e-10,jl,2021 week 6
131,net_import,1e-10,jl,2021 week 6
132,net_import,1e-10,jl,2021 week 6
133,net_import,1e-10,jl,2021 week 6
134,net_import,1e-10,jl,2021 week 6
135,net_import,1e-10,jl,2021 week 6
136,net_import,1e-10,jl,2021 week 6
137,net_import,1e-10,jl,2021 week 6
138,net_import,1e-10,jl,2021 week 6
139,net_import,1e-10,jl,2021 week 6
140,net_import,1e-10,jl,2021 week 6
141,net_import,1e-10,jl,2021 week 6
142,net_import,1e-10,jl,2021 week 6
143,net_import,1e-10,jl,2021 week 6
144,net_import,1e-10,jl,2021 week 6
145,net_import,1e-10,jl,2021 week 6
146,net_import,1e-10,jl,2021 week 6
147,net_import,1e-10,jl,2021 week 6
148,net_import,487.8544399041401,jl,2021 week 6
149,net_import,791.1556778959621,jl,2021 week 6
150,net_import,1980.7673390883135,jl,2021 week 6
151,net_import,291.26425228116113,jl,2021 week 6
152,net_import,1e-10,jl,2021 week 6
153,net_import,1e-10,jl,2021 week 6
154,net_import,1e-10,jl,2021 week 6
155,net_import,1e-10,jl,2021 week 6
156,net_import,1e-10,jl,2021 week 6
157,net_import,1e-10,jl,2021 week 6
158,net_import,1e-10,jl,2021 week 6
159,net_import,1e-10,jl,2021 week 6
160,net_import,1e-10,jl,2021 week 6
161,net_import,1e-10,jl,2021 week 6
162,net_import,1e-10,jl,2021 week 6
163,net_import,1e-10,jl,2021 week 6
164,net_import,1e-10,jl,2021 week 6
165,net_import,1e-10,jl,2021 week 6
166,net_import,1e-10,jl,2021 week 6
167,net_import,1e-10,jl,2021 week 6
168,net_import,1e-10,jl,2021 week 6
1,nse,0.0,jl,2021 week 6
2,nse,0.0,jl,2021 week 6
3,nse,0.0,jl,2021 week 6
4,nse,0.0,jl,2021 week 6
5,nse,0.0,jl,2021 week 6
6,nse,0.0,jl,2021 week 6
7,nse,0.0,jl,2021 week 6
8,nse,0.0,jl,2021 week 6
9,nse,0.0,jl,2021 week 6
10,nse,0.0,jl,2021 week 6
11,nse,0.0,jl,2021 week 6
12,nse,0.0,jl,2021 week 6
13,nse,0.0,jl,2021 week 6
14,nse,0.0,jl,2021 week 6
15,nse,0.0,jl,2021 week 6
16,nse,0.0,jl,2021 week 6
17,nse,0.0,jl,2021 week 6
18,nse,0.0,jl,2021 week 6
19,nse,0.0,jl,2021 week 6
20,nse,0.0,jl,2021 week 6
21,nse,0.0,jl,2021 week 6
22,nse,0.0,jl,2021 week 6
23,nse,0.0,jl,2021 week 6
24,nse,0.0,jl,2021 week 6
25,nse,0.0,jl,2021 week 6
26,nse,0.0,jl,2021 week 6
27,nse,0.0,jl,2021 week 6
28,nse,0.0,jl,2021 week 6
29,nse,0.0,jl,2021 week 6
30,nse,0.0,jl,2021 week 6
31,nse,0.0,jl,2021 week 6
32,nse,0.0,jl,2021 week 6
33,nse,0.0,jl,2021 week 6
34,nse,0.0,jl,2021 week 6
35,nse,0.0,jl,2021 week 6
36,nse,0.0,jl,2021 week 6
37,nse,0.0,jl,2021 week 6
38,nse,0.0,jl,2021 week 6
39,nse,0.0,jl,2021 week 6
40,nse,0.0,jl,2021 week 6
41,nse,0.0,jl,2021 week 6
42,nse,0.0,jl,2021 week 6
43,nse,0.0,jl,2021 week 6
44,nse,0.0,jl,2021 week 6
45,nse,0.0,jl,2021 week 6
46,nse,0.0,jl,2021 week 6
47,nse,0.0,jl,2021 week 6
48,nse,0.0,jl,2021 week 6
49,nse,0.0,jl,2021 week 6
50,nse,0.0,jl,2021 week 6
51,nse,0.0,jl,2021 week 6
52,nse,0.0,jl,2021 week 6
53,nse,0.0,jl,2021 week 6
54,nse,0.0,jl,2021 week 6
55,nse,0.0,jl,2021 week 6
56,nse,0.0,jl,2021 week 6
57,nse,0.0,jl,2021 week 6
58,nse,0.0,jl,2021 week 6
59,nse,0.0,jl,2021 week 6
60,nse,0.0,jl,2021 week 6
61,nse,0.0,jl,2021 week 6
62,nse,0.0,jl,2021 week 6
63,nse,0.0,jl,2021 week 6
64,nse,0.0,jl,2021 week 6
65,nse,0.0,jl,2021 week 6
66,nse,0.0,jl,2021 week 6
67,nse,0.0,jl,2021 week 6
68,nse,0.0,jl,2021 week 6
69,nse,0.0,jl,2021 week 6
70,nse,0.0,jl,2021 week 6
71,nse,0.0,jl,2021 week 6
72,nse,0.0,jl,2021 week 6
73,nse,0.0,jl,2021 week 6
74,nse,0.0,jl,2021 week 6
75,nse,0.0,jl,2021 week 6
76,nse,0.0,jl,2021 week 6
77,nse,0.0,jl,2021 week 6
78,nse,0.0,jl,2021 week 6
79,nse,0.0,jl,2021 week 6
80,nse,0.0,jl,2021 week 6
81,nse,0.0,jl,2021 week 6
82,nse,0.0,jl,2021 week 6
83,nse,0.0,jl,2021 week 6
84,nse,0.0,jl,2021 week 6
85,nse,0.0,jl,2021 week 6
86,nse,0.0,jl,2021 week 6
87,nse,0.0,jl,2021 week 6
88,nse,0.0,jl,2021 week 6
89,nse,0.0,jl,2021 week 6
90,nse,0.0,jl,2021 week 6
91,nse,0.0,jl,2021 week 6
92,nse,0.0,jl,2021 week 6
93,nse,0.0,jl,2021 week 6
94,nse,0.0,jl,2021 week 6
95,nse,0.0,jl,2021 week 6
96,nse,0.0,jl,2021 week 6
97,nse,0.0,jl,2021 week 6
98,nse,0.0,jl,2021 week 6
99,nse,0.0,jl,2021 week 6
100,nse,0.0,jl,2021 week 6
101,nse,0.0,jl,2021 week 6
102,nse,0.0,jl,2021 week 6
103,nse,0.0,jl,2021 week 6
104,nse,0.0,jl,2021 week 6
105,nse,0.0,jl,2021 week 6
106,nse,0.0,jl,2021 week 6
107,nse,0.0,jl,2021 week 6
108,nse,0.0,jl,2021 week 6
109,nse,0.0,jl,2021 week 6
110,nse,0.0,jl,2021 week 6
111,nse,0.0,jl,2021 week 6
112,nse,0.0,jl,2021 week 6
113,nse,0.0,jl,2021 week 6
114,nse,0.0,jl,2021 week 6
115,nse,0.0,jl,2021 week 6
116,nse,0.0,jl,2021 week 6
117,nse,0.0,jl,2021 week 6
118,nse,0.0,jl,2021 week 6
119,nse,0.0,jl,2021 week 6
120,nse,0.0,jl,2021 week 6
121,nse,0.0,jl,2021 week 6
122,nse,0.0,jl,2021 week 6
123,nse,0.0,jl,2021 week 6
124,nse,0.0,jl,2021 week 6
125,nse,0.0,jl,2021 week 6
126,nse,0.0,jl,2021 week 6
127,nse,0.0,jl,2021 week 6
128,nse,0.0,jl,2021 week 6
129,nse,0.0,jl,2021 week 6
130,nse,0.0,jl,2021 week 6
131,nse,0.0,jl,2021 week 6
132,nse,0.0,jl,2021 week 6
133,nse,0.0,jl,2021 week 6
134,nse,0.0,jl,2021 week 6
135,nse,0.0,jl,2021 week 6
136,nse,0.0,jl,2021 week 6
137,nse,0.0,jl,2021 week 6
138,nse,0.0,jl,2021 week 6
139,nse,0.0,jl,2021 week 6
140,nse,0.0,jl,2021 week 6
141,nse,0.0,jl,2021 week 6
142,nse,0.0,jl,2021 week 6
143,nse,0.0,jl,2021 week 6
144,nse,0.0,jl,2021 week 6
145,nse,0.0,jl,2021 week 6
146,nse,0.0,jl,2021 week 6
147,nse,0.0,jl,2021 week 6
148,nse,0.0,jl,2021 week 6
149,nse,0.0,jl,2021 week 6
150,nse,0.0,jl,2021 week 6
151,nse,0.0,jl,2021 week 6
152,nse,0.0,jl,2021 week 6
153,nse,0.0,jl,2021 week 6
154,nse,0.0,jl,2021 week 6
155,nse,0.0,jl,2021 week 6
156,nse,0.0,jl,2021 week 6
157,nse,0.0,jl,2021 week 6
158,nse,0.0,jl,2021 week 6
159,nse,0.0,jl,2021 week 6
160,nse,0.0,jl,2021 week 6
161,nse,0.0,jl,2021 week 6
162,nse,0.0,jl,2021 week 6
163,nse,0.0,jl,2021 week 6
164,nse,0.0,jl,2021 week 6
165,nse,0.0,jl,2021 week 6
166,nse,0.0,jl,2021 week 6
167,nse,0.0,jl,2021 week 6
168,nse,0.0,jl,2021 week 6
1,demand,6866.502059598026,jl,2021 week 6
2,demand,8302.61543693245,jl,2021 week 6
3,demand,8301.155842869248,jl,2021 week 6
4,demand,8293.542208647852,jl,2021 week 6
5,demand,8278.815243469864,jl,2021 week 6
6,demand,9218.234062395522,jl,2021 week 6
7,demand,9818.373654627903,jl,2021 week 6
8,demand,8842.607071774744,jl,2021 week 6
9,demand,9018.831692429403,jl,2021 week 6
10,demand,9473.200541862518,jl,2021 week 6
11,demand,10183.905017267634,jl,2021 week 6
12,demand,9306.7633999998,jl,2021 week 6
13,demand,9149.299814901608,jl,2021 week 6
14,demand,9356.71070211264,jl,2021 week 6
15,demand,9254.737220043453,jl,2021 week 6
16,demand,9487.066802593024,jl,2021 week 6
17,demand,8752.39381575298,jl,2021 week 6
18,demand,9533.811800910016,jl,2021 week 6
19,demand,9111.28544657416,jl,2021 week 6
20,demand,9463.642475752917,jl,2021 week 6
21,demand,9212.725208758024,jl,2021 week 6
22,demand,8690.756668485175,jl,2021 week 6
23,demand,7930.241364612355,jl,2021 week 6
24,demand,7288.052081760176,jl,2021 week 6
25,demand,7302.562817603309,jl,2021 week 6
26,demand,6841.510903357066,jl,2021 week 6
27,demand,8095.894615746307,jl,2021 week 6
28,demand,7607.469999720202,jl,2021 week 6
29,demand,6817.964668615124,jl,2021 week 6
30,demand,7789.76461523177,jl,2021 week 6
31,demand,8395.196530533698,jl,2021 week 6
32,demand,8539.020217650479,jl,2021 week 6
33,demand,9126.4128299351,jl,2021 week 6
34,demand,9551.682687587425,jl,2021 week 6
35,demand,10349.845820359524,jl,2021 week 6
36,demand,9467.941683887888,jl,2021 week 6
37,demand,9289.249355651498,jl,2021 week 6
38,demand,9511.104787015174,jl,2021 week 6
39,demand,9412.001132022417,jl,2021 week 6
40,demand,9640.439416046493,jl,2021 week 6
41,demand,9868.789152606343,jl,2021 week 6
42,demand,9669.317471201588,jl,2021 week 6
43,demand,9233.94313866342,jl,2021 week 6
44,demand,9591.660548924076,jl,2021 week 6
45,demand,9343.103130552096,jl,2021 week 6
46,demand,8805.986348104174,jl,2021 week 6
47,demand,8036.7361051351745,jl,2021 week 6
48,demand,7375.860530790461,jl,2021 week 6
49,demand,7074.887000340894,jl,2021 week 6
50,demand,6937.595682057617,jl,2021 week 6
51,demand,6938.492980945356,jl,2021 week 6
52,demand,6937.986004629995,jl,2021 week 6
53,demand,6937.181452871904,jl,2021 week 6
54,demand,7891.48894636831,jl,2021 week 6
55,demand,8480.154361725137,jl,2021 week 6
56,demand,8613.837876415877,jl,2021 week 6
57,demand,9177.133581427615,jl,2021 week 6
58,demand,9588.97105434202,jl,2021 week 6
59,demand,10378.465469786512,jl,2021 week 6
60,demand,9504.949381354998,jl,2021 week 6
61,demand,9339.940026105,jl,2021 week 6
62,demand,9547.07670797307,jl,2021 week 6
63,demand,9452.935205783026,jl,2021 week 6
64,demand,8732.161340768025,jl,2021 week 6
65,demand,8938.599499999998,jl,2021 week 6
66,demand,8757.993989948049,jl,2021 week 6
67,demand,8347.602979997977,jl,2021 week 6
68,demand,8699.83790384205,jl,2021 week 6
69,demand,9423.03073346265,jl,2021 week 6
70,demand,8881.569423704144,jl,2021 week 6
71,demand,8119.187330779816,jl,2021 week 6
72,demand,7469.144082648024,jl,2021 week 6
73,demand,8542.627484569397,jl,2021 week 6
74,demand,8452.172299173995,jl,2021 week 6
75,demand,8451.084970307595,jl,2021 week 6
76,demand,8450.923824829588,jl,2021 week 6
77,demand,8462.124611040263,jl,2021 week 6
78,demand,7869.080693890845,jl,2021 week 6
79,demand,8430.829866460996,jl,2021 week 6
80,demand,8560.940803256082,jl,2021 week 6
81,demand,9123.782470194008,jl,2021 week 6
82,demand,9551.666397338166,jl,2021 week 6
83,demand,10322.642803229704,jl,2021 week 6
84,demand,9462.53151814524,jl,2021 week 6
85,demand,9296.456341632356,jl,2021 week 6
86,demand,9483.494667446044,jl,2021 week 6
87,demand,9389.717032373026,jl,2021 week 6
88,demand,9613.917383164708,jl,2021 week 6
89,demand,9436.971791815597,jl,2021 week 6
90,demand,8694.025075100837,jl,2021 week 6
91,demand,8280.875561192017,jl,2021 week 6
92,demand,8625.679787328463,jl,2021 week 6
93,demand,8380.166470406222,jl,2021 week 6
94,demand,8828.740408550619,jl,2021 week 6
95,demand,8069.316150683026,jl,2021 week 6
96,demand,7439.901723222594,jl,2021 week 6
97,demand,7029.135052510355,jl,2021 week 6
98,demand,7422.24130992016,jl,2021 week 6
99,demand,8126.598034169312,jl,2021 week 6
100,demand,8442.835887644094,jl,2021 week 6
101,demand,8442.688681056537,jl,2021 week 6
102,demand,9353.48956158519,jl,2021 week 6
103,demand,8413.038908887003,jl,2021 week 6
104,demand,8526.877123160975,jl,2021 week 6
105,demand,9066.6206999998,jl,2021 week 6
106,demand,9484.328632436707,jl,2021 week 6
107,demand,10257.301507782951,jl,2021 week 6
108,demand,9409.118532789033,jl,2021 week 6
109,demand,9247.184963494996,jl,2021 week 6
110,demand,9445.52991503746,jl,2021 week 6
111,demand,9360.488628121337,jl,2021 week 6
112,demand,9583.11009079508,jl,2021 week 6
113,demand,8823.194416859285,jl,2021 week 6
114,demand,8650.725845213075,jl,2021 week 6
115,demand,8260.672055147978,jl,2021 week 6
116,demand,8585.084874457993,jl,2021 week 6
117,demand,8344.631271162361,jl,2021 week 6
118,demand,8558.544022821774,jl,2021 week 6
119,demand,8062.96325264945,jl,2021 week 6
120,demand,7436.768868474308,jl,2021 week 6
121,demand,7040.548473065124,jl,2021 week 6
122,demand,6912.9992001599985,jl,2021 week 6
123,demand,6913.264535159999,jl,2021 week 6
124,demand,6912.42430766,jl,2021 week 6
125,demand,6911.158186979999,jl,2021 week 6
126,demand,7831.050360738025,jl,2021 week 6
127,demand,8405.228269215175,jl,2021 week 6
128,demand,8533.119688763025,jl,2021 week 6
129,demand,9074.229356287697,jl,2021 week 6
130,demand,9490.653648605436,jl,2021 week 6
131,demand,10276.236212941078,jl,2021 week 6
132,demand,9406.23054501,jl,2021 week 6
133,demand,9244.30896452,jl,2021 week 6
134,demand,9442.558591205,jl,2021 week 6
135,demand,9348.617888195,jl,2021 week 6
136,demand,9575.093018887432,jl,2021 week 6
137,demand,8826.740498694526,jl,2021 week 6
138,demand,9394.655252085431,jl,2021 week 6
139,demand,9188.83683197615,jl,2021 week 6
140,demand,9533.52248092766,jl,2021 week 6
141,demand,9295.400919937676,jl,2021 week 6
142,demand,8791.838311212447,jl,2021 week 6
143,demand,8055.451244687787,jl,2021 week 6
144,demand,7432.639237443025,jl,2021 week 6
145,demand,6866.901140934338,jl,2021 week 6
146,demand,6747.572710544999,jl,2021 week 6
147,demand,6745.998536127891,jl,2021 week 6
148,demand,6745.25443990394,jl,2021 week 6
149,demand,6749.305677895762,jl,2021 week 6
150,demand,7626.367339088114,jl,2021 week 6
151,demand,8153.227718466791,jl,2021 week 6
152,demand,8272.308173528025,jl,2021 week 6
153,demand,8790.886190553025,jl,2021 week 6
154,demand,9182.396631470165,jl,2021 week 6
155,demand,9794.9089041221,jl,2021 week 6
156,demand,9114.653747159591,jl,2021 week 6
157,demand,8956.910280205,jl,2021 week 6
158,demand,9153.329011150128,jl,2021 week 6
159,demand,9067.9977249419,jl,2021 week 6
160,demand,9283.340151042144,jl,2021 week 6
161,demand,9476.039640066883,jl,2021 week 6
162,demand,9299.93775600794,jl,2021 week 6
163,demand,8916.373413349998,jl,2021 week 6
164,demand,9239.008198190184,jl,2021 week 6
165,demand,9009.830143746794,jl,2021 week 6
166,demand,8527.654449956526,jl,2021 week 6
167,demand,7832.953396143026,jl,2021 week 6
168,demand,7239.395856523024,jl,2021 week 6
1,net_export,-1e-10,ln,2021 week 6
2,net_export,-1e-10,ln,2021 week 6
3,net_export,-1e-10,ln,2021 week 6
4,net_export,-1e-10,ln,2021 week 6
5,net_export,-1e-10,ln,2021 week 6
6,net_export,-1e-10,ln,2021 week 6
7,net_export,-1e-10,ln,2021 week 6
8,net_export,-1e-10,ln,2021 week 6
9,net_export,-1e-10,ln,2021 week 6
10,net_export,-1e-10,ln,2021 week 6
11,net_export,-1e-10,ln,2021 week 6
12,net_export,-1e-10,ln,2021 week 6
13,net_export,-1e-10,ln,2021 week 6
14,net_export,-1e-10,ln,2021 week 6
15,net_export,-1e-10,ln,2021 week 6
16,net_export,-1e-10,ln,2021 week 6
17,net_export,-1e-10,ln,2021 week 6
18,net_export,-1e-10,ln,2021 week 6
19,net_export,-1e-10,ln,2021 week 6
20,net_export,-1e-10,ln,2021 week 6
21,net_export,-1e-10,ln,2021 week 6
22,net_export,-1e-10,ln,2021 week 6
23,net_export,-1e-10,ln,2021 week 6
24,net_export,-1e-10,ln,2021 week 6
25,net_export,-1e-10,ln,2021 week 6
26,net_export,-1e-10,ln,2021 week 6
27,net_export,-1e-10,ln,2021 week 6
28,net_export,-1e-10,ln,2021 week 6
29,net_export,-1e-10,ln,2021 week 6
30,net_export,-1e-10,ln,2021 week 6
31,net_export,-1e-10,ln,2021 week 6
32,net_export,-1e-10,ln,2021 week 6
33,net_export,-1e-10,ln,2021 week 6
34,net_export,-1e-10,ln,2021 week 6
35,net_export,-1e-10,ln,2021 week 6
36,net_export,-1e-10,ln,2021 week 6
37,net_export,-1e-10,ln,2021 week 6
38,net_export,-1e-10,ln,2021 week 6
39,net_export,-1e-10,ln,2021 week 6
40,net_export,-1e-10,ln,2021 week 6
41,net_export,-1e-10,ln,2021 week 6
42,net_export,-1e-10,ln,2021 week 6
43,net_export,-1e-10,ln,2021 week 6
44,net_export,-1e-10,ln,2021 week 6
45,net_export,-1e-10,ln,2021 week 6
46,net_export,-1e-10,ln,2021 week 6
47,net_export,-1e-10,ln,2021 week 6
48,net_export,-1e-10,ln,2021 week 6
49,net_export,-1e-10,ln,2021 week 6
50,net_export,-1e-10,ln,2021 week 6
51,net_export,-1e-10,ln,2021 week 6
52,net_export,-1e-10,ln,2021 week 6
53,net_export,-1e-10,ln,2021 week 6
54,net_export,-1e-10,ln,2021 week 6
55,net_export,-1e-10,ln,2021 week 6
56,net_export,-1e-10,ln,2021 week 6
57,net_export,-1e-10,ln,2021 week 6
58,net_export,-1e-10,ln,2021 week 6
59,net_export,-1e-10,ln,2021 week 6
60,net_export,-1e-10,ln,2021 week 6
61,net_export,-1e-10,ln,2021 week 6
62,net_export,-1e-10,ln,2021 week 6
63,net_export,-1e-10,ln,2021 week 6
64,net_export,-1e-10,ln,2021 week 6
65,net_export,-1e-10,ln,2021 week 6
66,net_export,-1e-10,ln,2021 week 6
67,net_export,-1e-10,ln,2021 week 6
68,net_export,-1e-10,ln,2021 week 6
69,net_export,-1e-10,ln,2021 week 6
70,net_export,-1e-10,ln,2021 week 6
71,net_export,-1e-10,ln,2021 week 6
72,net_export,-1e-10,ln,2021 week 6
73,net_export,-1e-10,ln,2021 week 6
74,net_export,-1e-10,ln,2021 week 6
75,net_export,-1e-10,ln,2021 week 6
76,net_export,-1e-10,ln,2021 week 6
77,net_export,-1e-10,ln,2021 week 6
78,net_export,-1e-10,ln,2021 week 6
79,net_export,-1e-10,ln,2021 week 6
80,net_export,-1e-10,ln,2021 week 6
81,net_export,-1e-10,ln,2021 week 6
82,net_export,-1e-10,ln,2021 week 6
83,net_export,-1e-10,ln,2021 week 6
84,net_export,-1e-10,ln,2021 week 6
85,net_export,-1e-10,ln,2021 week 6
86,net_export,-1e-10,ln,2021 week 6
87,net_export,-1e-10,ln,2021 week 6
88,net_export,-1e-10,ln,2021 week 6
89,net_export,-1e-10,ln,2021 week 6
90,net_export,-1e-10,ln,2021 week 6
91,net_export,-1e-10,ln,2021 week 6
92,net_export,-1e-10,ln,2021 week 6
93,net_export,-1e-10,ln,2021 week 6
94,net_export,-1e-10,ln,2021 week 6
95,net_export,-1e-10,ln,2021 week 6
96,net_export,-1e-10,ln,2021 week 6
97,net_export,-1e-10,ln,2021 week 6
98,net_export,-1e-10,ln,2021 week 6
99,net_export,-1e-10,ln,2021 week 6
100,net_export,-1e-10,ln,2021 week 6
101,net_export,-1e-10,ln,2021 week 6
102,net_export,-1e-10,ln,2021 week 6
103,net_export,-1e-10,ln,2021 week 6
104,net_export,-1e-10,ln,2021 week 6
105,net_export,-1e-10,ln,2021 week 6
106,net_export,-1e-10,ln,2021 week 6
107,net_export,-1e-10,ln,2021 week 6
108,net_export,-1e-10,ln,2021 week 6
109,net_export,-1e-10,ln,2021 week 6
110,net_export,-1e-10,ln,2021 week 6
111,net_export,-1e-10,ln,2021 week 6
112,net_export,-1e-10,ln,2021 week 6
113,net_export,-1e-10,ln,2021 week 6
114,net_export,-1e-10,ln,2021 week 6
115,net_export,-1e-10,ln,2021 week 6
116,net_export,-1e-10,ln,2021 week 6
117,net_export,-1e-10,ln,2021 week 6
118,net_export,-1e-10,ln,2021 week 6
119,net_export,-1e-10,ln,2021 week 6
120,net_export,-1e-10,ln,2021 week 6
121,net_export,-1e-10,ln,2021 week 6
122,net_export,-1e-10,ln,2021 week 6
123,net_export,-1e-10,ln,2021 week 6
124,net_export,-1e-10,ln,2021 week 6
125,net_export,-1e-10,ln,2021 week 6
126,net_export,-1e-10,ln,2021 week 6
127,net_export,-1e-10,ln,2021 week 6
128,net_export,-1e-10,ln,2021 week 6
129,net_export,-1e-10,ln,2021 week 6
130,net_export,-1e-10,ln,2021 week 6
131,net_export,-1e-10,ln,2021 week 6
132,net_export,-1e-10,ln,2021 week 6
133,net_export,-1e-10,ln,2021 week 6
134,net_export,-1e-10,ln,2021 week 6
135,net_export,-1e-10,ln,2021 week 6
136,net_export,-1e-10,ln,2021 week 6
137,net_export,-1e-10,ln,2021 week 6
138,net_export,-1e-10,ln,2021 week 6
139,net_export,-1e-10,ln,2021 week 6
140,net_export,-1e-10,ln,2021 week 6
141,net_export,-1e-10,ln,2021 week 6
142,net_export,-1e-10,ln,2021 week 6
143,net_export,-1e-10,ln,2021 week 6
144,net_export,-1e-10,ln,2021 week 6
145,net_export,-1e-10,ln,2021 week 6
146,net_export,-1e-10,ln,2021 week 6
147,net_export,-1e-10,ln,2021 week 6
148,net_export,-1e-10,ln,2021 week 6
149,net_export,-1e-10,ln,2021 week 6
150,net_export,-1e-10,ln,2021 week 6
151,net_export,-1e-10,ln,2021 week 6
152,net_export,-1e-10,ln,2021 week 6
153,net_export,-1e-10,ln,2021 week 6
154,net_export,-1e-10,ln,2021 week 6
155,net_export,-1e-10,ln,2021 week 6
156,net_export,-1e-10,ln,2021 week 6
157,net_export,-1e-10,ln,2021 week 6
158,net_export,-1e-10,ln,2021 week 6
159,net_export,-1e-10,ln,2021 week 6
160,net_export,-1e-10,ln,2021 week 6
161,net_export,-1e-10,ln,2021 week 6
162,net_export,-1e-10,ln,2021 week 6
163,net_export,-1e-10,ln,2021 week 6
164,net_export,-1e-10,ln,2021 week 6
165,net_export,-1e-10,ln,2021 week 6
166,net_export,-1e-10,ln,2021 week 6
167,net_export,-1e-10,ln,2021 week 6
168,net_export,-1e-10,ln,2021 week 6
1,charge,-1e-10,ln,2021 week 6
2,charge,-1500.0,ln,2021 week 6
3,charge,-1516.842105263158,ln,2021 week 6
4,charge,-1516.842105263158,ln,2021 week 6
5,charge,-1516.842105263158,ln,2021 week 6
6,charge,-1510.1052631578948,ln,2021 week 6
7,charge,-1500.0,ln,2021 week 6
8,charge,-397.5102058559371,ln,2021 week 6
9,charge,-1e-10,ln,2021 week 6
10,charge,-44.08161478877855,ln,2021 week 6
11,charge,-1e-10,ln,2021 week 6
12,charge,-1e-10,ln,2021 week 6
13,charge,-1e-10,ln,2021 week 6
14,charge,-1e-10,ln,2021 week 6
15,charge,-1e-10,ln,2021 week 6
16,charge,-1e-10,ln,2021 week 6
17,charge,-1e-10,ln,2021 week 6
18,charge,-1e-10,ln,2021 week 6
19,charge,-1e-10,ln,2021 week 6
20,charge,-1e-10,ln,2021 week 6
21,charge,-1e-10,ln,2021 week 6
22,charge,-1e-10,ln,2021 week 6
23,charge,-1e-10,ln,2021 week 6
24,charge,-1e-10,ln,2021 week 6
25,charge,-360.03452694378575,ln,2021 week 6
26,charge,-42.283734987258384,ln,2021 week 6
27,charge,-1300.5197154800396,ln,2021 week 6
28,charge,-793.7826214966117,ln,2021 week 6
29,charge,-1e-10,ln,2021 week 6
30,charge,-1e-10,ln,2021 week 6
31,charge,-1e-10,ln,2021 week 6
32,charge,-1e-10,ln,2021 week 6
33,charge,-1e-10,ln,2021 week 6
34,charge,-1e-10,ln,2021 week 6
35,charge,-1e-10,ln,2021 week 6
36,charge,-1e-10,ln,2021 week 6
37,charge,-1e-10,ln,2021 week 6
38,charge,-1e-10,ln,2021 week 6
39,charge,-1e-10,ln,2021 week 6
40,charge,-1e-10,ln,2021 week 6
41,charge,-1e-10,ln,2021 week 6
42,charge,-1e-10,ln,2021 week 6
43,charge,-1e-10,ln,2021 week 6
44,charge,-1e-10,ln,2021 week 6
45,charge,-1e-10,ln,2021 week 6
46,charge,-1e-10,ln,2021 week 6
47,charge,-1e-10,ln,2021 week 6
48,charge,-1e-10,ln,2021 week 6
49,charge,-1e-10,ln,2021 week 6
50,charge,-1e-10,ln,2021 week 6
51,charge,-1e-10,ln,2021 week 6
52,charge,-1e-10,ln,2021 week 6
53,charge,-1e-10,ln,2021 week 6
54,charge,-1e-10,ln,2021 week 6
55,charge,-1e-10,ln,2021 week 6
56,charge,-1e-10,ln,2021 week 6
57,charge,-1e-10,ln,2021 week 6
58,charge,-1e-10,ln,2021 week 6
59,charge,-1e-10,ln,2021 week 6
60,charge,-1e-10,ln,2021 week 6
61,charge,-1e-10,ln,2021 week 6
62,charge,-1e-10,ln,2021 week 6
63,charge,-1e-10,ln,2021 week 6
64,charge,-1e-10,ln,2021 week 6
65,charge,-1e-10,ln,2021 week 6
66,charge,-1e-10,ln,2021 week 6
67,charge,-1e-10,ln,2021 week 6
68,charge,-1e-10,ln,2021 week 6
69,charge,-1e-10,ln,2021 week 6
70,charge,-1e-10,ln,2021 week 6
71,charge,-1e-10,ln,2021 week 6
72,charge,-1e-10,ln,2021 week 6
73,charge,-1465.926241923615,ln,2021 week 6
74,charge,-1516.842105263158,ln,2021 week 6
75,charge,-1516.842105263158,ln,2021 week 6
76,charge,-1516.842105263158,ln,2021 week 6
77,charge,-1516.842105263158,ln,2021 week 6
78,charge,-1e-10,ln,2021 week 6
79,charge,-1e-10,ln,2021 week 6
80,charge,-1e-10,ln,2021 week 6
81,charge,-1e-10,ln,2021 week 6
82,charge,-1e-10,ln,2021 week 6
83,charge,-1e-10,ln,2021 week 6
84,charge,-1e-10,ln,2021 week 6
85,charge,-1e-10,ln,2021 week 6
86,charge,-1e-10,ln,2021 week 6
87,charge,-1e-10,ln,2021 week 6
88,charge,-1e-10,ln,2021 week 6
89,charge,-1e-10,ln,2021 week 6
90,charge,-1e-10,ln,2021 week 6
91,charge,-1e-10,ln,2021 week 6
92,charge,-1e-10,ln,2021 week 6
93,charge,-1e-10,ln,2021 week 6
94,charge,-1e-10,ln,2021 week 6
95,charge,-1e-10,ln,2021 week 6
96,charge,-1e-10,ln,2021 week 6
97,charge,-1e-10,ln,2021 week 6
98,charge,-522.6607342769074,ln,2021 week 6
99,charge,-1191.6297242586145,ln,2021 week 6
100,charge,-1516.842105263158,ln,2021 week 6
101,charge,-1516.842105263158,ln,2021 week 6
102,charge,-1500.0,ln,2021 week 6
103,charge,-1e-10,ln,2021 week 6
104,charge,-1e-10,ln,2021 week 6
105,charge,-1e-10,ln,2021 week 6
106,charge,-1e-10,ln,2021 week 6
107,charge,-1e-10,ln,2021 week 6
108,charge,-1e-10,ln,2021 week 6
109,charge,-1e-10,ln,2021 week 6
110,charge,-1e-10,ln,2021 week 6
111,charge,-1e-10,ln,2021 week 6
112,charge,-1e-10,ln,2021 week 6
113,charge,-1e-10,ln,2021 week 6
114,charge,-1e-10,ln,2021 week 6
115,charge,-1e-10,ln,2021 week 6
116,charge,-1e-10,ln,2021 week 6
117,charge,-1e-10,ln,2021 week 6
118,charge,-1e-10,ln,2021 week 6
119,charge,-1e-10,ln,2021 week 6
120,charge,-1e-10,ln,2021 week 6
121,charge,-1e-10,ln,2021 week 6
122,charge,-1e-10,ln,2021 week 6
123,charge,-16.842105263157894,ln,2021 week 6
124,charge,-16.842105263157894,ln,2021 week 6
125,charge,-16.842105263157894,ln,2021 week 6
126,charge,-1e-10,ln,2021 week 6
127,charge,-1e-10,ln,2021 week 6
128,charge,-1e-10,ln,2021 week 6
129,charge,-1e-10,ln,2021 week 6
130,charge,-1e-10,ln,2021 week 6
131,charge,-1e-10,ln,2021 week 6
132,charge,-1e-10,ln,2021 week 6
133,charge,-1e-10,ln,2021 week 6
134,charge,-1e-10,ln,2021 week 6
135,charge,-1e-10,ln,2021 week 6
136,charge,-1e-10,ln,2021 week 6
137,charge,-1e-10,ln,2021 week 6
138,charge,-1e-10,ln,2021 week 6
139,charge,-1e-10,ln,2021 week 6
140,charge,-1e-10,ln,2021 week 6
141,charge,-1e-10,ln,2021 week 6
142,charge,-1e-10,ln,2021 week 6
143,charge,-1e-10,ln,2021 week 6
144,charge,-1e-10,ln,2021 week 6
145,charge,-1e-10,ln,2021 week 6
146,charge,-1e-10,ln,2021 week 6
147,charge,-1e-10,ln,2021 week 6
148,charge,-16.842105263157894,ln,2021 week 6
149,charge,-16.842105263157894,ln,2021 week 6
150,charge,-16.842105263157894,ln,2021 week 6
151,charge,-1e-10,ln,2021 week 6
152,charge,-1e-10,ln,2021 week 6
153,charge,-1e-10,ln,2021 week 6
154,charge,-1e-10,ln,2021 week 6
155,charge,-1e-10,ln,2021 week 6
156,charge,-1e-10,ln,2021 week 6
157,charge,-1e-10,ln,2021 week 6
158,charge,-1e-10,ln,2021 week 6
159,charge,-1e-10,ln,2021 week 6
160,charge,-1e-10,ln,2021 week 6
161,charge,-1e-10,ln,2021 week 6
162,charge,-1e-10,ln,2021 week 6
163,charge,-1e-10,ln,2021 week 6
164,charge,-1e-10,ln,2021 week 6
165,charge,-1e-10,ln,2021 week 6
166,charge,-1e-10,ln,2021 week 6
167,charge,-1e-10,ln,2021 week 6
168,charge,-1e-10,ln,2021 week 6
1,nuclear,5305.0,ln,2021 week 6
2,nuclear,5305.0,ln,2021 week 6
3,nuclear,5305.0,ln,2021 week 6
4,nuclear,5305.0,ln,2021 week 6
5,nuclear,5305.0,ln,2021 week 6
6,nuclear,5305.0,ln,2021 week 6
7,nuclear,5305.0,ln,2021 week 6
8,nuclear,5305.0,ln,2021 week 6
9,nuclear,5305.0,ln,2021 week 6
10,nuclear,5305.0,ln,2021 week 6
11,nuclear,5305.0,ln,2021 week 6
12,nuclear,5305.0,ln,2021 week 6
13,nuclear,5305.0,ln,2021 week 6
14,nuclear,5305.0,ln,2021 week 6
15,nuclear,5305.0,ln,2021 week 6
16,nuclear,5305.0,ln,2021 week 6
17,nuclear,5305.0,ln,2021 week 6
18,nuclear,5305.0,ln,2021 week 6
19,nuclear,5305.0,ln,2021 week 6
20,nuclear,5305.0,ln,2021 week 6
21,nuclear,5305.0,ln,2021 week 6
22,nuclear,5305.0,ln,2021 week 6
23,nuclear,5305.0,ln,2021 week 6
24,nuclear,5305.0,ln,2021 week 6
25,nuclear,5305.0,ln,2021 week 6
26,nuclear,5305.0,ln,2021 week 6
27,nuclear,5305.0,ln,2021 week 6
28,nuclear,5305.0,ln,2021 week 6
29,nuclear,5305.0,ln,2021 week 6
30,nuclear,5305.0,ln,2021 week 6
31,nuclear,5305.0,ln,2021 week 6
32,nuclear,5305.0,ln,2021 week 6
33,nuclear,5305.0,ln,2021 week 6
34,nuclear,5305.0,ln,2021 week 6
35,nuclear,5305.0,ln,2021 week 6
36,nuclear,5305.0,ln,2021 week 6
37,nuclear,5305.0,ln,2021 week 6
38,nuclear,5305.0,ln,2021 week 6
39,nuclear,5305.0,ln,2021 week 6
40,nuclear,5305.0,ln,2021 week 6
41,nuclear,5305.0,ln,2021 week 6
42,nuclear,5305.0,ln,2021 week 6
43,nuclear,5305.0,ln,2021 week 6
44,nuclear,5305.0,ln,2021 week 6
45,nuclear,5305.0,ln,2021 week 6
46,nuclear,5305.0,ln,2021 week 6
47,nuclear,5305.0,ln,2021 week 6
48,nuclear,5305.0,ln,2021 week 6
49,nuclear,5305.0,ln,2021 week 6
50,nuclear,5305.0,ln,2021 week 6
51,nuclear,5305.0,ln,2021 week 6
52,nuclear,5305.0,ln,2021 week 6
53,nuclear,5305.0,ln,2021 week 6
54,nuclear,5305.0,ln,2021 week 6
55,nuclear,5305.0,ln,2021 week 6
56,nuclear,5305.0,ln,2021 week 6
57,nuclear,5305.0,ln,2021 week 6
58,nuclear,5305.0,ln,2021 week 6
59,nuclear,5305.0,ln,2021 week 6
60,nuclear,5305.0,ln,2021 week 6
61,nuclear,5305.0,ln,2021 week 6
62,nuclear,5305.0,ln,2021 week 6
63,nuclear,5305.0,ln,2021 week 6
64,nuclear,5305.0,ln,2021 week 6
65,nuclear,5305.0,ln,2021 week 6
66,nuclear,5305.0,ln,2021 week 6
67,nuclear,5305.0,ln,2021 week 6
68,nuclear,5305.0,ln,2021 week 6
69,nuclear,5305.0,ln,2021 week 6
70,nuclear,5305.0,ln,2021 week 6
71,nuclear,5305.0,ln,2021 week 6
72,nuclear,5305.0,ln,2021 week 6
73,nuclear,5305.0,ln,2021 week 6
74,nuclear,5305.0,ln,2021 week 6
75,nuclear,5305.0,ln,2021 week 6
76,nuclear,5305.0,ln,2021 week 6
77,nuclear,5305.0,ln,2021 week 6
78,nuclear,5305.0,ln,2021 week 6
79,nuclear,5305.0,ln,2021 week 6
80,nuclear,5305.0,ln,2021 week 6
81,nuclear,5305.0,ln,2021 week 6
82,nuclear,5305.0,ln,2021 week 6
83,nuclear,5305.0,ln,2021 week 6
84,nuclear,5305.0,ln,2021 week 6
85,nuclear,5305.0,ln,2021 week 6
86,nuclear,5305.0,ln,2021 week 6
87,nuclear,5305.0,ln,2021 week 6
88,nuclear,5305.0,ln,2021 week 6
89,nuclear,5305.0,ln,2021 week 6
90,nuclear,5305.0,ln,2021 week 6
91,nuclear,5305.0,ln,2021 week 6
92,nuclear,5305.0,ln,2021 week 6
93,nuclear,5305.0,ln,2021 week 6
94,nuclear,5305.0,ln,2021 week 6
95,nuclear,5305.0,ln,2021 week 6
96,nuclear,5305.0,ln,2021 week 6
97,nuclear,5305.0,ln,2021 week 6
98,nuclear,5305.0,ln,2021 week 6
99,nuclear,5305.0,ln,2021 week 6
100,nuclear,5305.0,ln,2021 week 6
101,nuclear,5305.0,ln,2021 week 6
102,nuclear,5305.0,ln,2021 week 6
103,nuclear,5305.0,ln,2021 week 6
104,nuclear,5305.0,ln,2021 week 6
105,nuclear,5305.0,ln,2021 week 6
106,nuclear,5305.0,ln,2021 week 6
107,nuclear,5305.0,ln,2021 week 6
108,nuclear,5305.0,ln,2021 week 6
109,nuclear,5305.0,ln,2021 week 6
110,nuclear,5305.0,ln,2021 week 6
111,nuclear,5305.0,ln,2021 week 6
112,nuclear,5305.0,ln,2021 week 6
113,nuclear,5305.0,ln,2021 week 6
114,nuclear,5305.0,ln,2021 week 6
115,nuclear,5305.0,ln,2021 week 6
116,nuclear,5305.0,ln,2021 week 6
117,nuclear,5305.0,ln,2021 week 6
118,nuclear,5305.0,ln,2021 week 6
119,nuclear,5305.0,ln,2021 week 6
120,nuclear,5305.0,ln,2021 week 6
121,nuclear,5305.0,ln,2021 week 6
122,nuclear,5305.0,ln,2021 week 6
123,nuclear,5305.0,ln,2021 week 6
124,nuclear,5305.0,ln,2021 week 6
125,nuclear,5305.0,ln,2021 week 6
126,nuclear,5305.0,ln,2021 week 6
127,nuclear,5305.0,ln,2021 week 6
128,nuclear,5305.0,ln,2021 week 6
129,nuclear,5305.0,ln,2021 week 6
130,nuclear,5305.0,ln,2021 week 6
131,nuclear,5305.0,ln,2021 week 6
132,nuclear,5305.0,ln,2021 week 6
133,nuclear,5305.0,ln,2021 week 6
134,nuclear,5305.0,ln,2021 week 6
135,nuclear,5305.0,ln,2021 week 6
136,nuclear,5305.0,ln,2021 week 6
137,nuclear,5305.0,ln,2021 week 6
138,nuclear,5305.0,ln,2021 week 6
139,nuclear,5305.0,ln,2021 week 6
140,nuclear,5305.0,ln,2021 week 6
141,nuclear,5305.0,ln,2021 week 6
142,nuclear,5305.0,ln,2021 week 6
143,nuclear,5305.0,ln,2021 week 6
144,nuclear,5305.0,ln,2021 week 6
145,nuclear,5305.0,ln,2021 week 6
146,nuclear,5305.0,ln,2021 week 6
147,nuclear,5305.0,ln,2021 week 6
148,nuclear,5305.0,ln,2021 week 6
149,nuclear,5305.0,ln,2021 week 6
150,nuclear,5305.0,ln,2021 week 6
151,nuclear,5305.0,ln,2021 week 6
152,nuclear,5305.0,ln,2021 week 6
153,nuclear,5305.0,ln,2021 week 6
154,nuclear,5305.0,ln,2021 week 6
155,nuclear,5305.0,ln,2021 week 6
156,nuclear,5305.0,ln,2021 week 6
157,nuclear,5305.0,ln,2021 week 6
158,nuclear,5305.0,ln,2021 week 6
159,nuclear,5305.0,ln,2021 week 6
160,nuclear,5305.0,ln,2021 week 6
161,nuclear,5305.0,ln,2021 week 6
162,nuclear,5305.0,ln,2021 week 6
163,nuclear,5305.0,ln,2021 week 6
164,nuclear,5305.0,ln,2021 week 6
165,nuclear,5305.0,ln,2021 week 6
166,nuclear,5305.0,ln,2021 week 6
167,nuclear,5305.0,ln,2021 week 6
168,nuclear,5305.0,ln,2021 week 6
1,coal,15155.401684175647,ln,2021 week 6
2,coal,11907.42970386572,ln,2021 week 6
3,coal,11387.925,ln,2021 week 6
4,coal,11057.027754141727,ln,2021 week 6
5,coal,10595.925,ln,2021 week 6
6,coal,11387.925,ln,2021 week 6
7,coal,11387.925,ln,2021 week 6
8,coal,12102.925,ln,2021 week 6
9,coal,11387.925,ln,2021 week 6
10,coal,11775.425,ln,2021 week 6
11,coal,15007.05,ln,2021 week 6
12,coal,13936.319518151346,ln,2021 week 6
13,coal,14735.579614767845,ln,2021 week 6
14,coal,16237.753391826707,ln,2021 week 6
15,coal,16792.3,ln,2021 week 6
16,coal,17743.25,ln,2021 week 6
17,coal,18379.75,ln,2021 week 6
18,coal,18391.0,ln,2021 week 6
19,coal,18417.71726,ln,2021 week 6
20,coal,18342.75,ln,2021 week 6
21,coal,17754.5,ln,2021 week 6
22,coal,16792.3,ln,2021 week 6
23,coal,16792.3,ln,2021 week 6
24,coal,14217.801390831632,ln,2021 week 6
25,coal,13565.425,ln,2021 week 6
26,coal,13190.425,ln,2021 week 6
27,coal,12470.425,ln,2021 week 6
28,coal,12409.263610903565,ln,2021 week 6
29,coal,12132.925,ln,2021 week 6
30,coal,15319.009174133074,ln,2021 week 6
31,coal,16942.67131931726,ln,2021 week 6
32,coal,17671.75,ln,2021 week 6
33,coal,17671.75,ln,2021 week 6
34,coal,17362.87082529392,ln,2021 week 6
35,coal,17546.625,ln,2021 week 6
36,coal,16792.3,ln,2021 week 6
37,coal,16792.3,ln,2021 week 6
38,coal,17114.05,ln,2021 week 6
39,coal,17743.25,ln,2021 week 6
40,coal,18203.09822,ln,2021 week 6
41,coal,18075.818995,ln,2021 week 6
42,coal,17754.5,ln,2021 week 6
43,coal,17743.25,ln,2021 week 6
44,coal,17743.25,ln,2021 week 6
45,coal,17743.25,ln,2021 week 6
46,coal,17581.86558106574,ln,2021 week 6
47,coal,16792.3,ln,2021 week 6
48,coal,16792.3,ln,2021 week 6
49,coal,16792.3,ln,2021 week 6
50,coal,16792.3,ln,2021 week 6
51,coal,16792.3,ln,2021 week 6
52,coal,16792.3,ln,2021 week 6
53,coal,16792.3,ln,2021 week 6
54,coal,17754.5,ln,2021 week 6
55,coal,18475.0,ln,2021 week 6
56,coal,18475.0,ln,2021 week 6
57,coal,18475.0,ln,2021 week 6
58,coal,18475.0,ln,2021 week 6
59,coal,18072.762975,ln,2021 week 6
60,coal,17783.00769573827,ln,2021 week 6
61,coal,17751.008159999998,ln,2021 week 6
62,coal,18471.50816,ln,2021 week 6
63,coal,18475.0,ln,2021 week 6
64,coal,18475.0,ln,2021 week 6
65,coal,18475.0,ln,2021 week 6
66,coal,18475.0,ln,2021 week 6
67,coal,18475.0,ln,2021 week 6
68,coal,18475.0,ln,2021 week 6
69,coal,18475.0,ln,2021 week 6
70,coal,17754.5,ln,2021 week 6
71,coal,16938.572005,ln,2021 week 6
72,coal,13512.28261465319,ln,2021 week 6
73,coal,11387.925,ln,2021 week 6
74,coal,11387.925,ln,2021 week 6
75,coal,11387.925,ln,2021 week 6
76,coal,11387.925,ln,2021 week 6
77,coal,11387.925,ln,2021 week 6
78,coal,12312.22852867776,ln,2021 week 6
79,coal,16603.048169532907,ln,2021 week 6
80,coal,16559.504018229814,ln,2021 week 6
81,coal,16695.8,ln,2021 week 6
82,coal,16671.3,ln,2021 week 6
83,coal,16695.8,ln,2021 week 6
84,coal,16597.8,ln,2021 week 6
85,coal,16656.18767134402,ln,2021 week 6
86,coal,16792.3,ln,2021 week 6
87,coal,17743.25,ln,2021 week 6
88,coal,18373.676475,ln,2021 week 6
89,coal,18391.0,ln,2021 week 6
90,coal,18435.774444999995,ln,2021 week 6
91,coal,18439.25,ln,2021 week 6
92,coal,18294.5,ln,2021 week 6
93,coal,18383.56134,ln,2021 week 6
94,coal,17910.243300833565,ln,2021 week 6
95,coal,16945.272805,ln,2021 week 6
96,coal,16792.3,ln,2021 week 6
97,coal,13858.237201720149,ln,2021 week 6
98,coal,12837.925,ln,2021 week 6
99,coal,11387.925,ln,2021 week 6
100,coal,11387.925,ln,2021 week 6
101,coal,11387.925,ln,2021 week 6
102,coal,11745.425,ln,2021 week 6
103,coal,12769.725361721254,ln,2021 week 6
104,coal,14491.010880938413,ln,2021 week 6
105,coal,16695.8,ln,2021 week 6
106,coal,16695.8,ln,2021 week 6
107,coal,16695.8,ln,2021 week 6
108,coal,16695.8,ln,2021 week 6
109,coal,15529.188932597212,ln,2021 week 6
110,coal,16792.3,ln,2021 week 6
111,coal,16792.3,ln,2021 week 6
112,coal,18403.18901,ln,2021 week 6
113,coal,18475.0,ln,2021 week 6
114,coal,18475.0,ln,2021 week 6
115,coal,18475.0,ln,2021 week 6
116,coal,18475.0,ln,2021 week 6
117,coal,18475.0,ln,2021 week 6
118,coal,18475.0,ln,2021 week 6
119,coal,17319.672295,ln,2021 week 6
120,coal,17105.477450231603,ln,2021 week 6
121,coal,16695.8,ln,2021 week 6
122,coal,16485.472088052018,ln,2021 week 6
123,coal,15612.618240647487,ln,2021 week 6
124,coal,15022.866172700167,ln,2021 week 6
125,coal,14259.085875426585,ln,2021 week 6
126,coal,16695.8,ln,2021 week 6
127,coal,17743.25,ln,2021 week 6
128,coal,17743.25,ln,2021 week 6
129,coal,18428.0,ln,2021 week 6
130,coal,18395.78977,ln,2021 week 6
131,coal,17833.590055,ln,2021 week 6
132,coal,17743.25,ln,2021 week 6
133,coal,17743.25,ln,2021 week 6
134,coal,17755.144777261532,ln,2021 week 6
135,coal,18236.26561123653,ln,2021 week 6
136,coal,18475.0,ln,2021 week 6
137,coal,18475.0,ln,2021 week 6
138,coal,18475.0,ln,2021 week 6
139,coal,18475.0,ln,2021 week 6
140,coal,18475.0,ln,2021 week 6
141,coal,18475.0,ln,2021 week 6
142,coal,18475.0,ln,2021 week 6
143,coal,17754.5,ln,2021 week 6
144,coal,17340.702505,ln,2021 week 6
145,coal,16792.3,ln,2021 week 6
146,coal,16792.3,ln,2021 week 6
147,coal,16792.3,ln,2021 week 6
148,coal,16695.8,ln,2021 week 6
149,coal,15043.003206964324,ln,2021 week 6
150,coal,16791.433443068716,ln,2021 week 6
151,coal,16792.3,ln,2021 week 6
152,coal,17743.25,ln,2021 week 6
153,coal,18315.640140899748,ln,2021 week 6
154,coal,18475.0,ln,2021 week 6
155,coal,18475.0,ln,2021 week 6
156,coal,18475.0,ln,2021 week 6
157,coal,18475.0,ln,2021 week 6
158,coal,18475.0,ln,2021 week 6
159,coal,18475.0,ln,2021 week 6
160,coal,18475.0,ln,2021 week 6
161,coal,18475.0,ln,2021 week 6
162,coal,18475.0,ln,2021 week 6
163,coal,18475.0,ln,2021 week 6
164,coal,18475.0,ln,2021 week 6
165,coal,18475.0,ln,2021 week 6
166,coal,17873.71197475402,ln,2021 week 6
167,coal,17743.25,ln,2021 week 6
168,coal,17310.100125,ln,2021 week 6
1,gas,50.0,ln,2021 week 6
2,gas,50.0,ln,2021 week 6
3,gas,50.0,ln,2021 week 6
4,gas,50.0,ln,2021 week 6
5,gas,50.0,ln,2021 week 6
6,gas,50.0,ln,2021 week 6
7,gas,50.0,ln,2021 week 6
8,gas,50.0,ln,2021 week 6
9,gas,50.0,ln,2021 week 6
10,gas,50.0,ln,2021 week 6
11,gas,50.0,ln,2021 week 6
12,gas,50.0,ln,2021 week 6
13,gas,50.0,ln,2021 week 6
14,gas,50.0,ln,2021 week 6
15,gas,50.0,ln,2021 week 6
16,gas,50.0,ln,2021 week 6
17,gas,50.0,ln,2021 week 6
18,gas,50.0,ln,2021 week 6
19,gas,50.0,ln,2021 week 6
20,gas,50.0,ln,2021 week 6
21,gas,50.0,ln,2021 week 6
22,gas,50.0,ln,2021 week 6
23,gas,50.0,ln,2021 week 6
24,gas,50.0,ln,2021 week 6
25,gas,50.0,ln,2021 week 6
26,gas,50.0,ln,2021 week 6
27,gas,50.0,ln,2021 week 6
28,gas,50.0,ln,2021 week 6
29,gas,50.0,ln,2021 week 6
30,gas,50.0,ln,2021 week 6
31,gas,50.0,ln,2021 week 6
32,gas,50.0,ln,2021 week 6
33,gas,50.0,ln,2021 week 6
34,gas,50.0,ln,2021 week 6
35,gas,50.0,ln,2021 week 6
36,gas,50.0,ln,2021 week 6
37,gas,50.0,ln,2021 week 6
38,gas,50.0,ln,2021 week 6
39,gas,50.0,ln,2021 week 6
40,gas,50.0,ln,2021 week 6
41,gas,50.0,ln,2021 week 6
42,gas,50.0,ln,2021 week 6
43,gas,50.0,ln,2021 week 6
44,gas,50.0,ln,2021 week 6
45,gas,50.0,ln,2021 week 6
46,gas,50.0,ln,2021 week 6
47,gas,50.0,ln,2021 week 6
48,gas,50.0,ln,2021 week 6
49,gas,50.0,ln,2021 week 6
50,gas,50.0,ln,2021 week 6
51,gas,50.0,ln,2021 week 6
52,gas,50.0,ln,2021 week 6
53,gas,50.0,ln,2021 week 6
54,gas,50.0,ln,2021 week 6
55,gas,50.0,ln,2021 week 6
56,gas,50.0,ln,2021 week 6
57,gas,50.0,ln,2021 week 6
58,gas,50.0,ln,2021 week 6
59,gas,50.0,ln,2021 week 6
60,gas,50.0,ln,2021 week 6
61,gas,50.0,ln,2021 week 6
62,gas,50.0,ln,2021 week 6
63,gas,50.0,ln,2021 week 6
64,gas,250.0,ln,2021 week 6
65,gas,250.0,ln,2021 week 6
66,gas,250.0,ln,2021 week 6
67,gas,250.0,ln,2021 week 6
68,gas,250.0,ln,2021 week 6
69,gas,250.0,ln,2021 week 6
70,gas,50.0,ln,2021 week 6
71,gas,50.0,ln,2021 week 6
72,gas,50.0,ln,2021 week 6
73,gas,50.0,ln,2021 week 6
74,gas,50.0,ln,2021 week 6
75,gas,50.0,ln,2021 week 6
76,gas,50.0,ln,2021 week 6
77,gas,50.0,ln,2021 week 6
78,gas,50.0,ln,2021 week 6
79,gas,50.0,ln,2021 week 6
80,gas,50.0,ln,2021 week 6
81,gas,50.0,ln,2021 week 6
82,gas,50.0,ln,2021 week 6
83,gas,50.0,ln,2021 week 6
84,gas,50.0,ln,2021 week 6
85,gas,50.0,ln,2021 week 6
86,gas,50.0,ln,2021 week 6
87,gas,50.0,ln,2021 week 6
88,gas,50.0,ln,2021 week 6
89,gas,50.0,ln,2021 week 6
90,gas,50.0,ln,2021 week 6
91,gas,50.0,ln,2021 week 6
92,gas,50.0,ln,2021 week 6
93,gas,50.0,ln,2021 week 6
94,gas,50.0,ln,2021 week 6
95,gas,50.0,ln,2021 week 6
96,gas,50.0,ln,2021 week 6
97,gas,50.0,ln,2021 week 6
98,gas,50.0,ln,2021 week 6
99,gas,50.0,ln,2021 week 6
100,gas,50.0,ln,2021 week 6
101,gas,50.0,ln,2021 week 6
102,gas,50.0,ln,2021 week 6
103,gas,50.0,ln,2021 week 6
104,gas,50.0,ln,2021 week 6
105,gas,50.0,ln,2021 week 6
106,gas,50.0,ln,2021 week 6
107,gas,50.0,ln,2021 week 6
108,gas,50.0,ln,2021 week 6
109,gas,50.0,ln,2021 week 6
110,gas,50.0,ln,2021 week 6
111,gas,50.0,ln,2021 week 6
112,gas,50.0,ln,2021 week 6
113,gas,50.0,ln,2021 week 6
114,gas,168.58967499999858,ln,2021 week 6
115,gas,250.0,ln,2021 week 6
116,gas,250.0,ln,2021 week 6
117,gas,250.0,ln,2021 week 6
118,gas,50.0,ln,2021 week 6
119,gas,50.0,ln,2021 week 6
120,gas,50.0,ln,2021 week 6
121,gas,50.0,ln,2021 week 6
122,gas,50.0,ln,2021 week 6
123,gas,50.0,ln,2021 week 6
124,gas,50.0,ln,2021 week 6
125,gas,50.0,ln,2021 week 6
126,gas,50.0,ln,2021 week 6
127,gas,50.0,ln,2021 week 6
128,gas,50.0,ln,2021 week 6
129,gas,50.0,ln,2021 week 6
130,gas,50.0,ln,2021 week 6
131,gas,50.0,ln,2021 week 6
132,gas,50.0,ln,2021 week 6
133,gas,50.0,ln,2021 week 6
134,gas,50.0,ln,2021 week 6
135,gas,50.0,ln,2021 week 6
136,gas,242.64600999999925,ln,2021 week 6
137,gas,250.0,ln,2021 week 6
138,gas,250.0,ln,2021 week 6
139,gas,250.0,ln,2021 week 6
140,gas,250.0,ln,2021 week 6
141,gas,250.0,ln,2021 week 6
142,gas,50.0,ln,2021 week 6
143,gas,50.0,ln,2021 week 6
144,gas,50.0,ln,2021 week 6
145,gas,50.0,ln,2021 week 6
146,gas,50.0,ln,2021 week 6
147,gas,50.0,ln,2021 week 6
148,gas,50.0,ln,2021 week 6
149,gas,50.0,ln,2021 week 6
150,gas,50.0,ln,2021 week 6
151,gas,50.0,ln,2021 week 6
152,gas,50.0,ln,2021 week 6
153,gas,50.0,ln,2021 week 6
154,gas,50.0,ln,2021 week 6
155,gas,50.0,ln,2021 week 6
156,gas,50.0,ln,2021 week 6
157,gas,0.0,ln,2021 week 6
158,gas,0.0,ln,2021 week 6
159,gas,0.0,ln,2021 week 6
160,gas,0.0,ln,2021 week 6
161,gas,0.0,ln,2021 week 6
162,gas,0.0,ln,2021 week 6
163,gas,0.0,ln,2021 week 6
164,gas,0.0,ln,2021 week 6
165,gas,0.0,ln,2021 week 6
166,gas,0.0,ln,2021 week 6
167,gas,0.0,ln,2021 week 6
168,gas,0.0,ln,2021 week 6
1,hydro,395.8371,ln,2021 week 6
2,hydro,303.3371,ln,2021 week 6
3,hydro,0.0,ln,2021 week 6
4,hydro,0.0,ln,2021 week 6
5,hydro,0.0,ln,2021 week 6
6,hydro,0.0,ln,2021 week 6
7,hydro,62.57259999999951,ln,2021 week 6
8,hydro,0.0,ln,2021 week 6
9,hydro,303.33709999999996,ln,2021 week 6
10,hydro,303.33709999999996,ln,2021 week 6
11,hydro,303.33709999999996,ln,2021 week 6
12,hydro,303.33709999999996,ln,2021 week 6
13,hydro,303.33709999999996,ln,2021 week 6
14,hydro,303.33709999999996,ln,2021 week 6
15,hydro,303.33709999999996,ln,2021 week 6
16,hydro,303.33709999999996,ln,2021 week 6
17,hydro,319.0356649999999,ln,2021 week 6
18,hydro,452.2985399999993,ln,2021 week 6
19,hydro,377.6718850000011,ln,2021 week 6
20,hydro,367.62941,ln,2021 week 6
21,hydro,895.3443899999995,ln,2021 week 6
22,hydro,1144.408025,ln,2021 week 6
23,hydro,324.4217850000005,ln,2021 week 6
24,hydro,62.5725999999994,ln,2021 week 6
25,hydro,0.0,ln,2021 week 6
26,hydro,0.0,ln,2021 week 6
27,hydro,0.0,ln,2021 week 6
28,hydro,0.0,ln,2021 week 6
29,hydro,0.0,ln,2021 week 6
30,hydro,303.33709999999996,ln,2021 week 6
31,hydro,303.33709999999996,ln,2021 week 6
32,hydro,446.1994399999994,ln,2021 week 6
33,hydro,463.761860000001,ln,2021 week 6
34,hydro,451.743961546292,ln,2021 week 6
35,hydro,706.6882236012189,ln,2021 week 6
36,hydro,0.0,ln,2021 week 6
37,hydro,0.0,ln,2021 week 6
38,hydro,54.96621485248852,ln,2021 week 6
39,hydro,303.33709999999996,ln,2021 week 6
40,hydro,303.33709999999996,ln,2021 week 6
41,hydro,606.6242000000004,ln,2021 week 6
42,hydro,1023.6720299999992,ln,2021 week 6
43,hydro,0.0,ln,2021 week 6
44,hydro,0.0,ln,2021 week 6
45,hydro,189.6763700000006,ln,2021 week 6
46,hydro,982.2465439342592,ln,2021 week 6
47,hydro,1078.5905560657409,ln,2021 week 6
48,hydro,62.5725999999994,ln,2021 week 6
49,hydro,0.0,ln,2021 week 6
50,hydro,0.0,ln,2021 week 6
51,hydro,0.0,ln,2021 week 6
52,hydro,0.0,ln,2021 week 6
53,hydro,0.0,ln,2021 week 6
54,hydro,303.33709999999996,ln,2021 week 6
55,hydro,485.9689799999997,ln,2021 week 6
56,hydro,425.7739899999997,ln,2021 week 6
57,hydro,301.555430000001,ln,2021 week 6
58,hydro,271.10420999999997,ln,2021 week 6
59,hydro,638.9570899999994,ln,2021 week 6
60,hydro,0.0,ln,2021 week 6
61,hydro,0.0,ln,2021 week 6
62,hydro,303.33709999999996,ln,2021 week 6
63,hydro,303.33709999999996,ln,2021 week 6
64,hydro,303.33709999999996,ln,2021 week 6
65,hydro,303.33709999999996,ln,2021 week 6
66,hydro,376.00905499999953,ln,2021 week 6
67,hydro,410.38664000000017,ln,2021 week 6
68,hydro,426.90270500000065,ln,2021 week 6
69,hydro,324.6782749999993,ln,2021 week 6
70,hydro,1012.6371250000004,ln,2021 week 6
71,hydro,1026.8588000000002,ln,2021 week 6
72,hydro,62.5725999999994,ln,2021 week 6
73,hydro,0.0,ln,2021 week 6
74,hydro,0.0,ln,2021 week 6
75,hydro,0.0,ln,2021 week 6
76,hydro,0.0,ln,2021 week 6
77,hydro,0.0,ln,2021 week 6
78,hydro,303.33709999999996,ln,2021 week 6
79,hydro,303.33709999999996,ln,2021 week 6
80,hydro,303.33709999999996,ln,2021 week 6
81,hydro,365.6117551373327,ln,2021 week 6
82,hydro,329.83395513733285,ln,2021 week 6
83,hydro,214.56558972533435,ln,2021 week 6
84,hydro,303.33709999999996,ln,2021 week 6
85,hydro,303.33709999999996,ln,2021 week 6
86,hydro,303.33709999999996,ln,2021 week 6
87,hydro,303.33709999999996,ln,2021 week 6
88,hydro,303.33709999999996,ln,2021 week 6
89,hydro,367.0169699999997,ln,2021 week 6
90,hydro,402.0636250000023,ln,2021 week 6
91,hydro,327.9187299999994,ln,2021 week 6
92,hydro,419.6361749999992,ln,2021 week 6
93,hydro,303.33709999999996,ln,2021 week 6
94,hydro,692.339764166434,ln,2021 week 6
95,hydro,1368.497335833566,ln,2021 week 6
96,hydro,303.3371,ln,2021 week 6
97,hydro,303.3371,ln,2021 week 6
98,hydro,0.0,ln,2021 week 6
99,hydro,0.0,ln,2021 week 6
100,hydro,0.0,ln,2021 week 6
101,hydro,0.0,ln,2021 week 6
102,hydro,0.0,ln,2021 week 6
103,hydro,62.57259999999951,ln,2021 week 6
104,hydro,303.33709999999996,ln,2021 week 6
105,hydro,408.15728981286384,ln,2021 week 6
106,hydro,307.5707388335336,ln,2021 week 6
107,hydro,530.9733549999987,ln,2021 week 6
108,hydro,269.9841163536039,ln,2021 week 6
109,hydro,0.0,ln,2021 week 6
110,hydro,303.33709999999996,ln,2021 week 6
111,hydro,303.33709999999996,ln,2021 week 6
112,hydro,303.33709999999996,ln,2021 week 6
113,hydro,363.72576000000026,ln,2021 week 6
114,hydro,354.11948500000085,ln,2021 week 6
115,hydro,356.4508599999999,ln,2021 week 6
116,hydro,368.35651999999936,ln,2021 week 6
117,hydro,377.3199749999999,ln,2021 week 6
118,hydro,525.2821249999997,ln,2021 week 6
119,hydro,1535.5549750000002,ln,2021 week 6
120,hydro,303.3371,ln,2021 week 6
121,hydro,0.0,ln,2021 week 6
122,hydro,0.0,ln,2021 week 6
123,hydro,0.0,ln,2021 week 6
124,hydro,0.0,ln,2021 week 6
125,hydro,0.0,ln,2021 week 6
126,hydro,62.57259999999951,ln,2021 week 6
127,hydro,363.29585018791977,ln,2021 week 6
128,hydro,243.37834981208016,ln,2021 week 6
129,hydro,473.72048499999937,ln,2021 week 6
130,hydro,436.240815000001,ln,2021 week 6
131,hydro,910.0612999999994,ln,2021 week 6
132,hydro,0.0,ln,2021 week 6
133,hydro,0.0,ln,2021 week 6
134,hydro,0.0,ln,2021 week 6
135,hydro,303.33709999999996,ln,2021 week 6
136,hydro,303.33709999999996,ln,2021 week 6
137,hydro,334.96276000000034,ln,2021 week 6
138,hydro,406.2081599999997,ln,2021 week 6
139,hydro,345.2968599999999,ln,2021 week 6
140,hydro,360.5328450000004,ln,2021 week 6
141,hydro,372.97197499999993,ln,2021 week 6
142,hydro,515.4991249999998,ln,2021 week 6
143,hydro,1085.509269999999,ln,2021 week 6
144,hydro,763.1658050000008,ln,2021 week 6
145,hydro,303.3371,ln,2021 week 6
146,hydro,62.5725999999994,ln,2021 week 6
147,hydro,0.0,ln,2021 week 6
148,hydro,0.0,ln,2021 week 6
149,hydro,0.0,ln,2021 week 6
150,hydro,0.0,ln,2021 week 6
151,hydro,0.0,ln,2021 week 6
152,hydro,303.33709999999996,ln,2021 week 6
153,hydro,303.33709999999996,ln,2021 week 6
154,hydro,415.4984699999993,ln,2021 week 6
155,hydro,377.7350549999992,ln,2021 week 6
156,hydro,390.9932449999992,ln,2021 week 6
157,hydro,161.53919505649992,ln,2021 week 6
158,hydro,234.45859499999983,ln,2021 week 6
159,hydro,239.79803994350232,ln,2021 week 6
160,hydro,373.4450599999995,ln,2021 week 6
161,hydro,386.0733349999996,ln,2021 week 6
162,hydro,442.1873599999999,ln,2021 week 6
163,hydro,64.35517151893873,ln,2021 week 6
164,hydro,405.6147434810627,ln,2021 week 6
165,hydro,451.6340299999997,ln,2021 week 6
166,hydro,987.74388524598,ln,2021 week 6
167,hydro,492.99009475402,ln,2021 week 6
168,hydro,790.94022,ln,2021 week 6
1,wind,76.09,ln,2021 week 6
2,wind,228.27,ln,2021 week 6
3,wind,619.59,ln,2021 week 6
4,wind,1260.92,ln,2021 week 6
5,wind,2467.49,ln,2021 week 6
6,wind,3663.19,ln,2021 week 6
7,wind,3261.0,ln,2021 week 6
8,wind,2141.39,ln,2021 week 6
9,wind,2293.5699999999997,ln,2021 week 6
10,wind,2119.65,ln,2021 week 6
11,wind,1597.89,ln,2021 week 6
12,wind,1510.93,ln,2021 week 6
13,wind,1793.5500000000002,ln,2021 week 6
14,wind,2054.4299999999994,ln,2021 week 6
15,wind,2445.75,ln,2021 week 6
16,wind,2858.81,ln,2021 week 6
17,wind,2532.71,ln,2021 week 6
18,wind,2358.79,ln,2021 week 6
19,wind,3108.8199999999997,ln,2021 week 6
20,wind,3739.28,ln,2021 week 6
21,wind,4402.35,ln,2021 week 6
22,wind,4750.19,ln,2021 week 6
23,wind,4967.59,ln,2021 week 6
24,wind,4826.28,ln,2021 week 6
25,wind,4674.1,ln,2021 week 6
26,wind,4478.44,ln,2021 week 6
27,wind,4271.91,ln,2021 week 6
28,wind,4315.39,ln,2021 week 6
29,wind,4565.4,ln,2021 week 6
30,wind,4782.8,ln,2021 week 6
31,wind,3163.1699999999996,ln,2021 week 6
32,wind,1086.9999999999998,ln,2021 week 6
33,wind,1282.66,ln,2021 week 6
34,wind,2695.7599999999993,ln,2021 week 6
35,wind,3130.56,ln,2021 week 6
36,wind,3467.53,ln,2021 week 6
37,wind,3739.28,ln,2021 week 6
38,wind,3826.24,ln,2021 week 6
39,wind,3750.15,ln,2021 week 6
40,wind,3652.32,ln,2021 week 6
41,wind,2880.55,ln,2021 week 6
42,wind,2924.03,ln,2021 week 6
43,wind,4087.12,ln,2021 week 6
44,wind,4815.41,ln,2021 week 6
45,wind,4891.5,ln,2021 week 6
46,wind,4261.04,ln,2021 week 6
47,wind,3326.22,ln,2021 week 6
48,wind,2793.59,ln,2021 week 6
49,wind,2380.53,ln,2021 week 6
50,wind,2163.13,ln,2021 week 6
51,wind,2021.82,ln,2021 week 6
52,wind,2250.0899999999997,ln,2021 week 6
53,wind,2434.88,ln,2021 week 6
54,wind,2597.93,ln,2021 week 6
55,wind,1565.28,ln,2021 week 6
56,wind,228.27,ln,2021 week 6
57,wind,141.30999999999997,ln,2021 week 6
58,wind,217.4,ln,2021 week 6
59,wind,43.48,ln,2021 week 6
60,wind,0.0,ln,2021 week 6
61,wind,0.0,ln,2021 week 6
62,wind,0.0,ln,2021 week 6
63,wind,0.0,ln,2021 week 6
64,wind,0.0,ln,2021 week 6
65,wind,0.0,ln,2021 week 6
66,wind,0.0,ln,2021 week 6
67,wind,10.87,ln,2021 week 6
68,wind,55.66699090908989,ln,2021 week 6
69,wind,717.4200000000001,ln,2021 week 6
70,wind,2097.91,ln,2021 week 6
71,wind,3511.01,ln,2021 week 6
72,wind,4195.82,ln,2021 week 6
73,wind,4076.25,ln,2021 week 6
74,wind,3641.45,ln,2021 week 6
75,wind,3391.44,ln,2021 week 6
76,wind,3652.32,ln,2021 week 6
77,wind,3184.91,ln,2021 week 6
78,wind,2739.24,ln,2021 week 6
79,wind,1934.86,ln,2021 week 6
80,wind,880.47,ln,2021 week 6
81,wind,880.47,ln,2021 week 6
82,wind,1391.36,ln,2021 week 6
83,wind,1641.37,ln,2021 week 6
84,wind,1760.94,ln,2021 week 6
85,wind,1902.25,ln,2021 week 6
86,wind,2097.91,ln,2021 week 6
87,wind,2478.36,ln,2021 week 6
88,wind,2815.33,ln,2021 week 6
89,wind,2358.79,ln,2021 week 6
90,wind,2380.53,ln,2021 week 6
91,wind,3174.04,ln,2021 week 6
92,wind,3652.32,ln,2021 week 6
93,wind,3837.11,ln,2021 week 6
94,wind,3815.37,ln,2021 week 6
95,wind,3587.1000000000004,ln,2021 week 6
96,wind,3424.05,ln,2021 week 6
97,wind,3337.09,ln,2021 week 6
98,wind,3413.18,ln,2021 week 6
99,wind,3641.45,ln,2021 week 6
100,wind,3978.42,ln,2021 week 6
101,wind,4326.26,ln,2021 week 6
102,wind,4652.36,ln,2021 week 6
103,wind,3847.98,ln,2021 week 6
104,wind,1934.86,ln,2021 week 6
105,wind,2293.5699999999997,ln,2021 week 6
106,wind,2793.59,ln,2021 week 6
107,wind,2760.9800000000005,ln,2021 week 6
108,wind,2554.45,ln,2021 week 6
109,wind,2250.0899999999997,ln,2021 week 6
110,wind,1934.86,ln,2021 week 6
111,wind,1630.5,ln,2021 week 6
112,wind,1358.75,ln,2021 week 6
113,wind,1032.65,ln,2021 week 6
114,wind,1043.52,ln,2021 week 6
115,wind,739.1600000000001,ln,2021 week 6
116,wind,271.75,ln,2021 week 6
117,wind,97.83,ln,2021 week 6
118,wind,76.09,ln,2021 week 6
119,wind,21.74,ln,2021 week 6
120,wind,10.87,ln,2021 week 6
121,wind,10.87,ln,2021 week 6
122,wind,97.83,ln,2021 week 6
123,wind,380.4500000000001,ln,2021 week 6
124,wind,804.38,ln,2021 week 6
125,wind,1217.44,ln,2021 week 6
126,wind,1282.66,ln,2021 week 6
127,wind,1043.52,ln,2021 week 6
128,wind,184.78999999999996,ln,2021 week 6
129,wind,0.0,ln,2021 week 6
130,wind,0.0,ln,2021 week 6
131,wind,0.0,ln,2021 week 6
132,wind,0.0,ln,2021 week 6
133,wind,0.0,ln,2021 week 6
134,wind,0.0,ln,2021 week 6
135,wind,0.0,ln,2021 week 6
136,wind,0.0,ln,2021 week 6
137,wind,0.0,ln,2021 week 6
138,wind,32.61,ln,2021 week 6
139,wind,108.7,ln,2021 week 6
140,wind,119.57,ln,2021 week 6
141,wind,141.31,ln,2021 week 6
142,wind,173.92000000000002,ln,2021 week 6
143,wind,271.75,ln,2021 week 6
144,wind,347.84000000000003,ln,2021 week 6
145,wind,304.36,ln,2021 week 6
146,wind,173.92000000000002,ln,2021 week 6
147,wind,54.35,ln,2021 week 6
148,wind,0.0,ln,2021 week 6
149,wind,0.0,ln,2021 week 6
150,wind,0.0,ln,2021 week 6
151,wind,0.0,ln,2021 week 6
152,wind,0.0,ln,2021 week 6
153,wind,21.74,ln,2021 week 6
154,wind,217.4,ln,2021 week 6
155,wind,217.4,ln,2021 week 6
156,wind,141.31,ln,2021 week 6
157,wind,163.04999999999998,ln,2021 week 6
158,wind,304.36,ln,2021 week 6
159,wind,163.04999999999998,ln,2021 week 6
160,wind,119.57000000000004,ln,2021 week 6
161,wind,195.66,ln,2021 week 6
162,wind,239.14,ln,2021 week 6
163,wind,206.53,ln,2021 week 6
164,wind,152.18,ln,2021 week 6
165,wind,32.61,ln,2021 week 6
166,wind,0.0,ln,2021 week 6
167,wind,0.0,ln,2021 week 6
168,wind,0.0,ln,2021 week 6
1,solar,0.0,ln,2021 week 6
2,solar,0.0,ln,2021 week 6
3,solar,0.0,ln,2021 week 6
4,solar,0.0,ln,2021 week 6
5,solar,0.0,ln,2021 week 6
6,solar,0.0,ln,2021 week 6
7,solar,181.64,ln,2021 week 6
8,solar,769.58,ln,2021 week 6
9,solar,1534.38,ln,2021 week 6
10,solar,2609.880000000001,ln,2021 week 6
11,solar,3216.94,ln,2021 week 6
12,solar,3484.62,ln,2021 week 6
13,solar,3412.92,ln,2021 week 6
14,solar,2805.8599999999997,ln,2021 week 6
15,solar,2160.5599999999995,ln,2021 week 6
16,solar,1672.9999999999995,ln,2021 week 6
17,solar,1008.58,ln,2021 week 6
18,solar,253.34,ln,2021 week 6
19,solar,0.0,ln,2021 week 6
20,solar,0.0,ln,2021 week 6
21,solar,0.0,ln,2021 week 6
22,solar,0.0,ln,2021 week 6
23,solar,0.0,ln,2021 week 6
24,solar,0.0,ln,2021 week 6
25,solar,0.0,ln,2021 week 6
26,solar,0.0,ln,2021 week 6
27,solar,0.0,ln,2021 week 6
28,solar,0.0,ln,2021 week 6
29,solar,0.0,ln,2021 week 6
30,solar,0.0,ln,2021 week 6
31,solar,382.4,ln,2021 week 6
32,solar,1166.32,ln,2021 week 6
33,solar,1553.5,ln,2021 week 6
34,solar,1945.46,ln,2021 week 6
35,solar,2170.1200000000003,ln,2021 week 6
36,solar,2361.32,ln,2021 week 6
37,solar,2184.46,ln,2021 week 6
38,solar,1888.1,ln,2021 week 6
39,solar,1830.74,ln,2021 week 6
40,solar,1778.1600000000003,ln,2021 week 6
41,solar,846.06,ln,2021 week 6
42,solar,215.1,ln,2021 week 6
43,solar,0.0,ln,2021 week 6
44,solar,0.0,ln,2021 week 6
45,solar,0.0,ln,2021 week 6
46,solar,0.0,ln,2021 week 6
47,solar,0.0,ln,2021 week 6
48,solar,0.0,ln,2021 week 6
49,solar,0.0,ln,2021 week 6
50,solar,0.0,ln,2021 week 6
51,solar,0.0,ln,2021 week 6
52,solar,0.0,ln,2021 week 6
53,solar,0.0,ln,2021 week 6
54,solar,0.0,ln,2021 week 6
55,solar,315.48,ln,2021 week 6
56,solar,1209.34,ln,2021 week 6
57,solar,2151.0,ln,2021 week 6
58,solar,2839.3199999999997,ln,2021 week 6
59,solar,3130.9,ln,2021 week 6
60,solar,3020.96,ln,2021 week 6
61,solar,2748.5,ln,2021 week 6
62,solar,2810.64,ln,2021 week 6
63,solar,2409.12,ln,2021 week 6
64,solar,1490.184977272727,ln,2021 week 6
65,solar,821.4863454545452,ln,2021 week 6
66,solar,191.2,ln,2021 week 6
67,solar,0.0,ln,2021 week 6
68,solar,0.0,ln,2021 week 6
69,solar,0.0,ln,2021 week 6
70,solar,0.0,ln,2021 week 6
71,solar,0.0,ln,2021 week 6
72,solar,0.0,ln,2021 week 6
73,solar,0.0,ln,2021 week 6
74,solar,0.0,ln,2021 week 6
75,solar,0.0,ln,2021 week 6
76,solar,0.0,ln,2021 week 6
77,solar,0.0,ln,2021 week 6
78,solar,0.0,ln,2021 week 6
79,solar,43.01999999999998,ln,2021 week 6
80,solar,243.77999999999997,ln,2021 week 6
81,solar,587.9399999999998,ln,2021 week 6
82,solar,1238.02,ln,2021 week 6
83,solar,1868.98,ln,2021 week 6
84,solar,2069.74,ln,2021 week 6
85,solar,1673.0,ln,2021 week 6
86,solar,1333.62,ln,2021 week 6
87,solar,1061.1600000000003,ln,2021 week 6
88,solar,865.18,ln,2021 week 6
89,solar,411.08,ln,2021 week 6
90,solar,81.26,ln,2021 week 6
91,solar,0.0,ln,2021 week 6
92,solar,0.0,ln,2021 week 6
93,solar,0.0,ln,2021 week 6
94,solar,0.0,ln,2021 week 6
95,solar,0.0,ln,2021 week 6
96,solar,0.0,ln,2021 week 6
97,solar,0.0,ln,2021 week 6
98,solar,0.0,ln,2021 week 6
99,solar,0.0,ln,2021 week 6
100,solar,0.0,ln,2021 week 6
101,solar,0.0,ln,2021 week 6
102,solar,0.0,ln,2021 week 6
103,solar,387.17999999999984,ln,2021 week 6
104,solar,1362.3,ln,2021 week 6
105,solar,2342.2,ln,2021 week 6
106,solar,3035.3,ln,2021 week 6
107,solar,3470.2799999999997,ln,2021 week 6
108,solar,3661.480000000001,ln,2021 week 6
109,solar,3623.24,ln,2021 week 6
110,solar,3350.7799999999997,ln,2021 week 6
111,solar,2848.879999999999,ln,2021 week 6
112,solar,2103.2,ln,2021 week 6
113,solar,1156.7599999999998,ln,2021 week 6
114,solar,229.44,ln,2021 week 6
115,solar,0.0,ln,2021 week 6
116,solar,0.0,ln,2021 week 6
117,solar,0.0,ln,2021 week 6
118,solar,0.0,ln,2021 week 6
119,solar,0.0,ln,2021 week 6
120,solar,0.0,ln,2021 week 6
121,solar,0.0,ln,2021 week 6
122,solar,0.0,ln,2021 week 6
123,solar,0.0,ln,2021 week 6
124,solar,0.0,ln,2021 week 6
125,solar,0.0,ln,2021 week 6
126,solar,0.0,ln,2021 week 6
127,solar,325.04,ln,2021 week 6
128,solar,1156.76,ln,2021 week 6
129,solar,2103.2,ln,2021 week 6
130,solar,2270.5,ln,2021 week 6
131,solar,2944.48,ln,2021 week 6
132,solar,3255.1800000000003,ln,2021 week 6
133,solar,3068.76,ln,2021 week 6
134,solar,2609.88,ln,2021 week 6
135,solar,1711.24,ln,2021 week 6
136,solar,817.3800000000001,ln,2021 week 6
137,solar,325.04,ln,2021 week 6
138,solar,57.36,ln,2021 week 6
139,solar,0.0,ln,2021 week 6
140,solar,0.0,ln,2021 week 6
141,solar,0.0,ln,2021 week 6
142,solar,0.0,ln,2021 week 6
143,solar,0.0,ln,2021 week 6
144,solar,0.0,ln,2021 week 6
145,solar,0.0,ln,2021 week 6
146,solar,0.0,ln,2021 week 6
147,solar,0.0,ln,2021 week 6
148,solar,0.0,ln,2021 week 6
149,solar,0.0,ln,2021 week 6
150,solar,0.0,ln,2021 week 6
151,solar,105.16,ln,2021 week 6
152,solar,712.2199999999999,ln,2021 week 6
153,solar,1840.3,ln,2021 week 6
154,solar,1998.04,ln,2021 week 6
155,solar,2170.12,ln,2021 week 6
156,solar,2418.68,ln,2021 week 6
157,solar,2318.2999999999997,ln,2021 week 6
158,solar,1759.04,ln,2021 week 6
159,solar,1118.52,ln,2021 week 6
160,solar,454.1,ln,2021 week 6
161,solar,148.18000000000004,ln,2021 week 6
162,solar,14.34,ln,2021 week 6
163,solar,0.0,ln,2021 week 6
164,solar,0.0,ln,2021 week 6
165,solar,0.0,ln,2021 week 6
166,solar,0.0,ln,2021 week 6
167,solar,0.0,ln,2021 week 6
168,solar,0.0,ln,2021 week 6
1,stor,0.0,ln,2021 week 6
2,stor,0.0,ln,2021 week 6
3,stor,0.0,ln,2021 week 6
4,stor,0.0,ln,2021 week 6
5,stor,0.0,ln,2021 week 6
6,stor,0.0,ln,2021 week 6
7,stor,0.0,ln,2021 week 6
8,stor,0.0,ln,2021 week 6
9,stor,0.0,ln,2021 week 6
10,stor,0.0,ln,2021 week 6
11,stor,0.0,ln,2021 week 6
12,stor,0.0,ln,2021 week 6
13,stor,0.0,ln,2021 week 6
14,stor,0.0,ln,2021 week 6
15,stor,0.0,ln,2021 week 6
16,stor,0.0,ln,2021 week 6
17,stor,965.414154335586,ln,2021 week 6
18,stor,0.0,ln,2021 week 6
19,stor,15.2,ln,2021 week 6
20,stor,15.2,ln,2021 week 6
21,stor,0.0,ln,2021 week 6
22,stor,0.0,ln,2021 week 6
23,stor,0.0,ln,2021 week 6
24,stor,0.0,ln,2021 week 6
25,stor,0.0,ln,2021 week 6
26,stor,0.0,ln,2021 week 6
27,stor,0.0,ln,2021 week 6
28,stor,0.0,ln,2021 week 6
29,stor,0.0,ln,2021 week 6
30,stor,0.0,ln,2021 week 6
31,stor,0.0,ln,2021 week 6
32,stor,0.0,ln,2021 week 6
33,stor,0.0,ln,2021 week 6
34,stor,0.0,ln,2021 week 6
35,stor,0.0,ln,2021 week 6
36,stor,0.0,ln,2021 week 6
37,stor,0.0,ln,2021 week 6
38,stor,0.0,ln,2021 week 6
39,stor,0.0,ln,2021 week 6
40,stor,0.0,ln,2021 week 6
41,stor,0.0,ln,2021 week 6
42,stor,0.0,ln,2021 week 6
43,stor,0.0,ln,2021 week 6
44,stor,0.0,ln,2021 week 6
45,stor,0.0,ln,2021 week 6
46,stor,0.0,ln,2021 week 6
47,stor,0.0,ln,2021 week 6
48,stor,0.0,ln,2021 week 6
49,stor,0.0,ln,2021 week 6
50,stor,0.0,ln,2021 week 6
51,stor,0.0,ln,2021 week 6
52,stor,0.0,ln,2021 week 6
53,stor,0.0,ln,2021 week 6
54,stor,0.0,ln,2021 week 6
55,stor,0.0,ln,2021 week 6
56,stor,0.0,ln,2021 week 6
57,stor,0.0,ln,2021 week 6
58,stor,0.0,ln,2021 week 6
59,stor,0.0,ln,2021 week 6
60,stor,0.0,ln,2021 week 6
61,stor,0.0,ln,2021 week 6
62,stor,0.0,ln,2021 week 6
63,stor,0.0,ln,2021 week 6
64,stor,960.0,ln,2021 week 6
65,stor,960.0,ln,2021 week 6
66,stor,975.2,ln,2021 week 6
67,stor,975.2,ln,2021 week 6
68,stor,975.2,ln,2021 week 6
69,stor,0.0,ln,2021 week 6
70,stor,0.0,ln,2021 week 6
71,stor,15.2,ln,2021 week 6
72,stor,0.0,ln,2021 week 6
73,stor,0.0,ln,2021 week 6
74,stor,0.0,ln,2021 week 6
75,stor,0.0,ln,2021 week 6
76,stor,0.0,ln,2021 week 6
77,stor,0.0,ln,2021 week 6
78,stor,0.0,ln,2021 week 6
79,stor,0.0,ln,2021 week 6
80,stor,0.0,ln,2021 week 6
81,stor,0.0,ln,2021 week 6
82,stor,0.0,ln,2021 week 6
83,stor,0.0,ln,2021 week 6
84,stor,0.0,ln,2021 week 6
85,stor,0.0,ln,2021 week 6
86,stor,0.0,ln,2021 week 6
87,stor,0.0,ln,2021 week 6
88,stor,0.0,ln,2021 week 6
89,stor,409.5797945371194,ln,2021 week 6
90,stor,960.0,ln,2021 week 6
91,stor,975.2,ln,2021 week 6
92,stor,960.0,ln,2021 week 6
93,stor,960.0,ln,2021 week 6
94,stor,15.2,ln,2021 week 6
95,stor,0.0,ln,2021 week 6
96,stor,0.0,ln,2021 week 6
97,stor,0.0,ln,2021 week 6
98,stor,0.0,ln,2021 week 6
99,stor,0.0,ln,2021 week 6
100,stor,0.0,ln,2021 week 6
101,stor,0.0,ln,2021 week 6
102,stor,0.0,ln,2021 week 6
103,stor,0.0,ln,2021 week 6
104,stor,0.0,ln,2021 week 6
105,stor,0.0,ln,2021 week 6
106,stor,0.0,ln,2021 week 6
107,stor,0.0,ln,2021 week 6
108,stor,0.0,ln,2021 week 6
109,stor,0.0,ln,2021 week 6
110,stor,0.0,ln,2021 week 6
111,stor,0.0,ln,2021 week 6
112,stor,0.0,ln,2021 week 6
113,stor,960.0,ln,2021 week 6
114,stor,975.2,ln,2021 week 6
115,stor,960.0,ln,2021 week 6
116,stor,975.2,ln,2021 week 6
117,stor,975.2,ln,2021 week 6
118,stor,235.81215177052536,ln,2021 week 6
119,stor,0.0,ln,2021 week 6
120,stor,0.0,ln,2021 week 6
121,stor,0.0,ln,2021 week 6
122,stor,0.0,ln,2021 week 6
123,stor,0.0,ln,2021 week 6
124,stor,0.0,ln,2021 week 6
125,stor,0.0,ln,2021 week 6
126,stor,0.0,ln,2021 week 6
127,stor,0.0,ln,2021 week 6
128,stor,0.0,ln,2021 week 6
129,stor,0.0,ln,2021 week 6
130,stor,0.0,ln,2021 week 6
131,stor,0.0,ln,2021 week 6
132,stor,0.0,ln,2021 week 6
133,stor,0.0,ln,2021 week 6
134,stor,0.0,ln,2021 week 6
135,stor,0.0,ln,2021 week 6
136,stor,0.0,ln,2021 week 6
137,stor,975.2,ln,2021 week 6
138,stor,209.18964521682528,ln,2021 week 6
139,stor,0.0,ln,2021 week 6
140,stor,15.2,ln,2021 week 6
141,stor,15.2,ln,2021 week 6
142,stor,0.0,ln,2021 week 6
143,stor,0.0,ln,2021 week 6
144,stor,0.0,ln,2021 week 6
145,stor,0.0,ln,2021 week 6
146,stor,0.0,ln,2021 week 6
147,stor,0.0,ln,2021 week 6
148,stor,0.0,ln,2021 week 6
149,stor,0.0,ln,2021 week 6
150,stor,0.0,ln,2021 week 6
151,stor,0.0,ln,2021 week 6
152,stor,0.0,ln,2021 week 6
153,stor,0.0,ln,2021 week 6
154,stor,0.0,ln,2021 week 6
155,stor,163.08310147365228,ln,2021 week 6
156,stor,0.0,ln,2021 week 6
157,stor,0.0,ln,2021 week 6
158,stor,0.0,ln,2021 week 6
159,stor,0.0,ln,2021 week 6
160,stor,0.0,ln,2021 week 6
161,stor,15.2,ln,2021 week 6
162,stor,0.0,ln,2021 week 6
163,stor,15.2,ln,2021 week 6
164,stor,15.2,ln,2021 week 6
165,stor,0.0,ln,2021 week 6
166,stor,0.0,ln,2021 week 6
167,stor,0.0,ln,2021 week 6
168,stor,9.12,ln,2021 week 6
1,net_import,5619.349669493242,ln,2021 week 6
2,net_import,8411.600023567142,ln,2021 week 6
3,net_import,8347.014343195146,ln,2021 week 6
4,net_import,8035.029582051095,ln,2021 week 6
5,net_import,7285.835376424109,ln,2021 week 6
6,net_import,5980.354758595773,ln,2021 week 6
7,net_import,7107.108366201159,ln,2021 week 6
8,net_import,6704.395119059454,ln,2021 week 6
9,net_import,7315.849173311548,ln,2021 week 6
10,net_import,7211.047825972895,ln,2021 week 6
11,net_import,4348.4471125602195,ln,2021 week 6
12,net_import,4543.261970743959,ln,2021 week 6
13,net_import,3070.732139275478,ln,2021 week 6
14,net_import,2502.288754043438,ln,2021 week 6
15,net_import,2269.8700683486336,ln,2021 week 6
16,net_import,1546.268187248364,ln,2021 week 6
17,net_import,1756.228193046541,ln,2021 week 6
18,net_import,1828.6557307443504,ln,2021 week 6
19,net_import,1019.7341619457948,ln,2021 week 6
20,net_import,913.027772739405,ln,2021 week 6
21,net_import,512.2595212203655,ln,2021 week 6
22,net_import,2391.7573562196008,ln,2021 week 6
23,net_import,1439.9233497132077,ln,2021 week 6
24,net_import,2976.8709030605146,ln,2021 week 6
25,net_import,3218.0436274342846,ln,2021 week 6
26,net_import,3374.1189882777885,ln,2021 week 6
27,net_import,3782.634057853828,ln,2021 week 6
28,net_import,3782.8315402968337,ln,2021 week 6
29,net_import,3807.465203076107,ln,2021 week 6
30,net_import,788.8633838700539,ln,2021 week 6
31,net_import,1392.5426675412868,ln,2021 week 6
32,net_import,1529.3860827108056,ln,2021 week 6
33,net_import,2064.407981505691,ln,2021 week 6
34,net_import,1782.0351715141642,ln,2021 week 6
35,net_import,1156.3179746993897,ln,2021 week 6
36,net_import,1383.0172729481728,ln,2021 week 6
37,net_import,826.0261850647403,ln,2021 week 6
38,net_import,1261.9859060737535,ln,2021 week 6
39,net_import,585.4951334285383,ln,2021 week 6
40,net_import,437.4588240362227,ln,2021 week 6
41,net_import,1863.4882158038265,ln,2021 week 6
42,net_import,1613.837485735355,ln,2021 week 6
43,net_import,1357.377990754071,ln,2021 week 6
44,net_import,1073.4683114335485,ln,2021 week 6
45,net_import,996.963376335072,ln,2021 week 6
46,net_import,2524.8801476997487,ln,2021 week 6
47,net_import,2587.821898648036,ln,2021 week 6
48,net_import,2662.6768411066087,ln,2021 week 6
49,net_import,2505.729743039463,ln,2021 week 6
50,net_import,2326.870268139424,ln,2021 week 6
51,net_import,1975.2316583600236,ln,2021 week 6
52,net_import,1745.540969410888,ln,2021 week 6
53,net_import,1559.7745469861725,ln,2021 week 6
54,net_import,791.1150431367269,ln,2021 week 6
55,net_import,1547.8138594376733,ln,2021 week 6
56,net_import,1783.8013647528069,ln,2021 week 6
57,net_import,2130.2946891428937,ln,2021 week 6
58,net_import,2545.1463593382823,ln,2021 week 6
59,net_import,2917.4458495431945,ln,2021 week 6
60,net_import,3332.389268180291,ln,2021 week 6
61,net_import,3200.297018075246,ln,2021 week 6
62,net_import,2681.023708078286,ln,2021 week 6
63,net_import,3149.270243533327,ln,2021 week 6
64,net_import,4023.983720961799,ln,2021 week 6
65,net_import,1766.6473857462856,ln,2021 week 6
66,net_import,1286.5554656014497,ln,2021 week 6
67,net_import,2861.4545218811754,ln,2021 week 6
68,net_import,3069.3625228428564,ln,2021 week 6
69,net_import,4246.170461081566,ln,2021 week 6
70,net_import,4563.510335685948,ln,2021 week 6
71,net_import,2417.407610718993,ln,2021 week 6
72,net_import,4759.4130147647875,ln,2021 week 6
73,net_import,6342.846947836499,ln,2021 week 6
74,net_import,6413.735573113958,ln,2021 week 6
75,net_import,6194.240266407571,ln,2021 week 6
76,net_import,5932.055998151838,ln,2021 week 6
77,net_import,6401.802812110023,ln,2021 week 6
78,net_import,6240.444581579863,ln,2021 week 6
79,net_import,3599.657508171981,ln,2021 week 6
80,net_import,4241.34129293445,ln,2021 week 6
81,net_import,4736.820614931333,ln,2021 week 6
82,net_import,4736.820614931333,ln,2021 week 6
83,net_import,4380.131881078195,ln,2021 week 6
84,net_import,3414.9902646329574,ln,2021 week 6
85,net_import,3190.5664239937123,ln,2021 week 6
86,net_import,3751.804379134187,ln,2021 week 6
87,net_import,2749.9746534267115,ln,2021 week 6
88,net_import,2123.0314827896227,ln,2021 week 6
89,net_import,2834.1568164581977,ln,2021 week 6
90,net_import,2398.236550694348,ln,2021 week 6
91,net_import,1421.8190626261055,ln,2021 week 6
92,net_import,1417.631886267271,ln,2021 week 6
93,net_import,1436.421022128774,ln,2021 week 6
94,net_import,2963.284694987652,ln,2021 week 6
95,net_import,2026.5428748644963,ln,2021 week 6
96,net_import,2060.597891101129,ln,2021 week 6
97,net_import,4245.414580628429,ln,2021 week 6
98,net_import,5148.591130107747,ln,2021 week 6
99,net_import,5910.669880383368,ln,2021 week 6
100,net_import,5588.9415078372695,ln,2021 week 6
101,net_import,5239.362483496288,ln,2021 week 6
102,net_import,5148.509619359229,ln,2021 week 6
103,net_import,5350.097309775279,ln,2021 week 6
104,net_import,4067.923402736549,ln,2021 week 6
105,net_import,1396.2614524814812,ln,2021 week 6
106,net_import,1362.6859124808502,ln,2021 week 6
107,net_import,1155.0531621748223,ln,2021 week 6
108,net_import,806.1348661736115,ln,2021 week 6
109,net_import,2190.699682805742,ln,2021 week 6
110,net_import,1737.9063730904195,ln,2021 week 6
111,net_import,2610.4365338203947,ln,2021 week 6
112,net_import,2156.304516806719,ln,2021 week 6
113,net_import,3202.4760974740493,ln,2021 week 6
114,net_import,3344.903866804103,ln,2021 week 6
115,net_import,3508.0951099264385,ln,2021 week 6
116,net_import,4347.105822957482,ln,2021 week 6
117,net_import,4683.0354234246115,ln,2021 week 6
118,net_import,6170.889576969959,ln,2021 week 6
119,net_import,4932.334408243543,ln,2021 week 6
120,net_import,5092.961535731919,ln,2021 week 6
121,net_import,5035.852846773497,ln,2021 week 6
122,net_import,4789.843559789433,ln,2021 week 6
123,net_import,4951.47510251996,ln,2021 week 6
124,net_import,5118.491466148369,ln,2021 week 6
125,net_import,5472.1558375248605,ln,2021 week 6
126,net_import,3487.442215276779,ln,2021 week 6
127,net_import,2918.5859381211712,ln,2021 week 6
128,net_import,2815.350532289105,ln,2021 week 6
129,net_import,2133.008162357678,ln,2021 week 6
130,net_import,3098.111572144604,ln,2021 week 6
131,net_import,2929.8509870885982,ln,2021 week 6
132,net_import,3001.324537057658,ln,2021 week 6
133,net_import,2782.7354095224896,ln,2021 week 6
134,net_import,3766.974504452523,ln,2021 week 6
135,net_import,3945.7286999650246,ln,2021 week 6
136,net_import,4553.698818980448,ln,2021 week 6
137,net_import,4892.404085672023,ln,2021 week 6
138,net_import,4417.674935290783,ln,2021 week 6
139,net_import,4161.3324093194915,ln,2021 week 6
140,net_import,4512.004881118243,ln,2021 week 6
141,net_import,4646.552490273667,ln,2021 week 6
142,net_import,6083.175991592536,ln,2021 week 6
143,net_import,4697.710023548812,ln,2021 week 6
144,net_import,4055.0200666038336,ln,2021 week 6
145,net_import,3325.0002250547413,ln,2021 week 6
146,net_import,3337.0454466091046,ln,2021 week 6
147,net_import,3082.7588228645113,ln,2021 week 6
148,net_import,3254.0919655488374,ln,2021 week 6
149,net_import,4918.632319513035,ln,2021 week 6
150,net_import,3757.481545825842,ln,2021 week 6
151,net_import,4492.784389944731,ln,2021 week 6
152,net_import,2369.8243637351316,ln,2021 week 6
153,net_import,1617.8852426513822,ln,2021 week 6
154,net_import,2031.2549126502436,ln,2021 week 6
155,net_import,2305.6232003327423,ln,2021 week 6
156,net_import,1505.9633114039766,ln,2021 week 6
157,net_import,1470.514918802652,ln,2021 week 6
158,net_import,2337.160192321908,ln,2021 week 6
159,net_import,3180.163918967633,ln,2021 week 6
160,net_import,3898.654496483581,ln,2021 week 6
161,net_import,4006.525385879483,ln,2021 week 6
162,net_import,3415.310493357692,ln,2021 week 6
163,net_import,3529.068993092254,ln,2021 week 6
164,net_import,3626.322890975274,ln,2021 week 6
165,net_import,3882.663911485653,ln,2021 week 6
166,net_import,5360.166468055904,ln,2021 week 6
167,net_import,4571.935997096576,ln,2021 week 6
168,net_import,3420.25118746051,ln,2021 week 6
1,nse,0.0,ln,2021 week 6
2,nse,0.0,ln,2021 week 6
3,nse,0.0,ln,2021 week 6
4,nse,0.0,ln,2021 week 6
5,nse,0.0,ln,2021 week 6
6,nse,0.0,ln,2021 week 6
7,nse,0.0,ln,2021 week 6
8,nse,0.0,ln,2021 week 6
9,nse,0.0,ln,2021 week 6
10,nse,0.0,ln,2021 week 6
11,nse,0.0,ln,2021 week 6
12,nse,0.0,ln,2021 week 6
13,nse,0.0,ln,2021 week 6
14,nse,0.0,ln,2021 week 6
15,nse,0.0,ln,2021 week 6
16,nse,0.0,ln,2021 week 6
17,nse,0.0,ln,2021 week 6
18,nse,0.0,ln,2021 week 6
19,nse,0.0,ln,2021 week 6
20,nse,0.0,ln,2021 week 6
21,nse,0.0,ln,2021 week 6
22,nse,0.0,ln,2021 week 6
23,nse,0.0,ln,2021 week 6
24,nse,0.0,ln,2021 week 6
25,nse,0.0,ln,2021 week 6
26,nse,0.0,ln,2021 week 6
27,nse,0.0,ln,2021 week 6
28,nse,0.0,ln,2021 week 6
29,nse,0.0,ln,2021 week 6
30,nse,0.0,ln,2021 week 6
31,nse,0.0,ln,2021 week 6
32,nse,0.0,ln,2021 week 6
33,nse,0.0,ln,2021 week 6
34,nse,0.0,ln,2021 week 6
35,nse,0.0,ln,2021 week 6
36,nse,0.0,ln,2021 week 6
37,nse,0.0,ln,2021 week 6
38,nse,0.0,ln,2021 week 6
39,nse,0.0,ln,2021 week 6
40,nse,0.0,ln,2021 week 6
41,nse,0.0,ln,2021 week 6
42,nse,0.0,ln,2021 week 6
43,nse,0.0,ln,2021 week 6
44,nse,0.0,ln,2021 week 6
45,nse,0.0,ln,2021 week 6
46,nse,0.0,ln,2021 week 6
47,nse,0.0,ln,2021 week 6
48,nse,0.0,ln,2021 week 6
49,nse,0.0,ln,2021 week 6
50,nse,0.0,ln,2021 week 6
51,nse,0.0,ln,2021 week 6
52,nse,0.0,ln,2021 week 6
53,nse,0.0,ln,2021 week 6
54,nse,0.0,ln,2021 week 6
55,nse,0.0,ln,2021 week 6
56,nse,0.0,ln,2021 week 6
57,nse,0.0,ln,2021 week 6
58,nse,0.0,ln,2021 week 6
59,nse,0.0,ln,2021 week 6
60,nse,0.0,ln,2021 week 6
61,nse,0.0,ln,2021 week 6
62,nse,0.0,ln,2021 week 6
63,nse,0.0,ln,2021 week 6
64,nse,0.0,ln,2021 week 6
65,nse,2798.420685226238,ln,2021 week 6
66,nse,3115.9544687,ln,2021 week 6
67,nse,1371.3778690856848,ln,2021 week 6
68,nse,1526.9884146087372,ln,2021 week 6
69,nse,0.0,ln,2021 week 6
70,nse,0.0,ln,2021 week 6
71,nse,0.0,ln,2021 week 6
72,nse,0.0,ln,2021 week 6
73,nse,0.0,ln,2021 week 6
74,nse,0.0,ln,2021 week 6
75,nse,0.0,ln,2021 week 6
76,nse,0.0,ln,2021 week 6
77,nse,0.0,ln,2021 week 6
78,nse,0.0,ln,2021 week 6
79,nse,0.0,ln,2021 week 6
80,nse,0.0,ln,2021 week 6
81,nse,0.0,ln,2021 week 6
82,nse,0.0,ln,2021 week 6
83,nse,0.0,ln,2021 week 6
84,nse,0.0,ln,2021 week 6
85,nse,0.0,ln,2021 week 6
86,nse,0.0,ln,2021 week 6
87,nse,0.0,ln,2021 week 6
88,nse,0.0,ln,2021 week 6
89,nse,0.0,ln,2021 week 6
90,nse,0.0,ln,2021 week 6
91,nse,0.0,ln,2021 week 6
92,nse,0.0,ln,2021 week 6
93,nse,0.0,ln,2021 week 6
94,nse,0.0,ln,2021 week 6
95,nse,0.0,ln,2021 week 6
96,nse,0.0,ln,2021 week 6
97,nse,0.0,ln,2021 week 6
98,nse,0.0,ln,2021 week 6
99,nse,0.0,ln,2021 week 6
100,nse,0.0,ln,2021 week 6
101,nse,0.0,ln,2021 week 6
102,nse,0.0,ln,2021 week 6
103,nse,0.0,ln,2021 week 6
104,nse,0.0,ln,2021 week 6
105,nse,0.0,ln,2021 week 6
106,nse,0.0,ln,2021 week 6
107,nse,0.0,ln,2021 week 6
108,nse,0.0,ln,2021 week 6
109,nse,0.0,ln,2021 week 6
110,nse,0.0,ln,2021 week 6
111,nse,0.0,ln,2021 week 6
112,nse,0.0,ln,2021 week 6
113,nse,0.0,ln,2021 week 6
114,nse,0.0,ln,2021 week 6
115,nse,0.0,ln,2021 week 6
116,nse,0.0,ln,2021 week 6
117,nse,0.0,ln,2021 week 6
118,nse,0.0,ln,2021 week 6
119,nse,0.0,ln,2021 week 6
120,nse,0.0,ln,2021 week 6
121,nse,0.0,ln,2021 week 6
122,nse,0.0,ln,2021 week 6
123,nse,0.0,ln,2021 week 6
124,nse,0.0,ln,2021 week 6
125,nse,0.0,ln,2021 week 6
126,nse,0.0,ln,2021 week 6
127,nse,0.0,ln,2021 week 6
128,nse,0.0,ln,2021 week 6
129,nse,0.0,ln,2021 week 6
130,nse,0.0,ln,2021 week 6
131,nse,0.0,ln,2021 week 6
132,nse,0.0,ln,2021 week 6
133,nse,0.0,ln,2021 week 6
134,nse,0.0,ln,2021 week 6
135,nse,0.0,ln,2021 week 6
136,nse,0.0,ln,2021 week 6
137,nse,0.0,ln,2021 week 6
138,nse,0.0,ln,2021 week 6
139,nse,0.0,ln,2021 week 6
140,nse,0.0,ln,2021 week 6
141,nse,0.0,ln,2021 week 6
142,nse,0.0,ln,2021 week 6
143,nse,0.0,ln,2021 week 6
144,nse,0.0,ln,2021 week 6
145,nse,0.0,ln,2021 week 6
146,nse,0.0,ln,2021 week 6
147,nse,0.0,ln,2021 week 6
148,nse,0.0,ln,2021 week 6
149,nse,0.0,ln,2021 week 6
150,nse,0.0,ln,2021 week 6
151,nse,0.0,ln,2021 week 6
152,nse,0.0,ln,2021 week 6
153,nse,0.0,ln,2021 week 6
154,nse,0.0,ln,2021 week 6
155,nse,0.0,ln,2021 week 6
156,nse,0.0,ln,2021 week 6
157,nse,0.0,ln,2021 week 6
158,nse,0.0,ln,2021 week 6
159,nse,0.0,ln,2021 week 6
160,nse,0.0,ln,2021 week 6
161,nse,0.0,ln,2021 week 6
162,nse,0.0,ln,2021 week 6
163,nse,0.0,ln,2021 week 6
164,nse,0.0,ln,2021 week 6
165,nse,0.0,ln,2021 week 6
166,nse,0.0,ln,2021 week 6
167,nse,0.0,ln,2021 week 6
168,nse,0.0,ln,2021 week 6
1,demand,26601.67845366869,ln,2021 week 6
2,demand,24705.63682743276,ln,2021 week 6
3,demand,24192.68723793189,ln,2021 week 6
4,demand,24191.13523092956,ln,2021 week 6
5,demand,24187.40827116085,ln,2021 week 6
6,demand,24876.364495437778,ln,2021 week 6
7,demand,25855.24596620106,ln,2021 week 6
8,demand,26675.77991320342,ln,2021 week 6
9,demand,28190.06127331135,ln,2021 week 6
10,demand,29330.258311184018,ln,2021 week 6
11,demand,29828.66421256002,ln,2021 week 6
12,demand,29133.468588895103,ln,2021 week 6
13,demand,28671.11885404312,ln,2021 week 6
14,demand,29258.669245869947,ln,2021 week 6
15,demand,29326.817168348436,ln,2021 week 6
16,demand,29479.665287248165,ln,2021 week 6
17,demand,30316.718012381927,ln,2021 week 6
18,demand,28639.08427074415,ln,2021 week 6
19,demand,28294.143306945596,ln,2021 week 6
20,demand,28732.887182739207,ln,2021 week 6
21,demand,28919.453911220167,ln,2021 week 6
22,demand,30433.6553812194,ln,2021 week 6
23,demand,28879.23513471301,ln,2021 week 6
24,demand,27438.524893891943,ln,2021 week 6
25,demand,26452.534100490397,ln,2021 week 6
26,demand,26355.700253290423,ln,2021 week 6
27,demand,24579.44934237369,ln,2021 week 6
28,demand,25068.702529703685,ln,2021 week 6
29,demand,25860.790203075907,ln,2021 week 6
30,demand,26549.009658002928,ln,2021 week 6
31,demand,27539.121086858348,ln,2021 week 6
32,demand,27255.655522710607,ln,2021 week 6
33,demand,28391.079841505492,ln,2021 week 6
34,demand,29592.869958354175,ln,2021 week 6
35,demand,30065.31119830041,ln,2021 week 6
36,demand,29359.16727294797,ln,2021 week 6
37,demand,28897.066185064537,ln,2021 week 6
38,demand,29500.34212092604,ln,2021 week 6
39,demand,29567.972233428343,ln,2021 week 6
40,demand,29729.374144036025,ln,2021 week 6
41,demand,29627.54141080363,ln,2021 week 6
42,demand,28886.13951573515,ln,2021 week 6
43,demand,28542.74799075387,ln,2021 week 6
44,demand,28987.12831143335,ln,2021 week 6
45,demand,29176.389746334873,ln,2021 week 6
46,demand,30705.03227269955,ln,2021 week 6
47,demand,29139.932454713577,ln,2021 week 6
48,demand,27666.139441106407,ln,2021 week 6
49,demand,27033.55974303926,ln,2021 week 6
50,demand,26637.300268139224,ln,2021 week 6
51,demand,26144.35165835982,ln,2021 week 6
52,demand,26142.93096941069,ln,2021 week 6
53,demand,26141.954546985973,ln,2021 week 6
54,demand,26801.88214313653,ln,2021 week 6
55,demand,27744.542839437472,ln,2021 week 6
56,demand,27477.185354752604,ln,2021 week 6
57,demand,28554.160119142696,ln,2021 week 6
58,demand,29702.97056933809,ln,2021 week 6
59,demand,30158.545914542996,ln,2021 week 6
60,demand,29491.35696391836,ln,2021 week 6
61,demand,29054.805178075043,ln,2021 week 6
62,demand,29621.508968078087,ln,2021 week 6
63,demand,29691.727343533126,ln,2021 week 6
64,demand,30807.505798234324,ln,2021 week 6
65,demand,30679.89151642687,ln,2021 week 6
66,demand,29974.91898930125,ln,2021 week 6
67,demand,29659.28903096666,ln,2021 week 6
68,demand,30084.12063336049,ln,2021 week 6
69,demand,29318.268736081365,ln,2021 week 6
70,demand,30783.557460685748,ln,2021 week 6
71,demand,29264.048415718797,ln,2021 week 6
72,demand,27885.08822941778,ln,2021 week 6
73,demand,25696.095705912783,ln,2021 week 6
74,demand,25281.2684678507,ln,2021 week 6
75,demand,24811.76316114431,ln,2021 week 6
76,demand,24810.45889288858,ln,2021 week 6
77,demand,24812.79570684677,ln,2021 week 6
78,demand,26950.25021025742,ln,2021 week 6
79,demand,27838.92277770469,ln,2021 week 6
80,demand,27583.432411164067,ln,2021 week 6
81,demand,28621.642370068465,ln,2021 week 6
82,demand,29722.334570068462,ln,2021 week 6
83,demand,30155.847470803328,ln,2021 week 6
84,demand,29501.80736463275,ln,2021 week 6
85,demand,29080.341195337533,ln,2021 week 6
86,demand,29633.971479133987,ln,2021 week 6
87,demand,29691.08175342651,ln,2021 week 6
88,demand,29835.555057789425,ln,2021 week 6
89,demand,30126.62358099512,ln,2021 week 6
90,demand,30012.86462069414,ln,2021 week 6
91,demand,29693.22779262591,ln,2021 week 6
92,demand,30099.08806126707,ln,2021 week 6
93,demand,30275.429462128577,ln,2021 week 6
94,demand,30751.43775998745,ln,2021 week 6
95,demand,29282.41301569786,ln,2021 week 6
96,demand,27935.28499110093,ln,2021 week 6
97,demand,27099.078882348374,ln,2021 week 6
98,demand,26232.03539583074,ln,2021 week 6
99,demand,25103.415156124654,ln,2021 week 6
100,demand,24793.44440257401,ln,2021 week 6
101,demand,24791.705378233033,ln,2021 week 6
102,demand,25401.294619359127,ln,2021 week 6
103,demand,27772.55527149633,ln,2021 week 6
104,demand,27514.431383674764,ln,2021 week 6
105,demand,28490.988742294147,ln,2021 week 6
106,demand,29549.94665131418,ln,2021 week 6
107,demand,29968.08651717462,ln,2021 week 6
108,demand,29342.848982527015,ln,2021 week 6
109,demand,28948.218615402755,ln,2021 week 6
110,demand,29474.18347309022,ln,2021 week 6
111,demand,29540.45363382019,ln,2021 week 6
112,demand,29679.78062680652,ln,2021 week 6
113,demand,30545.61185747385,ln,2021 week 6
114,demand,29895.7730268039,ln,2021 week 6
115,demand,29593.70596992624,ln,2021 week 6
116,demand,29992.41234295728,ln,2021 week 6
117,demand,30163.385398424412,ln,2021 week 6
118,demand,30838.073853740287,ln,2021 week 6
119,demand,29164.301678243344,ln,2021 week 6
120,demand,27867.646085963323,ln,2021 week 6
121,demand,27097.522846773296,ln,2021 week 6
122,demand,26728.14564784125,ln,2021 week 6
123,demand,26282.70123790419,ln,2021 week 6
124,demand,26283.89553358528,ln,2021 week 6
125,demand,26286.839607688187,ln,2021 week 6
126,demand,26883.47481527658,ln,2021 week 6
127,demand,27748.69178830889,ln,2021 week 6
128,demand,27498.52888210098,ln,2021 week 6
129,demand,28492.928647357476,ln,2021 week 6
130,demand,29555.642157144404,ln,2021 week 6
131,demand,29972.982342088395,ln,2021 week 6
132,demand,29354.75453705746,ln,2021 week 6
133,demand,28949.74540952229,ln,2021 week 6
134,demand,29486.999281713855,ln,2021 week 6
135,demand,29551.571411201356,ln,2021 week 6
136,demand,29697.06192898025,ln,2021 week 6
137,demand,30557.606845671824,ln,2021 week 6
138,demand,29153.042740507408,ln,2021 week 6
139,demand,28645.329269319293,ln,2021 week 6
140,demand,29037.307726118044,ln,2021 week 6
141,demand,29206.03446527347,ln,2021 week 6
142,demand,30602.595116592332,ln,2021 week 6
143,demand,29164.46929354861,ln,2021 week 6
144,demand,27861.72837660363,ln,2021 week 6
145,demand,26079.99732505454,ln,2021 week 6
146,demand,25720.8380466089,ln,2021 week 6
147,demand,25284.40882286431,ln,2021 week 6
148,demand,25288.049860285577,ln,2021 week 6
149,demand,25299.7934212141,ln,2021 week 6
150,demand,25887.0728836313,ln,2021 week 6
151,demand,26745.244389944528,ln,2021 week 6
152,demand,26483.631463734935,ln,2021 week 6
153,demand,27453.902483550937,ln,2021 week 6
154,demand,28492.193382650046,ln,2021 week 6
155,demand,29063.96135680619,ln,2021 week 6
156,demand,28286.946556403775,ln,2021 week 6
157,demand,27893.40411385895,ln,2021 week 6
158,demand,28415.01878732171,ln,2021 week 6
159,demand,28481.531958910935,ln,2021 week 6
160,demand,28625.769556483378,ln,2021 week 6
161,demand,28531.638720879284,ln,2021 week 6
162,demand,27890.97785335749,ln,2021 week 6
163,demand,27595.15416461099,ln,2021 week 6
164,demand,27979.317634456136,ln,2021 week 6
165,demand,28146.907941485453,ln,2021 week 6
166,demand,29526.622328055702,ln,2021 week 6
167,demand,28113.176091850393,ln,2021 week 6
168,demand,26835.41153246031,ln,2021 week 6
1,net_export,-1e-10,sd,2021 week 6
2,net_export,-1e-10,sd,2021 week 6
3,net_export,-1e-10,sd,2021 week 6
4,net_export,-1e-10,sd,2021 week 6
5,net_export,-1e-10,sd,2021 week 6
6,net_export,-1e-10,sd,2021 week 6
7,net_export,-1e-10,sd,2021 week 6
8,net_export,-1e-10,sd,2021 week 6
9,net_export,-1e-10,sd,2021 week 6
10,net_export,-1e-10,sd,2021 week 6
11,net_export,-1e-10,sd,2021 week 6
12,net_export,-1e-10,sd,2021 week 6
13,net_export,-1e-10,sd,2021 week 6
14,net_export,-1e-10,sd,2021 week 6
15,net_export,-1e-10,sd,2021 week 6
16,net_export,-1e-10,sd,2021 week 6
17,net_export,-1e-10,sd,2021 week 6
18,net_export,-1e-10,sd,2021 week 6
19,net_export,-1e-10,sd,2021 week 6
20,net_export,-1e-10,sd,2021 week 6
21,net_export,-1e-10,sd,2021 week 6
22,net_export,-1e-10,sd,2021 week 6
23,net_export,-1e-10,sd,2021 week 6
24,net_export,-1e-10,sd,2021 week 6
25,net_export,-1e-10,sd,2021 week 6
26,net_export,-1e-10,sd,2021 week 6
27,net_export,-1e-10,sd,2021 week 6
28,net_export,-1e-10,sd,2021 week 6
29,net_export,-1e-10,sd,2021 week 6
30,net_export,-1e-10,sd,2021 week 6
31,net_export,-1e-10,sd,2021 week 6
32,net_export,-1e-10,sd,2021 week 6
33,net_export,-1e-10,sd,2021 week 6
34,net_export,-1e-10,sd,2021 week 6
35,net_export,-1e-10,sd,2021 week 6
36,net_export,-1e-10,sd,2021 week 6
37,net_export,-1e-10,sd,2021 week 6
38,net_export,-1e-10,sd,2021 week 6
39,net_export,-1e-10,sd,2021 week 6
40,net_export,-1e-10,sd,2021 week 6
41,net_export,-1e-10,sd,2021 week 6
42,net_export,-1e-10,sd,2021 week 6
43,net_export,-1e-10,sd,2021 week 6
44,net_export,-1e-10,sd,2021 week 6
45,net_export,-1e-10,sd,2021 week 6
46,net_export,-1e-10,sd,2021 week 6
47,net_export,-1e-10,sd,2021 week 6
48,net_export,-1e-10,sd,2021 week 6
49,net_export,-1e-10,sd,2021 week 6
50,net_export,-1e-10,sd,2021 week 6
51,net_export,-1e-10,sd,2021 week 6
52,net_export,-1e-10,sd,2021 week 6
53,net_export,-1e-10,sd,2021 week 6
54,net_export,-1e-10,sd,2021 week 6
55,net_export,-1e-10,sd,2021 week 6
56,net_export,-1e-10,sd,2021 week 6
57,net_export,-1e-10,sd,2021 week 6
58,net_export,-1e-10,sd,2021 week 6
59,net_export,-1e-10,sd,2021 week 6
60,net_export,-1e-10,sd,2021 week 6
61,net_export,-1e-10,sd,2021 week 6
62,net_export,-1e-10,sd,2021 week 6
63,net_export,-1e-10,sd,2021 week 6
64,net_export,-1e-10,sd,2021 week 6
65,net_export,-1e-10,sd,2021 week 6
66,net_export,-1e-10,sd,2021 week 6
67,net_export,-1e-10,sd,2021 week 6
68,net_export,-1e-10,sd,2021 week 6
69,net_export,-1e-10,sd,2021 week 6
70,net_export,-1e-10,sd,2021 week 6
71,net_export,-1e-10,sd,2021 week 6
72,net_export,-1e-10,sd,2021 week 6
73,net_export,-1e-10,sd,2021 week 6
74,net_export,-1e-10,sd,2021 week 6
75,net_export,-1e-10,sd,2021 week 6
76,net_export,-1e-10,sd,2021 week 6
77,net_export,-1e-10,sd,2021 week 6
78,net_export,-1e-10,sd,2021 week 6
79,net_export,-1e-10,sd,2021 week 6
80,net_export,-1e-10,sd,2021 week 6
81,net_export,-1e-10,sd,2021 week 6
82,net_export,-1e-10,sd,2021 week 6
83,net_export,-1e-10,sd,2021 week 6
84,net_export,-1e-10,sd,2021 week 6
85,net_export,-1e-10,sd,2021 week 6
86,net_export,-1e-10,sd,2021 week 6
87,net_export,-1e-10,sd,2021 week 6
88,net_export,-1e-10,sd,2021 week 6
89,net_export,-1e-10,sd,2021 week 6
90,net_export,-1e-10,sd,2021 week 6
91,net_export,-1e-10,sd,2021 week 6
92,net_export,-1e-10,sd,2021 week 6
93,net_export,-1e-10,sd,2021 week 6
94,net_export,-1e-10,sd,2021 week 6
95,net_export,-1e-10,sd,2021 week 6
96,net_export,-1e-10,sd,2021 week 6
97,net_export,-1e-10,sd,2021 week 6
98,net_export,-1e-10,sd,2021 week 6
99,net_export,-1e-10,sd,2021 week 6
100,net_export,-1e-10,sd,2021 week 6
101,net_export,-1e-10,sd,2021 week 6
102,net_export,-1e-10,sd,2021 week 6
103,net_export,-1e-10,sd,2021 week 6
104,net_export,-1e-10,sd,2021 week 6
105,net_export,-1e-10,sd,2021 week 6
106,net_export,-1e-10,sd,2021 week 6
107,net_export,-1e-10,sd,2021 week 6
108,net_export,-1e-10,sd,2021 week 6
109,net_export,-1e-10,sd,2021 week 6
110,net_export,-1e-10,sd,2021 week 6
111,net_export,-1e-10,sd,2021 week 6
112,net_export,-1e-10,sd,2021 week 6
113,net_export,-1e-10,sd,2021 week 6
114,net_export,-1e-10,sd,2021 week 6
115,net_export,-1e-10,sd,2021 week 6
116,net_export,-1e-10,sd,2021 week 6
117,net_export,-1e-10,sd,2021 week 6
118,net_export,-1e-10,sd,2021 week 6
119,net_export,-1e-10,sd,2021 week 6
120,net_export,-1e-10,sd,2021 week 6
121,net_export,-1e-10,sd,2021 week 6
122,net_export,-1e-10,sd,2021 week 6
123,net_export,-1e-10,sd,2021 week 6
124,net_export,-1e-10,sd,2021 week 6
125,net_export,-1e-10,sd,2021 week 6
126,net_export,-1e-10,sd,2021 week 6
127,net_export,-1e-10,sd,2021 week 6
128,net_export,-1e-10,sd,2021 week 6
129,net_export,-1e-10,sd,2021 week 6
130,net_export,-1e-10,sd,2021 week 6
131,net_export,-1e-10,sd,2021 week 6
132,net_export,-1e-10,sd,2021 week 6
133,net_export,-1e-10,sd,2021 week 6
134,net_export,-1e-10,sd,2021 week 6
135,net_export,-1e-10,sd,2021 week 6
136,net_export,-1e-10,sd,2021 week 6
137,net_export,-1e-10,sd,2021 week 6
138,net_export,-1e-10,sd,2021 week 6
139,net_export,-1e-10,sd,2021 week 6
140,net_export,-1e-10,sd,2021 week 6
141,net_export,-1e-10,sd,2021 week 6
142,net_export,-1e-10,sd,2021 week 6
143,net_export,-1e-10,sd,2021 week 6
144,net_export,-1e-10,sd,2021 week 6
145,net_export,-1e-10,sd,2021 week 6
146,net_export,-1e-10,sd,2021 week 6
147,net_export,-1e-10,sd,2021 week 6
148,net_export,-1e-10,sd,2021 week 6
149,net_export,-1e-10,sd,2021 week 6
150,net_export,-1e-10,sd,2021 week 6
151,net_export,-1e-10,sd,2021 week 6
152,net_export,-1e-10,sd,2021 week 6
153,net_export,-1e-10,sd,2021 week 6
154,net_export,-1e-10,sd,2021 week 6
155,net_export,-1e-10,sd,2021 week 6
156,net_export,-1e-10,sd,2021 week 6
157,net_export,-1e-10,sd,2021 week 6
158,net_export,-1e-10,sd,2021 week 6
159,net_export,-1e-10,sd,2021 week 6
160,net_export,-1e-10,sd,2021 week 6
161,net_export,-1e-10,sd,2021 week 6
162,net_export,-1e-10,sd,2021 week 6
163,net_export,-1e-10,sd,2021 week 6
164,net_export,-1e-10,sd,2021 week 6
165,net_export,-1e-10,sd,2021 week 6
166,net_export,-1e-10,sd,2021 week 6
167,net_export,-1e-10,sd,2021 week 6
168,net_export,-1e-10,sd,2021 week 6
1,charge,-1e-10,sd,2021 week 6
2,charge,-1e-10,sd,2021 week 6
3,charge,-1e-10,sd,2021 week 6
4,charge,-1e-10,sd,2021 week 6
5,charge,-1e-10,sd,2021 week 6
6,charge,-1e-10,sd,2021 week 6
7,charge,-1e-10,sd,2021 week 6
8,charge,-1e-10,sd,2021 week 6
9,charge,-1e-10,sd,2021 week 6
10,charge,-1e-10,sd,2021 week 6
11,charge,-1e-10,sd,2021 week 6
12,charge,-1e-10,sd,2021 week 6
13,charge,-1e-10,sd,2021 week 6
14,charge,-1e-10,sd,2021 week 6
15,charge,-1e-10,sd,2021 week 6
16,charge,-1e-10,sd,2021 week 6
17,charge,-1e-10,sd,2021 week 6
18,charge,-1e-10,sd,2021 week 6
19,charge,-1e-10,sd,2021 week 6
20,charge,-1e-10,sd,2021 week 6
21,charge,-1e-10,sd,2021 week 6
22,charge,-1e-10,sd,2021 week 6
23,charge,-1e-10,sd,2021 week 6
24,charge,-1e-10,sd,2021 week 6
25,charge,-1e-10,sd,2021 week 6
26,charge,-1e-10,sd,2021 week 6
27,charge,-1e-10,sd,2021 week 6
28,charge,-1e-10,sd,2021 week 6
29,charge,-1e-10,sd,2021 week 6
30,charge,-1e-10,sd,2021 week 6
31,charge,-1e-10,sd,2021 week 6
32,charge,-1e-10,sd,2021 week 6
33,charge,-1e-10,sd,2021 week 6
34,charge,-1e-10,sd,2021 week 6
35,charge,-1e-10,sd,2021 week 6
36,charge,-1e-10,sd,2021 week 6
37,charge,-1e-10,sd,2021 week 6
38,charge,-1e-10,sd,2021 week 6
39,charge,-1e-10,sd,2021 week 6
40,charge,-1e-10,sd,2021 week 6
41,charge,-1e-10,sd,2021 week 6
42,charge,-1e-10,sd,2021 week 6
43,charge,-1e-10,sd,2021 week 6
44,charge,-1e-10,sd,2021 week 6
45,charge,-1e-10,sd,2021 week 6
46,charge,-1e-10,sd,2021 week 6
47,charge,-1e-10,sd,2021 week 6
48,charge,-1e-10,sd,2021 week 6
49,charge,-1e-10,sd,2021 week 6
50,charge,-1e-10,sd,2021 week 6
51,charge,-1e-10,sd,2021 week 6
52,charge,-1e-10,sd,2021 week 6
53,charge,-1e-10,sd,2021 week 6
54,charge,-1e-10,sd,2021 week 6
55,charge,-1e-10,sd,2021 week 6
56,charge,-1e-10,sd,2021 week 6
57,charge,-1e-10,sd,2021 week 6
58,charge,-1e-10,sd,2021 week 6
59,charge,-1e-10,sd,2021 week 6
60,charge,-1e-10,sd,2021 week 6
61,charge,-1e-10,sd,2021 week 6
62,charge,-1e-10,sd,2021 week 6
63,charge,-1e-10,sd,2021 week 6
64,charge,-1e-10,sd,2021 week 6
65,charge,-1e-10,sd,2021 week 6
66,charge,-1e-10,sd,2021 week 6
67,charge,-1e-10,sd,2021 week 6
68,charge,-1e-10,sd,2021 week 6
69,charge,-1e-10,sd,2021 week 6
70,charge,-1e-10,sd,2021 week 6
71,charge,-1e-10,sd,2021 week 6
72,charge,-1e-10,sd,2021 week 6
73,charge,-1e-10,sd,2021 week 6
74,charge,-1e-10,sd,2021 week 6
75,charge,-1e-10,sd,2021 week 6
76,charge,-1e-10,sd,2021 week 6
77,charge,-1e-10,sd,2021 week 6
78,charge,-1e-10,sd,2021 week 6
79,charge,-1e-10,sd,2021 week 6
80,charge,-1e-10,sd,2021 week 6
81,charge,-1e-10,sd,2021 week 6
82,charge,-1e-10,sd,2021 week 6
83,charge,-1e-10,sd,2021 week 6
84,charge,-1e-10,sd,2021 week 6
85,charge,-1e-10,sd,2021 week 6
86,charge,-1e-10,sd,2021 week 6
87,charge,-1e-10,sd,2021 week 6
88,charge,-1e-10,sd,2021 week 6
89,charge,-1e-10,sd,2021 week 6
90,charge,-1e-10,sd,2021 week 6
91,charge,-1e-10,sd,2021 week 6
92,charge,-1e-10,sd,2021 week 6
93,charge,-1e-10,sd,2021 week 6
94,charge,-1e-10,sd,2021 week 6
95,charge,-1e-10,sd,2021 week 6
96,charge,-1e-10,sd,2021 week 6
97,charge,-1e-10,sd,2021 week 6
98,charge,-1e-10,sd,2021 week 6
99,charge,-1e-10,sd,2021 week 6
100,charge,-1e-10,sd,2021 week 6
101,charge,-1e-10,sd,2021 week 6
102,charge,-1e-10,sd,2021 week 6
103,charge,-1e-10,sd,2021 week 6
104,charge,-1e-10,sd,2021 week 6
105,charge,-1e-10,sd,2021 week 6
106,charge,-1e-10,sd,2021 week 6
107,charge,-1e-10,sd,2021 week 6
108,charge,-1e-10,sd,2021 week 6
109,charge,-1e-10,sd,2021 week 6
110,charge,-1e-10,sd,2021 week 6
111,charge,-1e-10,sd,2021 week 6
112,charge,-1e-10,sd,2021 week 6
113,charge,-1e-10,sd,2021 week 6
114,charge,-1e-10,sd,2021 week 6
115,charge,-1e-10,sd,2021 week 6
116,charge,-1e-10,sd,2021 week 6
117,charge,-1e-10,sd,2021 week 6
118,charge,-1e-10,sd,2021 week 6
119,charge,-1e-10,sd,2021 week 6
120,charge,-1e-10,sd,2021 week 6
121,charge,-1e-10,sd,2021 week 6
122,charge,-1e-10,sd,2021 week 6
123,charge,-1e-10,sd,2021 week 6
124,charge,-1e-10,sd,2021 week 6
125,charge,-1e-10,sd,2021 week 6
126,charge,-1e-10,sd,2021 week 6
127,charge,-1e-10,sd,2021 week 6
128,charge,-1e-10,sd,2021 week 6
129,charge,-1e-10,sd,2021 week 6
130,charge,-1e-10,sd,2021 week 6
131,charge,-1e-10,sd,2021 week 6
132,charge,-1e-10,sd,2021 week 6
133,charge,-1e-10,sd,2021 week 6
134,charge,-1e-10,sd,2021 week 6
135,charge,-1e-10,sd,2021 week 6
136,charge,-1e-10,sd,2021 week 6
137,charge,-1e-10,sd,2021 week 6
138,charge,-1e-10,sd,2021 week 6
139,charge,-1e-10,sd,2021 week 6
140,charge,-1e-10,sd,2021 week 6
141,charge,-1e-10,sd,2021 week 6
142,charge,-1e-10,sd,2021 week 6
143,charge,-1e-10,sd,2021 week 6
144,charge,-1e-10,sd,2021 week 6
145,charge,-1e-10,sd,2021 week 6
146,charge,-1e-10,sd,2021 week 6
147,charge,-1e-10,sd,2021 week 6
148,charge,-1e-10,sd,2021 week 6
149,charge,-1e-10,sd,2021 week 6
150,charge,-1e-10,sd,2021 week 6
151,charge,-1e-10,sd,2021 week 6
152,charge,-1e-10,sd,2021 week 6
153,charge,-1e-10,sd,2021 week 6
154,charge,-1e-10,sd,2021 week 6
155,charge,-1e-10,sd,2021 week 6
156,charge,-1e-10,sd,2021 week 6
157,charge,-1e-10,sd,2021 week 6
158,charge,-1e-10,sd,2021 week 6
159,charge,-1e-10,sd,2021 week 6
160,charge,-1e-10,sd,2021 week 6
161,charge,-1e-10,sd,2021 week 6
162,charge,-1e-10,sd,2021 week 6
163,charge,-1e-10,sd,2021 week 6
164,charge,-1e-10,sd,2021 week 6
165,charge,-1e-10,sd,2021 week 6
166,charge,-1e-10,sd,2021 week 6
167,charge,-1e-10,sd,2021 week 6
168,charge,-1e-10,sd,2021 week 6
1,nuclear,0.0,sd,2021 week 6
2,nuclear,0.0,sd,2021 week 6
3,nuclear,0.0,sd,2021 week 6
4,nuclear,0.0,sd,2021 week 6
5,nuclear,0.0,sd,2021 week 6
6,nuclear,0.0,sd,2021 week 6
7,nuclear,0.0,sd,2021 week 6
8,nuclear,0.0,sd,2021 week 6
9,nuclear,0.0,sd,2021 week 6
10,nuclear,0.0,sd,2021 week 6
11,nuclear,0.0,sd,2021 week 6
12,nuclear,0.0,sd,2021 week 6
13,nuclear,0.0,sd,2021 week 6
14,nuclear,0.0,sd,2021 week 6
15,nuclear,0.0,sd,2021 week 6
16,nuclear,0.0,sd,2021 week 6
17,nuclear,0.0,sd,2021 week 6
18,nuclear,0.0,sd,2021 week 6
19,nuclear,0.0,sd,2021 week 6
20,nuclear,0.0,sd,2021 week 6
21,nuclear,0.0,sd,2021 week 6
22,nuclear,0.0,sd,2021 week 6
23,nuclear,0.0,sd,2021 week 6
24,nuclear,0.0,sd,2021 week 6
25,nuclear,0.0,sd,2021 week 6
26,nuclear,0.0,sd,2021 week 6
27,nuclear,0.0,sd,2021 week 6
28,nuclear,0.0,sd,2021 week 6
29,nuclear,0.0,sd,2021 week 6
30,nuclear,0.0,sd,2021 week 6
31,nuclear,0.0,sd,2021 week 6
32,nuclear,0.0,sd,2021 week 6
33,nuclear,0.0,sd,2021 week 6
34,nuclear,0.0,sd,2021 week 6
35,nuclear,0.0,sd,2021 week 6
36,nuclear,0.0,sd,2021 week 6
37,nuclear,0.0,sd,2021 week 6
38,nuclear,0.0,sd,2021 week 6
39,nuclear,0.0,sd,2021 week 6
40,nuclear,0.0,sd,2021 week 6
41,nuclear,0.0,sd,2021 week 6
42,nuclear,0.0,sd,2021 week 6
43,nuclear,0.0,sd,2021 week 6
44,nuclear,0.0,sd,2021 week 6
45,nuclear,0.0,sd,2021 week 6
46,nuclear,0.0,sd,2021 week 6
47,nuclear,0.0,sd,2021 week 6
48,nuclear,0.0,sd,2021 week 6
49,nuclear,0.0,sd,2021 week 6
50,nuclear,0.0,sd,2021 week 6
51,nuclear,0.0,sd,2021 week 6
52,nuclear,0.0,sd,2021 week 6
53,nuclear,0.0,sd,2021 week 6
54,nuclear,0.0,sd,2021 week 6
55,nuclear,0.0,sd,2021 week 6
56,nuclear,0.0,sd,2021 week 6
57,nuclear,0.0,sd,2021 week 6
58,nuclear,0.0,sd,2021 week 6
59,nuclear,0.0,sd,2021 week 6
60,nuclear,0.0,sd,2021 week 6
61,nuclear,0.0,sd,2021 week 6
62,nuclear,0.0,sd,2021 week 6
63,nuclear,0.0,sd,2021 week 6
64,nuclear,0.0,sd,2021 week 6
65,nuclear,0.0,sd,2021 week 6
66,nuclear,0.0,sd,2021 week 6
67,nuclear,0.0,sd,2021 week 6
68,nuclear,0.0,sd,2021 week 6
69,nuclear,0.0,sd,2021 week 6
70,nuclear,0.0,sd,2021 week 6
71,nuclear,0.0,sd,2021 week 6
72,nuclear,0.0,sd,2021 week 6
73,nuclear,0.0,sd,2021 week 6
74,nuclear,0.0,sd,2021 week 6
75,nuclear,0.0,sd,2021 week 6
76,nuclear,0.0,sd,2021 week 6
77,nuclear,0.0,sd,2021 week 6
78,nuclear,0.0,sd,2021 week 6
79,nuclear,0.0,sd,2021 week 6
80,nuclear,0.0,sd,2021 week 6
81,nuclear,0.0,sd,2021 week 6
82,nuclear,0.0,sd,2021 week 6
83,nuclear,0.0,sd,2021 week 6
84,nuclear,0.0,sd,2021 week 6
85,nuclear,0.0,sd,2021 week 6
86,nuclear,0.0,sd,2021 week 6
87,nuclear,0.0,sd,2021 week 6
88,nuclear,0.0,sd,2021 week 6
89,nuclear,0.0,sd,2021 week 6
90,nuclear,0.0,sd,2021 week 6
91,nuclear,0.0,sd,2021 week 6
92,nuclear,0.0,sd,2021 week 6
93,nuclear,0.0,sd,2021 week 6
94,nuclear,0.0,sd,2021 week 6
95,nuclear,0.0,sd,2021 week 6
96,nuclear,0.0,sd,2021 week 6
97,nuclear,0.0,sd,2021 week 6
98,nuclear,0.0,sd,2021 week 6
99,nuclear,0.0,sd,2021 week 6
100,nuclear,0.0,sd,2021 week 6
101,nuclear,0.0,sd,2021 week 6
102,nuclear,0.0,sd,2021 week 6
103,nuclear,0.0,sd,2021 week 6
104,nuclear,0.0,sd,2021 week 6
105,nuclear,0.0,sd,2021 week 6
106,nuclear,0.0,sd,2021 week 6
107,nuclear,0.0,sd,2021 week 6
108,nuclear,0.0,sd,2021 week 6
109,nuclear,0.0,sd,2021 week 6
110,nuclear,0.0,sd,2021 week 6
111,nuclear,0.0,sd,2021 week 6
112,nuclear,0.0,sd,2021 week 6
113,nuclear,0.0,sd,2021 week 6
114,nuclear,0.0,sd,2021 week 6
115,nuclear,0.0,sd,2021 week 6
116,nuclear,0.0,sd,2021 week 6
117,nuclear,0.0,sd,2021 week 6
118,nuclear,0.0,sd,2021 week 6
119,nuclear,0.0,sd,2021 week 6
120,nuclear,0.0,sd,2021 week 6
121,nuclear,0.0,sd,2021 week 6
122,nuclear,0.0,sd,2021 week 6
123,nuclear,0.0,sd,2021 week 6
124,nuclear,0.0,sd,2021 week 6
125,nuclear,0.0,sd,2021 week 6
126,nuclear,0.0,sd,2021 week 6
127,nuclear,0.0,sd,2021 week 6
128,nuclear,0.0,sd,2021 week 6
129,nuclear,0.0,sd,2021 week 6
130,nuclear,0.0,sd,2021 week 6
131,nuclear,0.0,sd,2021 week 6
132,nuclear,0.0,sd,2021 week 6
133,nuclear,0.0,sd,2021 week 6
134,nuclear,0.0,sd,2021 week 6
135,nuclear,0.0,sd,2021 week 6
136,nuclear,0.0,sd,2021 week 6
137,nuclear,0.0,sd,2021 week 6
138,nuclear,0.0,sd,2021 week 6
139,nuclear,0.0,sd,2021 week 6
140,nuclear,0.0,sd,2021 week 6
141,nuclear,0.0,sd,2021 week 6
142,nuclear,0.0,sd,2021 week 6
143,nuclear,0.0,sd,2021 week 6
144,nuclear,0.0,sd,2021 week 6
145,nuclear,0.0,sd,2021 week 6
146,nuclear,0.0,sd,2021 week 6
147,nuclear,0.0,sd,2021 week 6
148,nuclear,0.0,sd,2021 week 6
149,nuclear,0.0,sd,2021 week 6
150,nuclear,0.0,sd,2021 week 6
151,nuclear,0.0,sd,2021 week 6
152,nuclear,0.0,sd,2021 week 6
153,nuclear,0.0,sd,2021 week 6
154,nuclear,0.0,sd,2021 week 6
155,nuclear,0.0,sd,2021 week 6
156,nuclear,0.0,sd,2021 week 6
157,nuclear,0.0,sd,2021 week 6
158,nuclear,0.0,sd,2021 week 6
159,nuclear,0.0,sd,2021 week 6
160,nuclear,0.0,sd,2021 week 6
161,nuclear,0.0,sd,2021 week 6
162,nuclear,0.0,sd,2021 week 6
163,nuclear,0.0,sd,2021 week 6
164,nuclear,0.0,sd,2021 week 6
165,nuclear,0.0,sd,2021 week 6
166,nuclear,0.0,sd,2021 week 6
167,nuclear,0.0,sd,2021 week 6
168,nuclear,0.0,sd,2021 week 6
1,coal,0.0,sd,2021 week 6
2,coal,0.0,sd,2021 week 6
3,coal,0.0,sd,2021 week 6
4,coal,0.0,sd,2021 week 6
5,coal,0.0,sd,2021 week 6
6,coal,0.0,sd,2021 week 6
7,coal,0.0,sd,2021 week 6
8,coal,0.0,sd,2021 week 6
9,coal,0.0,sd,2021 week 6
10,coal,0.0,sd,2021 week 6
11,coal,0.0,sd,2021 week 6
12,coal,0.0,sd,2021 week 6
13,coal,0.0,sd,2021 week 6
14,coal,0.0,sd,2021 week 6
15,coal,0.0,sd,2021 week 6
16,coal,0.0,sd,2021 week 6
17,coal,0.0,sd,2021 week 6
18,coal,0.0,sd,2021 week 6
19,coal,0.0,sd,2021 week 6
20,coal,0.0,sd,2021 week 6
21,coal,0.0,sd,2021 week 6
22,coal,0.0,sd,2021 week 6
23,coal,0.0,sd,2021 week 6
24,coal,0.0,sd,2021 week 6
25,coal,0.0,sd,2021 week 6
26,coal,0.0,sd,2021 week 6
27,coal,0.0,sd,2021 week 6
28,coal,0.0,sd,2021 week 6
29,coal,0.0,sd,2021 week 6
30,coal,0.0,sd,2021 week 6
31,coal,0.0,sd,2021 week 6
32,coal,0.0,sd,2021 week 6
33,coal,0.0,sd,2021 week 6
34,coal,0.0,sd,2021 week 6
35,coal,0.0,sd,2021 week 6
36,coal,0.0,sd,2021 week 6
37,coal,0.0,sd,2021 week 6
38,coal,0.0,sd,2021 week 6
39,coal,0.0,sd,2021 week 6
40,coal,0.0,sd,2021 week 6
41,coal,0.0,sd,2021 week 6
42,coal,0.0,sd,2021 week 6
43,coal,0.0,sd,2021 week 6
44,coal,0.0,sd,2021 week 6
45,coal,0.0,sd,2021 week 6
46,coal,0.0,sd,2021 week 6
47,coal,0.0,sd,2021 week 6
48,coal,0.0,sd,2021 week 6
49,coal,0.0,sd,2021 week 6
50,coal,0.0,sd,2021 week 6
51,coal,0.0,sd,2021 week 6
52,coal,0.0,sd,2021 week 6
53,coal,0.0,sd,2021 week 6
54,coal,0.0,sd,2021 week 6
55,coal,0.0,sd,2021 week 6
56,coal,0.0,sd,2021 week 6
57,coal,0.0,sd,2021 week 6
58,coal,0.0,sd,2021 week 6
59,coal,0.0,sd,2021 week 6
60,coal,0.0,sd,2021 week 6
61,coal,0.0,sd,2021 week 6
62,coal,0.0,sd,2021 week 6
63,coal,0.0,sd,2021 week 6
64,coal,0.0,sd,2021 week 6
65,coal,0.0,sd,2021 week 6
66,coal,0.0,sd,2021 week 6
67,coal,0.0,sd,2021 week 6
68,coal,0.0,sd,2021 week 6
69,coal,0.0,sd,2021 week 6
70,coal,0.0,sd,2021 week 6
71,coal,0.0,sd,2021 week 6
72,coal,0.0,sd,2021 week 6
73,coal,0.0,sd,2021 week 6
74,coal,0.0,sd,2021 week 6
75,coal,0.0,sd,2021 week 6
76,coal,0.0,sd,2021 week 6
77,coal,0.0,sd,2021 week 6
78,coal,0.0,sd,2021 week 6
79,coal,0.0,sd,2021 week 6
80,coal,0.0,sd,2021 week 6
81,coal,0.0,sd,2021 week 6
82,coal,0.0,sd,2021 week 6
83,coal,0.0,sd,2021 week 6
84,coal,0.0,sd,2021 week 6
85,coal,0.0,sd,2021 week 6
86,coal,0.0,sd,2021 week 6
87,coal,0.0,sd,2021 week 6
88,coal,0.0,sd,2021 week 6
89,coal,0.0,sd,2021 week 6
90,coal,0.0,sd,2021 week 6
91,coal,0.0,sd,2021 week 6
92,coal,0.0,sd,2021 week 6
93,coal,0.0,sd,2021 week 6
94,coal,0.0,sd,2021 week 6
95,coal,0.0,sd,2021 week 6
96,coal,0.0,sd,2021 week 6
97,coal,0.0,sd,2021 week 6
98,coal,0.0,sd,2021 week 6
99,coal,0.0,sd,2021 week 6
100,coal,0.0,sd,2021 week 6
101,coal,0.0,sd,2021 week 6
102,coal,0.0,sd,2021 week 6
103,coal,0.0,sd,2021 week 6
104,coal,0.0,sd,2021 week 6
105,coal,0.0,sd,2021 week 6
106,coal,0.0,sd,2021 week 6
107,coal,0.0,sd,2021 week 6
108,coal,0.0,sd,2021 week 6
109,coal,0.0,sd,2021 week 6
110,coal,0.0,sd,2021 week 6
111,coal,0.0,sd,2021 week 6
112,coal,0.0,sd,2021 week 6
113,coal,0.0,sd,2021 week 6
114,coal,0.0,sd,2021 week 6
115,coal,0.0,sd,2021 week 6
116,coal,0.0,sd,2021 week 6
117,coal,0.0,sd,2021 week 6
118,coal,0.0,sd,2021 week 6
119,coal,0.0,sd,2021 week 6
120,coal,0.0,sd,2021 week 6
121,coal,0.0,sd,2021 week 6
122,coal,0.0,sd,2021 week 6
123,coal,0.0,sd,2021 week 6
124,coal,0.0,sd,2021 week 6
125,coal,0.0,sd,2021 week 6
126,coal,0.0,sd,2021 week 6
127,coal,0.0,sd,2021 week 6
128,coal,0.0,sd,2021 week 6
129,coal,0.0,sd,2021 week 6
130,coal,0.0,sd,2021 week 6
131,coal,0.0,sd,2021 week 6
132,coal,0.0,sd,2021 week 6
133,coal,0.0,sd,2021 week 6
134,coal,0.0,sd,2021 week 6
135,coal,0.0,sd,2021 week 6
136,coal,0.0,sd,2021 week 6
137,coal,0.0,sd,2021 week 6
138,coal,0.0,sd,2021 week 6
139,coal,0.0,sd,2021 week 6
140,coal,0.0,sd,2021 week 6
141,coal,0.0,sd,2021 week 6
142,coal,0.0,sd,2021 week 6
143,coal,0.0,sd,2021 week 6
144,coal,0.0,sd,2021 week 6
145,coal,0.0,sd,2021 week 6
146,coal,0.0,sd,2021 week 6
147,coal,0.0,sd,2021 week 6
148,coal,0.0,sd,2021 week 6
149,coal,0.0,sd,2021 week 6
150,coal,0.0,sd,2021 week 6
151,coal,0.0,sd,2021 week 6
152,coal,0.0,sd,2021 week 6
153,coal,0.0,sd,2021 week 6
154,coal,0.0,sd,2021 week 6
155,coal,0.0,sd,2021 week 6
156,coal,0.0,sd,2021 week 6
157,coal,0.0,sd,2021 week 6
158,coal,0.0,sd,2021 week 6
159,coal,0.0,sd,2021 week 6
160,coal,0.0,sd,2021 week 6
161,coal,0.0,sd,2021 week 6
162,coal,0.0,sd,2021 week 6
163,coal,0.0,sd,2021 week 6
164,coal,0.0,sd,2021 week 6
165,coal,0.0,sd,2021 week 6
166,coal,0.0,sd,2021 week 6
167,coal,0.0,sd,2021 week 6
168,coal,0.0,sd,2021 week 6
1,gas,0.0,sd,2021 week 6
2,gas,0.0,sd,2021 week 6
3,gas,0.0,sd,2021 week 6
4,gas,0.0,sd,2021 week 6
5,gas,0.0,sd,2021 week 6
6,gas,0.0,sd,2021 week 6
7,gas,0.0,sd,2021 week 6
8,gas,0.0,sd,2021 week 6
9,gas,0.0,sd,2021 week 6
10,gas,0.0,sd,2021 week 6
11,gas,0.0,sd,2021 week 6
12,gas,0.0,sd,2021 week 6
13,gas,0.0,sd,2021 week 6
14,gas,0.0,sd,2021 week 6
15,gas,0.0,sd,2021 week 6
16,gas,0.0,sd,2021 week 6
17,gas,0.0,sd,2021 week 6
18,gas,0.0,sd,2021 week 6
19,gas,0.0,sd,2021 week 6
20,gas,0.0,sd,2021 week 6
21,gas,0.0,sd,2021 week 6
22,gas,0.0,sd,2021 week 6
23,gas,0.0,sd,2021 week 6
24,gas,0.0,sd,2021 week 6
25,gas,0.0,sd,2021 week 6
26,gas,0.0,sd,2021 week 6
27,gas,0.0,sd,2021 week 6
28,gas,0.0,sd,2021 week 6
29,gas,0.0,sd,2021 week 6
30,gas,0.0,sd,2021 week 6
31,gas,0.0,sd,2021 week 6
32,gas,0.0,sd,2021 week 6
33,gas,0.0,sd,2021 week 6
34,gas,0.0,sd,2021 week 6
35,gas,0.0,sd,2021 week 6
36,gas,0.0,sd,2021 week 6
37,gas,0.0,sd,2021 week 6
38,gas,0.0,sd,2021 week 6
39,gas,0.0,sd,2021 week 6
40,gas,0.0,sd,2021 week 6
41,gas,0.0,sd,2021 week 6
42,gas,0.0,sd,2021 week 6
43,gas,0.0,sd,2021 week 6
44,gas,0.0,sd,2021 week 6
45,gas,0.0,sd,2021 week 6
46,gas,0.0,sd,2021 week 6
47,gas,0.0,sd,2021 week 6
48,gas,0.0,sd,2021 week 6
49,gas,0.0,sd,2021 week 6
50,gas,0.0,sd,2021 week 6
51,gas,0.0,sd,2021 week 6
52,gas,0.0,sd,2021 week 6
53,gas,0.0,sd,2021 week 6
54,gas,0.0,sd,2021 week 6
55,gas,0.0,sd,2021 week 6
56,gas,0.0,sd,2021 week 6
57,gas,0.0,sd,2021 week 6
58,gas,0.0,sd,2021 week 6
59,gas,0.0,sd,2021 week 6
60,gas,0.0,sd,2021 week 6
61,gas,0.0,sd,2021 week 6
62,gas,0.0,sd,2021 week 6
63,gas,0.0,sd,2021 week 6
64,gas,0.0,sd,2021 week 6
65,gas,0.0,sd,2021 week 6
66,gas,0.0,sd,2021 week 6
67,gas,0.0,sd,2021 week 6
68,gas,0.0,sd,2021 week 6
69,gas,0.0,sd,2021 week 6
70,gas,0.0,sd,2021 week 6
71,gas,0.0,sd,2021 week 6
72,gas,0.0,sd,2021 week 6
73,gas,0.0,sd,2021 week 6
74,gas,0.0,sd,2021 week 6
75,gas,0.0,sd,2021 week 6
76,gas,0.0,sd,2021 week 6
77,gas,0.0,sd,2021 week 6
78,gas,0.0,sd,2021 week 6
79,gas,0.0,sd,2021 week 6
80,gas,0.0,sd,2021 week 6
81,gas,0.0,sd,2021 week 6
82,gas,0.0,sd,2021 week 6
83,gas,0.0,sd,2021 week 6
84,gas,0.0,sd,2021 week 6
85,gas,0.0,sd,2021 week 6
86,gas,0.0,sd,2021 week 6
87,gas,0.0,sd,2021 week 6
88,gas,0.0,sd,2021 week 6
89,gas,0.0,sd,2021 week 6
90,gas,0.0,sd,2021 week 6
91,gas,0.0,sd,2021 week 6
92,gas,0.0,sd,2021 week 6
93,gas,0.0,sd,2021 week 6
94,gas,0.0,sd,2021 week 6
95,gas,0.0,sd,2021 week 6
96,gas,0.0,sd,2021 week 6
97,gas,0.0,sd,2021 week 6
98,gas,0.0,sd,2021 week 6
99,gas,0.0,sd,2021 week 6
100,gas,0.0,sd,2021 week 6
101,gas,0.0,sd,2021 week 6
102,gas,0.0,sd,2021 week 6
103,gas,0.0,sd,2021 week 6
104,gas,0.0,sd,2021 week 6
105,gas,0.0,sd,2021 week 6
106,gas,0.0,sd,2021 week 6
107,gas,0.0,sd,2021 week 6
108,gas,0.0,sd,2021 week 6
109,gas,0.0,sd,2021 week 6
110,gas,0.0,sd,2021 week 6
111,gas,0.0,sd,2021 week 6
112,gas,0.0,sd,2021 week 6
113,gas,0.0,sd,2021 week 6
114,gas,0.0,sd,2021 week 6
115,gas,0.0,sd,2021 week 6
116,gas,0.0,sd,2021 week 6
117,gas,0.0,sd,2021 week 6
118,gas,0.0,sd,2021 week 6
119,gas,0.0,sd,2021 week 6
120,gas,0.0,sd,2021 week 6
121,gas,0.0,sd,2021 week 6
122,gas,0.0,sd,2021 week 6
123,gas,0.0,sd,2021 week 6
124,gas,0.0,sd,2021 week 6
125,gas,0.0,sd,2021 week 6
126,gas,0.0,sd,2021 week 6
127,gas,0.0,sd,2021 week 6
128,gas,0.0,sd,2021 week 6
129,gas,0.0,sd,2021 week 6
130,gas,0.0,sd,2021 week 6
131,gas,0.0,sd,2021 week 6
132,gas,0.0,sd,2021 week 6
133,gas,0.0,sd,2021 week 6
134,gas,0.0,sd,2021 week 6
135,gas,0.0,sd,2021 week 6
136,gas,0.0,sd,2021 week 6
137,gas,0.0,sd,2021 week 6
138,gas,0.0,sd,2021 week 6
139,gas,0.0,sd,2021 week 6
140,gas,0.0,sd,2021 week 6
141,gas,0.0,sd,2021 week 6
142,gas,0.0,sd,2021 week 6
143,gas,0.0,sd,2021 week 6
144,gas,0.0,sd,2021 week 6
145,gas,0.0,sd,2021 week 6
146,gas,0.0,sd,2021 week 6
147,gas,0.0,sd,2021 week 6
148,gas,0.0,sd,2021 week 6
149,gas,0.0,sd,2021 week 6
150,gas,0.0,sd,2021 week 6
151,gas,0.0,sd,2021 week 6
152,gas,0.0,sd,2021 week 6
153,gas,0.0,sd,2021 week 6
154,gas,0.0,sd,2021 week 6
155,gas,0.0,sd,2021 week 6
156,gas,0.0,sd,2021 week 6
157,gas,0.0,sd,2021 week 6
158,gas,0.0,sd,2021 week 6
159,gas,0.0,sd,2021 week 6
160,gas,0.0,sd,2021 week 6
161,gas,0.0,sd,2021 week 6
162,gas,0.0,sd,2021 week 6
163,gas,0.0,sd,2021 week 6
164,gas,0.0,sd,2021 week 6
165,gas,0.0,sd,2021 week 6
166,gas,0.0,sd,2021 week 6
167,gas,0.0,sd,2021 week 6
168,gas,0.0,sd,2021 week 6
1,hydro,0.0,sd,2021 week 6
2,hydro,0.0,sd,2021 week 6
3,hydro,0.0,sd,2021 week 6
4,hydro,0.0,sd,2021 week 6
5,hydro,0.0,sd,2021 week 6
6,hydro,0.0,sd,2021 week 6
7,hydro,0.0,sd,2021 week 6
8,hydro,0.0,sd,2021 week 6
9,hydro,0.0,sd,2021 week 6
10,hydro,0.0,sd,2021 week 6
11,hydro,0.0,sd,2021 week 6
12,hydro,0.0,sd,2021 week 6
13,hydro,0.0,sd,2021 week 6
14,hydro,0.0,sd,2021 week 6
15,hydro,0.0,sd,2021 week 6
16,hydro,0.0,sd,2021 week 6
17,hydro,0.0,sd,2021 week 6
18,hydro,0.0,sd,2021 week 6
19,hydro,0.0,sd,2021 week 6
20,hydro,0.0,sd,2021 week 6
21,hydro,0.0,sd,2021 week 6
22,hydro,0.0,sd,2021 week 6
23,hydro,0.0,sd,2021 week 6
24,hydro,0.0,sd,2021 week 6
25,hydro,0.0,sd,2021 week 6
26,hydro,0.0,sd,2021 week 6
27,hydro,0.0,sd,2021 week 6
28,hydro,0.0,sd,2021 week 6
29,hydro,0.0,sd,2021 week 6
30,hydro,0.0,sd,2021 week 6
31,hydro,0.0,sd,2021 week 6
32,hydro,0.0,sd,2021 week 6
33,hydro,0.0,sd,2021 week 6
34,hydro,0.0,sd,2021 week 6
35,hydro,0.0,sd,2021 week 6
36,hydro,0.0,sd,2021 week 6
37,hydro,0.0,sd,2021 week 6
38,hydro,0.0,sd,2021 week 6
39,hydro,0.0,sd,2021 week 6
40,hydro,0.0,sd,2021 week 6
41,hydro,0.0,sd,2021 week 6
42,hydro,0.0,sd,2021 week 6
43,hydro,0.0,sd,2021 week 6
44,hydro,0.0,sd,2021 week 6
45,hydro,0.0,sd,2021 week 6
46,hydro,0.0,sd,2021 week 6
47,hydro,0.0,sd,2021 week 6
48,hydro,0.0,sd,2021 week 6
49,hydro,0.0,sd,2021 week 6
50,hydro,0.0,sd,2021 week 6
51,hydro,0.0,sd,2021 week 6
52,hydro,0.0,sd,2021 week 6
53,hydro,0.0,sd,2021 week 6
54,hydro,0.0,sd,2021 week 6
55,hydro,0.0,sd,2021 week 6
56,hydro,0.0,sd,2021 week 6
57,hydro,0.0,sd,2021 week 6
58,hydro,0.0,sd,2021 week 6
59,hydro,0.0,sd,2021 week 6
60,hydro,0.0,sd,2021 week 6
61,hydro,0.0,sd,2021 week 6
62,hydro,0.0,sd,2021 week 6
63,hydro,0.0,sd,2021 week 6
64,hydro,0.0,sd,2021 week 6
65,hydro,0.0,sd,2021 week 6
66,hydro,0.0,sd,2021 week 6
67,hydro,0.0,sd,2021 week 6
68,hydro,0.0,sd,2021 week 6
69,hydro,0.0,sd,2021 week 6
70,hydro,0.0,sd,2021 week 6
71,hydro,0.0,sd,2021 week 6
72,hydro,0.0,sd,2021 week 6
73,hydro,0.0,sd,2021 week 6
74,hydro,0.0,sd,2021 week 6
75,hydro,0.0,sd,2021 week 6
76,hydro,0.0,sd,2021 week 6
77,hydro,0.0,sd,2021 week 6
78,hydro,0.0,sd,2021 week 6
79,hydro,0.0,sd,2021 week 6
80,hydro,0.0,sd,2021 week 6
81,hydro,0.0,sd,2021 week 6
82,hydro,0.0,sd,2021 week 6
83,hydro,0.0,sd,2021 week 6
84,hydro,0.0,sd,2021 week 6
85,hydro,0.0,sd,2021 week 6
86,hydro,0.0,sd,2021 week 6
87,hydro,0.0,sd,2021 week 6
88,hydro,0.0,sd,2021 week 6
89,hydro,0.0,sd,2021 week 6
90,hydro,0.0,sd,2021 week 6
91,hydro,0.0,sd,2021 week 6
92,hydro,0.0,sd,2021 week 6
93,hydro,0.0,sd,2021 week 6
94,hydro,0.0,sd,2021 week 6
95,hydro,0.0,sd,2021 week 6
96,hydro,0.0,sd,2021 week 6
97,hydro,0.0,sd,2021 week 6
98,hydro,0.0,sd,2021 week 6
99,hydro,0.0,sd,2021 week 6
100,hydro,0.0,sd,2021 week 6
101,hydro,0.0,sd,2021 week 6
102,hydro,0.0,sd,2021 week 6
103,hydro,0.0,sd,2021 week 6
104,hydro,0.0,sd,2021 week 6
105,hydro,0.0,sd,2021 week 6
106,hydro,0.0,sd,2021 week 6
107,hydro,0.0,sd,2021 week 6
108,hydro,0.0,sd,2021 week 6
109,hydro,0.0,sd,2021 week 6
110,hydro,0.0,sd,2021 week 6
111,hydro,0.0,sd,2021 week 6
112,hydro,0.0,sd,2021 week 6
113,hydro,0.0,sd,2021 week 6
114,hydro,0.0,sd,2021 week 6
115,hydro,0.0,sd,2021 week 6
116,hydro,0.0,sd,2021 week 6
117,hydro,0.0,sd,2021 week 6
118,hydro,0.0,sd,2021 week 6
119,hydro,0.0,sd,2021 week 6
120,hydro,0.0,sd,2021 week 6
121,hydro,0.0,sd,2021 week 6
122,hydro,0.0,sd,2021 week 6
123,hydro,0.0,sd,2021 week 6
124,hydro,0.0,sd,2021 week 6
125,hydro,0.0,sd,2021 week 6
126,hydro,0.0,sd,2021 week 6
127,hydro,0.0,sd,2021 week 6
128,hydro,0.0,sd,2021 week 6
129,hydro,0.0,sd,2021 week 6
130,hydro,0.0,sd,2021 week 6
131,hydro,0.0,sd,2021 week 6
132,hydro,0.0,sd,2021 week 6
133,hydro,0.0,sd,2021 week 6
134,hydro,0.0,sd,2021 week 6
135,hydro,0.0,sd,2021 week 6
136,hydro,0.0,sd,2021 week 6
137,hydro,0.0,sd,2021 week 6
138,hydro,0.0,sd,2021 week 6
139,hydro,0.0,sd,2021 week 6
140,hydro,0.0,sd,2021 week 6
141,hydro,0.0,sd,2021 week 6
142,hydro,0.0,sd,2021 week 6
143,hydro,0.0,sd,2021 week 6
144,hydro,0.0,sd,2021 week 6
145,hydro,0.0,sd,2021 week 6
146,hydro,0.0,sd,2021 week 6
147,hydro,0.0,sd,2021 week 6
148,hydro,0.0,sd,2021 week 6
149,hydro,0.0,sd,2021 week 6
150,hydro,0.0,sd,2021 week 6
151,hydro,0.0,sd,2021 week 6
152,hydro,0.0,sd,2021 week 6
153,hydro,0.0,sd,2021 week 6
154,hydro,0.0,sd,2021 week 6
155,hydro,0.0,sd,2021 week 6
156,hydro,0.0,sd,2021 week 6
157,hydro,0.0,sd,2021 week 6
158,hydro,0.0,sd,2021 week 6
159,hydro,0.0,sd,2021 week 6
160,hydro,0.0,sd,2021 week 6
161,hydro,0.0,sd,2021 week 6
162,hydro,0.0,sd,2021 week 6
163,hydro,0.0,sd,2021 week 6
164,hydro,0.0,sd,2021 week 6
165,hydro,0.0,sd,2021 week 6
166,hydro,0.0,sd,2021 week 6
167,hydro,0.0,sd,2021 week 6
168,hydro,0.0,sd,2021 week 6
1,wind,0.0,sd,2021 week 6
2,wind,0.0,sd,2021 week 6
3,wind,0.0,sd,2021 week 6
4,wind,0.0,sd,2021 week 6
5,wind,0.0,sd,2021 week 6
6,wind,0.0,sd,2021 week 6
7,wind,0.0,sd,2021 week 6
8,wind,0.0,sd,2021 week 6
9,wind,0.0,sd,2021 week 6
10,wind,0.0,sd,2021 week 6
11,wind,0.0,sd,2021 week 6
12,wind,0.0,sd,2021 week 6
13,wind,0.0,sd,2021 week 6
14,wind,0.0,sd,2021 week 6
15,wind,0.0,sd,2021 week 6
16,wind,0.0,sd,2021 week 6
17,wind,0.0,sd,2021 week 6
18,wind,0.0,sd,2021 week 6
19,wind,0.0,sd,2021 week 6
20,wind,0.0,sd,2021 week 6
21,wind,0.0,sd,2021 week 6
22,wind,0.0,sd,2021 week 6
23,wind,0.0,sd,2021 week 6
24,wind,0.0,sd,2021 week 6
25,wind,0.0,sd,2021 week 6
26,wind,0.0,sd,2021 week 6
27,wind,0.0,sd,2021 week 6
28,wind,0.0,sd,2021 week 6
29,wind,0.0,sd,2021 week 6
30,wind,0.0,sd,2021 week 6
31,wind,0.0,sd,2021 week 6
32,wind,0.0,sd,2021 week 6
33,wind,0.0,sd,2021 week 6
34,wind,0.0,sd,2021 week 6
35,wind,0.0,sd,2021 week 6
36,wind,0.0,sd,2021 week 6
37,wind,0.0,sd,2021 week 6
38,wind,0.0,sd,2021 week 6
39,wind,0.0,sd,2021 week 6
40,wind,0.0,sd,2021 week 6
41,wind,0.0,sd,2021 week 6
42,wind,0.0,sd,2021 week 6
43,wind,0.0,sd,2021 week 6
44,wind,0.0,sd,2021 week 6
45,wind,0.0,sd,2021 week 6
46,wind,0.0,sd,2021 week 6
47,wind,0.0,sd,2021 week 6
48,wind,0.0,sd,2021 week 6
49,wind,0.0,sd,2021 week 6
50,wind,0.0,sd,2021 week 6
51,wind,0.0,sd,2021 week 6
52,wind,0.0,sd,2021 week 6
53,wind,0.0,sd,2021 week 6
54,wind,0.0,sd,2021 week 6
55,wind,0.0,sd,2021 week 6
56,wind,0.0,sd,2021 week 6
57,wind,0.0,sd,2021 week 6
58,wind,0.0,sd,2021 week 6
59,wind,0.0,sd,2021 week 6
60,wind,0.0,sd,2021 week 6
61,wind,0.0,sd,2021 week 6
62,wind,0.0,sd,2021 week 6
63,wind,0.0,sd,2021 week 6
64,wind,0.0,sd,2021 week 6
65,wind,0.0,sd,2021 week 6
66,wind,0.0,sd,2021 week 6
67,wind,0.0,sd,2021 week 6
68,wind,0.0,sd,2021 week 6
69,wind,0.0,sd,2021 week 6
70,wind,0.0,sd,2021 week 6
71,wind,0.0,sd,2021 week 6
72,wind,0.0,sd,2021 week 6
73,wind,0.0,sd,2021 week 6
74,wind,0.0,sd,2021 week 6
75,wind,0.0,sd,2021 week 6
76,wind,0.0,sd,2021 week 6
77,wind,0.0,sd,2021 week 6
78,wind,0.0,sd,2021 week 6
79,wind,0.0,sd,2021 week 6
80,wind,0.0,sd,2021 week 6
81,wind,0.0,sd,2021 week 6
82,wind,0.0,sd,2021 week 6
83,wind,0.0,sd,2021 week 6
84,wind,0.0,sd,2021 week 6
85,wind,0.0,sd,2021 week 6
86,wind,0.0,sd,2021 week 6
87,wind,0.0,sd,2021 week 6
88,wind,0.0,sd,2021 week 6
89,wind,0.0,sd,2021 week 6
90,wind,0.0,sd,2021 week 6
91,wind,0.0,sd,2021 week 6
92,wind,0.0,sd,2021 week 6
93,wind,0.0,sd,2021 week 6
94,wind,0.0,sd,2021 week 6
95,wind,0.0,sd,2021 week 6
96,wind,0.0,sd,2021 week 6
97,wind,0.0,sd,2021 week 6
98,wind,0.0,sd,2021 week 6
99,wind,0.0,sd,2021 week 6
100,wind,0.0,sd,2021 week 6
101,wind,0.0,sd,2021 week 6
102,wind,0.0,sd,2021 week 6
103,wind,0.0,sd,2021 week 6
104,wind,0.0,sd,2021 week 6
105,wind,0.0,sd,2021 week 6
106,wind,0.0,sd,2021 week 6
107,wind,0.0,sd,2021 week 6
108,wind,0.0,sd,2021 week 6
109,wind,0.0,sd,2021 week 6
110,wind,0.0,sd,2021 week 6
111,wind,0.0,sd,2021 week 6
112,wind,0.0,sd,2021 week 6
113,wind,0.0,sd,2021 week 6
114,wind,0.0,sd,2021 week 6
115,wind,0.0,sd,2021 week 6
116,wind,0.0,sd,2021 week 6
117,wind,0.0,sd,2021 week 6
118,wind,0.0,sd,2021 week 6
119,wind,0.0,sd,2021 week 6
120,wind,0.0,sd,2021 week 6
121,wind,0.0,sd,2021 week 6
122,wind,0.0,sd,2021 week 6
123,wind,0.0,sd,2021 week 6
124,wind,0.0,sd,2021 week 6
125,wind,0.0,sd,2021 week 6
126,wind,0.0,sd,2021 week 6
127,wind,0.0,sd,2021 week 6
128,wind,0.0,sd,2021 week 6
129,wind,0.0,sd,2021 week 6
130,wind,0.0,sd,2021 week 6
131,wind,0.0,sd,2021 week 6
132,wind,0.0,sd,2021 week 6
133,wind,0.0,sd,2021 week 6
134,wind,0.0,sd,2021 week 6
135,wind,0.0,sd,2021 week 6
136,wind,0.0,sd,2021 week 6
137,wind,0.0,sd,2021 week 6
138,wind,0.0,sd,2021 week 6
139,wind,0.0,sd,2021 week 6
140,wind,0.0,sd,2021 week 6
141,wind,0.0,sd,2021 week 6
142,wind,0.0,sd,2021 week 6
143,wind,0.0,sd,2021 week 6
144,wind,0.0,sd,2021 week 6
145,wind,0.0,sd,2021 week 6
146,wind,0.0,sd,2021 week 6
147,wind,0.0,sd,2021 week 6
148,wind,0.0,sd,2021 week 6
149,wind,0.0,sd,2021 week 6
150,wind,0.0,sd,2021 week 6
151,wind,0.0,sd,2021 week 6
152,wind,0.0,sd,2021 week 6
153,wind,0.0,sd,2021 week 6
154,wind,0.0,sd,2021 week 6
155,wind,0.0,sd,2021 week 6
156,wind,0.0,sd,2021 week 6
157,wind,0.0,sd,2021 week 6
158,wind,0.0,sd,2021 week 6
159,wind,0.0,sd,2021 week 6
160,wind,0.0,sd,2021 week 6
161,wind,0.0,sd,2021 week 6
162,wind,0.0,sd,2021 week 6
163,wind,0.0,sd,2021 week 6
164,wind,0.0,sd,2021 week 6
165,wind,0.0,sd,2021 week 6
166,wind,0.0,sd,2021 week 6
167,wind,0.0,sd,2021 week 6
168,wind,0.0,sd,2021 week 6
1,solar,0.0,sd,2021 week 6
2,solar,0.0,sd,2021 week 6
3,solar,0.0,sd,2021 week 6
4,solar,0.0,sd,2021 week 6
5,solar,0.0,sd,2021 week 6
6,solar,0.0,sd,2021 week 6
7,solar,0.0,sd,2021 week 6
8,solar,0.0,sd,2021 week 6
9,solar,0.0,sd,2021 week 6
10,solar,0.0,sd,2021 week 6
11,solar,0.0,sd,2021 week 6
12,solar,0.0,sd,2021 week 6
13,solar,0.0,sd,2021 week 6
14,solar,0.0,sd,2021 week 6
15,solar,0.0,sd,2021 week 6
16,solar,0.0,sd,2021 week 6
17,solar,0.0,sd,2021 week 6
18,solar,0.0,sd,2021 week 6
19,solar,0.0,sd,2021 week 6
20,solar,0.0,sd,2021 week 6
21,solar,0.0,sd,2021 week 6
22,solar,0.0,sd,2021 week 6
23,solar,0.0,sd,2021 week 6
24,solar,0.0,sd,2021 week 6
25,solar,0.0,sd,2021 week 6
26,solar,0.0,sd,2021 week 6
27,solar,0.0,sd,2021 week 6
28,solar,0.0,sd,2021 week 6
29,solar,0.0,sd,2021 week 6
30,solar,0.0,sd,2021 week 6
31,solar,0.0,sd,2021 week 6
32,solar,0.0,sd,2021 week 6
33,solar,0.0,sd,2021 week 6
34,solar,0.0,sd,2021 week 6
35,solar,0.0,sd,2021 week 6
36,solar,0.0,sd,2021 week 6
37,solar,0.0,sd,2021 week 6
38,solar,0.0,sd,2021 week 6
39,solar,0.0,sd,2021 week 6
40,solar,0.0,sd,2021 week 6
41,solar,0.0,sd,2021 week 6
42,solar,0.0,sd,2021 week 6
43,solar,0.0,sd,2021 week 6
44,solar,0.0,sd,2021 week 6
45,solar,0.0,sd,2021 week 6
46,solar,0.0,sd,2021 week 6
47,solar,0.0,sd,2021 week 6
48,solar,0.0,sd,2021 week 6
49,solar,0.0,sd,2021 week 6
50,solar,0.0,sd,2021 week 6
51,solar,0.0,sd,2021 week 6
52,solar,0.0,sd,2021 week 6
53,solar,0.0,sd,2021 week 6
54,solar,0.0,sd,2021 week 6
55,solar,0.0,sd,2021 week 6
56,solar,0.0,sd,2021 week 6
57,solar,0.0,sd,2021 week 6
58,solar,0.0,sd,2021 week 6
59,solar,0.0,sd,2021 week 6
60,solar,0.0,sd,2021 week 6
61,solar,0.0,sd,2021 week 6
62,solar,0.0,sd,2021 week 6
63,solar,0.0,sd,2021 week 6
64,solar,0.0,sd,2021 week 6
65,solar,0.0,sd,2021 week 6
66,solar,0.0,sd,2021 week 6
67,solar,0.0,sd,2021 week 6
68,solar,0.0,sd,2021 week 6
69,solar,0.0,sd,2021 week 6
70,solar,0.0,sd,2021 week 6
71,solar,0.0,sd,2021 week 6
72,solar,0.0,sd,2021 week 6
73,solar,0.0,sd,2021 week 6
74,solar,0.0,sd,2021 week 6
75,solar,0.0,sd,2021 week 6
76,solar,0.0,sd,2021 week 6
77,solar,0.0,sd,2021 week 6
78,solar,0.0,sd,2021 week 6
79,solar,0.0,sd,2021 week 6
80,solar,0.0,sd,2021 week 6
81,solar,0.0,sd,2021 week 6
82,solar,0.0,sd,2021 week 6
83,solar,0.0,sd,2021 week 6
84,solar,0.0,sd,2021 week 6
85,solar,0.0,sd,2021 week 6
86,solar,0.0,sd,2021 week 6
87,solar,0.0,sd,2021 week 6
88,solar,0.0,sd,2021 week 6
89,solar,0.0,sd,2021 week 6
90,solar,0.0,sd,2021 week 6
91,solar,0.0,sd,2021 week 6
92,solar,0.0,sd,2021 week 6
93,solar,0.0,sd,2021 week 6
94,solar,0.0,sd,2021 week 6
95,solar,0.0,sd,2021 week 6
96,solar,0.0,sd,2021 week 6
97,solar,0.0,sd,2021 week 6
98,solar,0.0,sd,2021 week 6
99,solar,0.0,sd,2021 week 6
100,solar,0.0,sd,2021 week 6
101,solar,0.0,sd,2021 week 6
102,solar,0.0,sd,2021 week 6
103,solar,0.0,sd,2021 week 6
104,solar,0.0,sd,2021 week 6
105,solar,0.0,sd,2021 week 6
106,solar,0.0,sd,2021 week 6
107,solar,0.0,sd,2021 week 6
108,solar,0.0,sd,2021 week 6
109,solar,0.0,sd,2021 week 6
110,solar,0.0,sd,2021 week 6
111,solar,0.0,sd,2021 week 6
112,solar,0.0,sd,2021 week 6
113,solar,0.0,sd,2021 week 6
114,solar,0.0,sd,2021 week 6
115,solar,0.0,sd,2021 week 6
116,solar,0.0,sd,2021 week 6
117,solar,0.0,sd,2021 week 6
118,solar,0.0,sd,2021 week 6
119,solar,0.0,sd,2021 week 6
120,solar,0.0,sd,2021 week 6
121,solar,0.0,sd,2021 week 6
122,solar,0.0,sd,2021 week 6
123,solar,0.0,sd,2021 week 6
124,solar,0.0,sd,2021 week 6
125,solar,0.0,sd,2021 week 6
126,solar,0.0,sd,2021 week 6
127,solar,0.0,sd,2021 week 6
128,solar,0.0,sd,2021 week 6
129,solar,0.0,sd,2021 week 6
130,solar,0.0,sd,2021 week 6
131,solar,0.0,sd,2021 week 6
132,solar,0.0,sd,2021 week 6
133,solar,0.0,sd,2021 week 6
134,solar,0.0,sd,2021 week 6
135,solar,0.0,sd,2021 week 6
136,solar,0.0,sd,2021 week 6
137,solar,0.0,sd,2021 week 6
138,solar,0.0,sd,2021 week 6
139,solar,0.0,sd,2021 week 6
140,solar,0.0,sd,2021 week 6
141,solar,0.0,sd,2021 week 6
142,solar,0.0,sd,2021 week 6
143,solar,0.0,sd,2021 week 6
144,solar,0.0,sd,2021 week 6
145,solar,0.0,sd,2021 week 6
146,solar,0.0,sd,2021 week 6
147,solar,0.0,sd,2021 week 6
148,solar,0.0,sd,2021 week 6
149,solar,0.0,sd,2021 week 6
150,solar,0.0,sd,2021 week 6
151,solar,0.0,sd,2021 week 6
152,solar,0.0,sd,2021 week 6
153,solar,0.0,sd,2021 week 6
154,solar,0.0,sd,2021 week 6
155,solar,0.0,sd,2021 week 6
156,solar,0.0,sd,2021 week 6
157,solar,0.0,sd,2021 week 6
158,solar,0.0,sd,2021 week 6
159,solar,0.0,sd,2021 week 6
160,solar,0.0,sd,2021 week 6
161,solar,0.0,sd,2021 week 6
162,solar,0.0,sd,2021 week 6
163,solar,0.0,sd,2021 week 6
164,solar,0.0,sd,2021 week 6
165,solar,0.0,sd,2021 week 6
166,solar,0.0,sd,2021 week 6
167,solar,0.0,sd,2021 week 6
168,solar,0.0,sd,2021 week 6
1,stor,0.0,sd,2021 week 6
2,stor,0.0,sd,2021 week 6
3,stor,0.0,sd,2021 week 6
4,stor,0.0,sd,2021 week 6
5,stor,0.0,sd,2021 week 6
6,stor,0.0,sd,2021 week 6
7,stor,0.0,sd,2021 week 6
8,stor,0.0,sd,2021 week 6
9,stor,0.0,sd,2021 week 6
10,stor,0.0,sd,2021 week 6
11,stor,0.0,sd,2021 week 6
12,stor,0.0,sd,2021 week 6
13,stor,0.0,sd,2021 week 6
14,stor,0.0,sd,2021 week 6
15,stor,0.0,sd,2021 week 6
16,stor,0.0,sd,2021 week 6
17,stor,0.0,sd,2021 week 6
18,stor,0.0,sd,2021 week 6
19,stor,0.0,sd,2021 week 6
20,stor,0.0,sd,2021 week 6
21,stor,0.0,sd,2021 week 6
22,stor,0.0,sd,2021 week 6
23,stor,0.0,sd,2021 week 6
24,stor,0.0,sd,2021 week 6
25,stor,0.0,sd,2021 week 6
26,stor,0.0,sd,2021 week 6
27,stor,0.0,sd,2021 week 6
28,stor,0.0,sd,2021 week 6
29,stor,0.0,sd,2021 week 6
30,stor,0.0,sd,2021 week 6
31,stor,0.0,sd,2021 week 6
32,stor,0.0,sd,2021 week 6
33,stor,0.0,sd,2021 week 6
34,stor,0.0,sd,2021 week 6
35,stor,0.0,sd,2021 week 6
36,stor,0.0,sd,2021 week 6
37,stor,0.0,sd,2021 week 6
38,stor,0.0,sd,2021 week 6
39,stor,0.0,sd,2021 week 6
40,stor,0.0,sd,2021 week 6
41,stor,0.0,sd,2021 week 6
42,stor,0.0,sd,2021 week 6
43,stor,0.0,sd,2021 week 6
44,stor,0.0,sd,2021 week 6
45,stor,0.0,sd,2021 week 6
46,stor,0.0,sd,2021 week 6
47,stor,0.0,sd,2021 week 6
48,stor,0.0,sd,2021 week 6
49,stor,0.0,sd,2021 week 6
50,stor,0.0,sd,2021 week 6
51,stor,0.0,sd,2021 week 6
52,stor,0.0,sd,2021 week 6
53,stor,0.0,sd,2021 week 6
54,stor,0.0,sd,2021 week 6
55,stor,0.0,sd,2021 week 6
56,stor,0.0,sd,2021 week 6
57,stor,0.0,sd,2021 week 6
58,stor,0.0,sd,2021 week 6
59,stor,0.0,sd,2021 week 6
60,stor,0.0,sd,2021 week 6
61,stor,0.0,sd,2021 week 6
62,stor,0.0,sd,2021 week 6
63,stor,0.0,sd,2021 week 6
64,stor,0.0,sd,2021 week 6
65,stor,0.0,sd,2021 week 6
66,stor,0.0,sd,2021 week 6
67,stor,0.0,sd,2021 week 6
68,stor,0.0,sd,2021 week 6
69,stor,0.0,sd,2021 week 6
70,stor,0.0,sd,2021 week 6
71,stor,0.0,sd,2021 week 6
72,stor,0.0,sd,2021 week 6
73,stor,0.0,sd,2021 week 6
74,stor,0.0,sd,2021 week 6
75,stor,0.0,sd,2021 week 6
76,stor,0.0,sd,2021 week 6
77,stor,0.0,sd,2021 week 6
78,stor,0.0,sd,2021 week 6
79,stor,0.0,sd,2021 week 6
80,stor,0.0,sd,2021 week 6
81,stor,0.0,sd,2021 week 6
82,stor,0.0,sd,2021 week 6
83,stor,0.0,sd,2021 week 6
84,stor,0.0,sd,2021 week 6
85,stor,0.0,sd,2021 week 6
86,stor,0.0,sd,2021 week 6
87,stor,0.0,sd,2021 week 6
88,stor,0.0,sd,2021 week 6
89,stor,0.0,sd,2021 week 6
90,stor,0.0,sd,2021 week 6
91,stor,0.0,sd,2021 week 6
92,stor,0.0,sd,2021 week 6
93,stor,0.0,sd,2021 week 6
94,stor,0.0,sd,2021 week 6
95,stor,0.0,sd,2021 week 6
96,stor,0.0,sd,2021 week 6
97,stor,0.0,sd,2021 week 6
98,stor,0.0,sd,2021 week 6
99,stor,0.0,sd,2021 week 6
100,stor,0.0,sd,2021 week 6
101,stor,0.0,sd,2021 week 6
102,stor,0.0,sd,2021 week 6
103,stor,0.0,sd,2021 week 6
104,stor,0.0,sd,2021 week 6
105,stor,0.0,sd,2021 week 6
106,stor,0.0,sd,2021 week 6
107,stor,0.0,sd,2021 week 6
108,stor,0.0,sd,2021 week 6
109,stor,0.0,sd,2021 week 6
110,stor,0.0,sd,2021 week 6
111,stor,0.0,sd,2021 week 6
112,stor,0.0,sd,2021 week 6
113,stor,0.0,sd,2021 week 6
114,stor,0.0,sd,2021 week 6
115,stor,0.0,sd,2021 week 6
116,stor,0.0,sd,2021 week 6
117,stor,0.0,sd,2021 week 6
118,stor,0.0,sd,2021 week 6
119,stor,0.0,sd,2021 week 6
120,stor,0.0,sd,2021 week 6
121,stor,0.0,sd,2021 week 6
122,stor,0.0,sd,2021 week 6
123,stor,0.0,sd,2021 week 6
124,stor,0.0,sd,2021 week 6
125,stor,0.0,sd,2021 week 6
126,stor,0.0,sd,2021 week 6
127,stor,0.0,sd,2021 week 6
128,stor,0.0,sd,2021 week 6
129,stor,0.0,sd,2021 week 6
130,stor,0.0,sd,2021 week 6
131,stor,0.0,sd,2021 week 6
132,stor,0.0,sd,2021 week 6
133,stor,0.0,sd,2021 week 6
134,stor,0.0,sd,2021 week 6
135,stor,0.0,sd,2021 week 6
136,stor,0.0,sd,2021 week 6
137,stor,0.0,sd,2021 week 6
138,stor,0.0,sd,2021 week 6
139,stor,0.0,sd,2021 week 6
140,stor,0.0,sd,2021 week 6
141,stor,0.0,sd,2021 week 6
142,stor,0.0,sd,2021 week 6
143,stor,0.0,sd,2021 week 6
144,stor,0.0,sd,2021 week 6
145,stor,0.0,sd,2021 week 6
146,stor,0.0,sd,2021 week 6
147,stor,0.0,sd,2021 week 6
148,stor,0.0,sd,2021 week 6
149,stor,0.0,sd,2021 week 6
150,stor,0.0,sd,2021 week 6
151,stor,0.0,sd,2021 week 6
152,stor,0.0,sd,2021 week 6
153,stor,0.0,sd,2021 week 6
154,stor,0.0,sd,2021 week 6
155,stor,0.0,sd,2021 week 6
156,stor,0.0,sd,2021 week 6
157,stor,0.0,sd,2021 week 6
158,stor,0.0,sd,2021 week 6
159,stor,0.0,sd,2021 week 6
160,stor,0.0,sd,2021 week 6
161,stor,0.0,sd,2021 week 6
162,stor,0.0,sd,2021 week 6
163,stor,0.0,sd,2021 week 6
164,stor,0.0,sd,2021 week 6
165,stor,0.0,sd,2021 week 6
166,stor,0.0,sd,2021 week 6
167,stor,0.0,sd,2021 week 6
168,stor,0.0,sd,2021 week 6
1,net_import,2868.196711313407,sd,2021 week 6
2,net_import,2868.196711313407,sd,2021 week 6
3,net_import,2868.196711313407,sd,2021 week 6
4,net_import,2868.196711313407,sd,2021 week 6
5,net_import,2868.196711313407,sd,2021 week 6
6,net_import,2868.196711313407,sd,2021 week 6
7,net_import,2868.196711313407,sd,2021 week 6
8,net_import,2868.196711313407,sd,2021 week 6
9,net_import,2868.196711313407,sd,2021 week 6
10,net_import,2868.196711313407,sd,2021 week 6
11,net_import,3131.8112411803686,sd,2021 week 6
12,net_import,3131.8112411803686,sd,2021 week 6
13,net_import,3131.8112411803686,sd,2021 week 6
14,net_import,3131.8112411803686,sd,2021 week 6
15,net_import,3131.8112411803686,sd,2021 week 6
16,net_import,2868.196711313407,sd,2021 week 6
17,net_import,3031.3646526446655,sd,2021 week 6
18,net_import,3031.3646526446655,sd,2021 week 6
19,net_import,3031.3646526446655,sd,2021 week 6
20,net_import,3031.3646526446655,sd,2021 week 6
21,net_import,3031.3646526446655,sd,2021 week 6
22,net_import,2868.196711313407,sd,2021 week 6
23,net_import,2868.196711313407,sd,2021 week 6
24,net_import,2868.196711313407,sd,2021 week 6
25,net_import,2874.9452048000826,sd,2021 week 6
26,net_import,2874.9452048000826,sd,2021 week 6
27,net_import,2874.9452048000826,sd,2021 week 6
28,net_import,2874.9452048000826,sd,2021 week 6
29,net_import,2874.9452048000826,sd,2021 week 6
30,net_import,2874.9452048000826,sd,2021 week 6
31,net_import,2874.9452048000826,sd,2021 week 6
32,net_import,2874.9452048000826,sd,2021 week 6
33,net_import,2874.9452048000826,sd,2021 week 6
34,net_import,2874.9452048000826,sd,2021 week 6
35,net_import,3128.60626457295,sd,2021 week 6
36,net_import,3128.60626457295,sd,2021 week 6
37,net_import,3128.60626457295,sd,2021 week 6
38,net_import,3128.60626457295,sd,2021 week 6
39,net_import,3128.60626457295,sd,2021 week 6
40,net_import,2874.9452048000826,sd,2021 week 6
41,net_import,3031.830387466252,sd,2021 week 6
42,net_import,3031.830387466252,sd,2021 week 6
43,net_import,3031.830387466252,sd,2021 week 6
44,net_import,3031.830387466252,sd,2021 week 6
45,net_import,3031.830387466252,sd,2021 week 6
46,net_import,2874.9452048000826,sd,2021 week 6
47,net_import,2874.9452048000826,sd,2021 week 6
48,net_import,2874.9452048000826,sd,2021 week 6
49,net_import,2844.9322913142814,sd,2021 week 6
50,net_import,2844.9322913142814,sd,2021 week 6
51,net_import,2844.9322913142814,sd,2021 week 6
52,net_import,2844.9322913142814,sd,2021 week 6
53,net_import,2844.9322913142814,sd,2021 week 6
54,net_import,2844.9322913142814,sd,2021 week 6
55,net_import,2844.9322913142814,sd,2021 week 6
56,net_import,2844.9322913142814,sd,2021 week 6
57,net_import,2844.9322913142814,sd,2021 week 6
58,net_import,2844.9322913142814,sd,2021 week 6
59,net_import,3069.753296087561,sd,2021 week 6
60,net_import,3069.753296087561,sd,2021 week 6
61,net_import,3069.753296087561,sd,2021 week 6
62,net_import,3069.753296087561,sd,2021 week 6
63,net_import,3069.753296087561,sd,2021 week 6
64,net_import,2844.9322913142814,sd,2021 week 6
65,net_import,2685.251931331095,sd,2021 week 6
66,net_import,2685.251931331095,sd,2021 week 6
67,net_import,2685.251931331095,sd,2021 week 6
68,net_import,2685.251931331095,sd,2021 week 6
69,net_import,2983.6132569644515,sd,2021 week 6
70,net_import,2844.9322913142814,sd,2021 week 6
71,net_import,2844.9322913142814,sd,2021 week 6
72,net_import,2844.9322913142814,sd,2021 week 6
73,net_import,2798.6372479687216,sd,2021 week 6
74,net_import,2798.6372479687216,sd,2021 week 6
75,net_import,2798.6372479687216,sd,2021 week 6
76,net_import,2798.6372479687216,sd,2021 week 6
77,net_import,2798.6372479687216,sd,2021 week 6
78,net_import,2798.6372479687216,sd,2021 week 6
79,net_import,2798.6372479687216,sd,2021 week 6
80,net_import,2798.6372479687216,sd,2021 week 6
81,net_import,2798.6372479687216,sd,2021 week 6
82,net_import,2798.6372479687216,sd,2021 week 6
83,net_import,3005.5417456544915,sd,2021 week 6
84,net_import,3005.5417456544915,sd,2021 week 6
85,net_import,3005.5417456544915,sd,2021 week 6
86,net_import,3005.5417456544915,sd,2021 week 6
87,net_import,3005.5417456544915,sd,2021 week 6
88,net_import,2798.6372479687216,sd,2021 week 6
89,net_import,2926.009081042237,sd,2021 week 6
90,net_import,2926.009081042237,sd,2021 week 6
91,net_import,2926.009081042237,sd,2021 week 6
92,net_import,2926.009081042237,sd,2021 week 6
93,net_import,2926.009081042237,sd,2021 week 6
94,net_import,2798.6372479687216,sd,2021 week 6
95,net_import,2798.6372479687216,sd,2021 week 6
96,net_import,2798.6372479687216,sd,2021 week 6
97,net_import,2786.746423152279,sd,2021 week 6
98,net_import,2786.746423152279,sd,2021 week 6
99,net_import,2786.746423152279,sd,2021 week 6
100,net_import,2786.746423152279,sd,2021 week 6
101,net_import,2786.746423152279,sd,2021 week 6
102,net_import,2786.746423152279,sd,2021 week 6
103,net_import,2786.746423152279,sd,2021 week 6
104,net_import,2786.746423152279,sd,2021 week 6
105,net_import,2786.746423152279,sd,2021 week 6
106,net_import,2786.746423152279,sd,2021 week 6
107,net_import,3004.395606930652,sd,2021 week 6
108,net_import,3004.395606930652,sd,2021 week 6
109,net_import,3004.395606930652,sd,2021 week 6
110,net_import,3004.395606930652,sd,2021 week 6
111,net_import,3004.395606930652,sd,2021 week 6
112,net_import,2786.746423152279,sd,2021 week 6
113,net_import,2920.9004418324416,sd,2021 week 6
114,net_import,2920.9004418324416,sd,2021 week 6
115,net_import,2920.9004418324416,sd,2021 week 6
116,net_import,2920.9004418324416,sd,2021 week 6
117,net_import,2920.9004418324416,sd,2021 week 6
118,net_import,2786.746423152279,sd,2021 week 6
119,net_import,2786.746423152279,sd,2021 week 6
120,net_import,2786.746423152279,sd,2021 week 6
121,net_import,2799.275029492901,sd,2021 week 6
122,net_import,2799.275029492901,sd,2021 week 6
123,net_import,2799.275029492901,sd,2021 week 6
124,net_import,2799.275029492901,sd,2021 week 6
125,net_import,2799.275029492901,sd,2021 week 6
126,net_import,2799.275029492901,sd,2021 week 6
127,net_import,2799.275029492901,sd,2021 week 6
128,net_import,2799.275029492901,sd,2021 week 6
129,net_import,2799.275029492901,sd,2021 week 6
130,net_import,2799.275029492901,sd,2021 week 6
131,net_import,3028.69060691671,sd,2021 week 6
132,net_import,3028.69060691671,sd,2021 week 6
133,net_import,3028.69060691671,sd,2021 week 6
134,net_import,3028.69060691671,sd,2021 week 6
135,net_import,3028.69060691671,sd,2021 week 6
136,net_import,2799.275029492901,sd,2021 week 6
137,net_import,2940.8561479455707,sd,2021 week 6
138,net_import,2940.8561479455707,sd,2021 week 6
139,net_import,2940.8561479455707,sd,2021 week 6
140,net_import,2940.8561479455707,sd,2021 week 6
141,net_import,2940.8561479455707,sd,2021 week 6
142,net_import,2799.275029492901,sd,2021 week 6
143,net_import,2799.275029492901,sd,2021 week 6
144,net_import,2799.275029492901,sd,2021 week 6
145,net_import,2800.431411181192,sd,2021 week 6
146,net_import,2800.431411181192,sd,2021 week 6
147,net_import,2800.431411181192,sd,2021 week 6
148,net_import,2800.431411181192,sd,2021 week 6
149,net_import,2800.431411181192,sd,2021 week 6
150,net_import,2800.431411181192,sd,2021 week 6
151,net_import,2800.431411181192,sd,2021 week 6
152,net_import,2800.431411181192,sd,2021 week 6
153,net_import,2800.431411181192,sd,2021 week 6
154,net_import,2800.431411181192,sd,2021 week 6
155,net_import,3028.243739966355,sd,2021 week 6
156,net_import,3028.243739966355,sd,2021 week 6
157,net_import,3028.243739966355,sd,2021 week 6
158,net_import,3028.243739966355,sd,2021 week 6
159,net_import,3028.243739966355,sd,2021 week 6
160,net_import,2800.431411181192,sd,2021 week 6
161,net_import,2941.000539557156,sd,2021 week 6
162,net_import,2941.000539557156,sd,2021 week 6
163,net_import,2941.000539557156,sd,2021 week 6
164,net_import,2941.000539557156,sd,2021 week 6
165,net_import,2941.000539557156,sd,2021 week 6
166,net_import,2800.431411181192,sd,2021 week 6
167,net_import,2800.431411181192,sd,2021 week 6
168,net_import,2800.431411181192,sd,2021 week 6
1,nse,0.0,sd,2021 week 6
2,nse,0.0,sd,2021 week 6
3,nse,0.0,sd,2021 week 6
4,nse,0.0,sd,2021 week 6
5,nse,0.0,sd,2021 week 6
6,nse,0.0,sd,2021 week 6
7,nse,0.0,sd,2021 week 6
8,nse,0.0,sd,2021 week 6
9,nse,0.0,sd,2021 week 6
10,nse,0.0,sd,2021 week 6
11,nse,0.0,sd,2021 week 6
12,nse,0.0,sd,2021 week 6
13,nse,0.0,sd,2021 week 6
14,nse,0.0,sd,2021 week 6
15,nse,0.0,sd,2021 week 6
16,nse,0.0,sd,2021 week 6
17,nse,0.0,sd,2021 week 6
18,nse,0.0,sd,2021 week 6
19,nse,0.0,sd,2021 week 6
20,nse,0.0,sd,2021 week 6
21,nse,0.0,sd,2021 week 6
22,nse,0.0,sd,2021 week 6
23,nse,0.0,sd,2021 week 6
24,nse,0.0,sd,2021 week 6
25,nse,0.0,sd,2021 week 6
26,nse,0.0,sd,2021 week 6
27,nse,0.0,sd,2021 week 6
28,nse,0.0,sd,2021 week 6
29,nse,0.0,sd,2021 week 6
30,nse,0.0,sd,2021 week 6
31,nse,0.0,sd,2021 week 6
32,nse,0.0,sd,2021 week 6
33,nse,0.0,sd,2021 week 6
34,nse,0.0,sd,2021 week 6
35,nse,0.0,sd,2021 week 6
36,nse,0.0,sd,2021 week 6
37,nse,0.0,sd,2021 week 6
38,nse,0.0,sd,2021 week 6
39,nse,0.0,sd,2021 week 6
40,nse,0.0,sd,2021 week 6
41,nse,0.0,sd,2021 week 6
42,nse,0.0,sd,2021 week 6
43,nse,0.0,sd,2021 week 6
44,nse,0.0,sd,2021 week 6
45,nse,0.0,sd,2021 week 6
46,nse,0.0,sd,2021 week 6
47,nse,0.0,sd,2021 week 6
48,nse,0.0,sd,2021 week 6
49,nse,0.0,sd,2021 week 6
50,nse,0.0,sd,2021 week 6
51,nse,0.0,sd,2021 week 6
52,nse,0.0,sd,2021 week 6
53,nse,0.0,sd,2021 week 6
54,nse,0.0,sd,2021 week 6
55,nse,0.0,sd,2021 week 6
56,nse,0.0,sd,2021 week 6
57,nse,0.0,sd,2021 week 6
58,nse,0.0,sd,2021 week 6
59,nse,0.0,sd,2021 week 6
60,nse,0.0,sd,2021 week 6
61,nse,0.0,sd,2021 week 6
62,nse,0.0,sd,2021 week 6
63,nse,0.0,sd,2021 week 6
64,nse,0.0,sd,2021 week 6
65,nse,294.10961243781003,sd,2021 week 6
66,nse,294.10961243781003,sd,2021 week 6
67,nse,294.10961243781003,sd,2021 week 6
68,nse,294.10961243781003,sd,2021 week 6
69,nse,0.0,sd,2021 week 6
70,nse,0.0,sd,2021 week 6
71,nse,0.0,sd,2021 week 6
72,nse,0.0,sd,2021 week 6
73,nse,0.0,sd,2021 week 6
74,nse,0.0,sd,2021 week 6
75,nse,0.0,sd,2021 week 6
76,nse,0.0,sd,2021 week 6
77,nse,0.0,sd,2021 week 6
78,nse,0.0,sd,2021 week 6
79,nse,0.0,sd,2021 week 6
80,nse,0.0,sd,2021 week 6
81,nse,0.0,sd,2021 week 6
82,nse,0.0,sd,2021 week 6
83,nse,0.0,sd,2021 week 6
84,nse,0.0,sd,2021 week 6
85,nse,0.0,sd,2021 week 6
86,nse,0.0,sd,2021 week 6
87,nse,0.0,sd,2021 week 6
88,nse,0.0,sd,2021 week 6
89,nse,0.0,sd,2021 week 6
90,nse,0.0,sd,2021 week 6
91,nse,0.0,sd,2021 week 6
92,nse,0.0,sd,2021 week 6
93,nse,0.0,sd,2021 week 6
94,nse,0.0,sd,2021 week 6
95,nse,0.0,sd,2021 week 6
96,nse,0.0,sd,2021 week 6
97,nse,0.0,sd,2021 week 6
98,nse,0.0,sd,2021 week 6
99,nse,0.0,sd,2021 week 6
100,nse,0.0,sd,2021 week 6
101,nse,0.0,sd,2021 week 6
102,nse,0.0,sd,2021 week 6
103,nse,0.0,sd,2021 week 6
104,nse,0.0,sd,2021 week 6
105,nse,0.0,sd,2021 week 6
106,nse,0.0,sd,2021 week 6
107,nse,0.0,sd,2021 week 6
108,nse,0.0,sd,2021 week 6
109,nse,0.0,sd,2021 week 6
110,nse,0.0,sd,2021 week 6
111,nse,0.0,sd,2021 week 6
112,nse,0.0,sd,2021 week 6
113,nse,0.0,sd,2021 week 6
114,nse,0.0,sd,2021 week 6
115,nse,0.0,sd,2021 week 6
116,nse,0.0,sd,2021 week 6
117,nse,0.0,sd,2021 week 6
118,nse,0.0,sd,2021 week 6
119,nse,0.0,sd,2021 week 6
120,nse,0.0,sd,2021 week 6
121,nse,0.0,sd,2021 week 6
122,nse,0.0,sd,2021 week 6
123,nse,0.0,sd,2021 week 6
124,nse,0.0,sd,2021 week 6
125,nse,0.0,sd,2021 week 6
126,nse,0.0,sd,2021 week 6
127,nse,0.0,sd,2021 week 6
128,nse,0.0,sd,2021 week 6
129,nse,0.0,sd,2021 week 6
130,nse,0.0,sd,2021 week 6
131,nse,0.0,sd,2021 week 6
132,nse,0.0,sd,2021 week 6
133,nse,0.0,sd,2021 week 6
134,nse,0.0,sd,2021 week 6
135,nse,0.0,sd,2021 week 6
136,nse,0.0,sd,2021 week 6
137,nse,0.0,sd,2021 week 6
138,nse,0.0,sd,2021 week 6
139,nse,0.0,sd,2021 week 6
140,nse,0.0,sd,2021 week 6
141,nse,0.0,sd,2021 week 6
142,nse,0.0,sd,2021 week 6
143,nse,0.0,sd,2021 week 6
144,nse,0.0,sd,2021 week 6
145,nse,0.0,sd,2021 week 6
146,nse,0.0,sd,2021 week 6
147,nse,0.0,sd,2021 week 6
148,nse,0.0,sd,2021 week 6
149,nse,0.0,sd,2021 week 6
150,nse,0.0,sd,2021 week 6
151,nse,0.0,sd,2021 week 6
152,nse,0.0,sd,2021 week 6
153,nse,0.0,sd,2021 week 6
154,nse,0.0,sd,2021 week 6
155,nse,0.0,sd,2021 week 6
156,nse,0.0,sd,2021 week 6
157,nse,0.0,sd,2021 week 6
158,nse,0.0,sd,2021 week 6
159,nse,0.0,sd,2021 week 6
160,nse,0.0,sd,2021 week 6
161,nse,0.0,sd,2021 week 6
162,nse,0.0,sd,2021 week 6
163,nse,0.0,sd,2021 week 6
164,nse,0.0,sd,2021 week 6
165,nse,0.0,sd,2021 week 6
166,nse,0.0,sd,2021 week 6
167,nse,0.0,sd,2021 week 6
168,nse,0.0,sd,2021 week 6
1,demand,2868.196711313207,sd,2021 week 6
2,demand,2868.196711313207,sd,2021 week 6
3,demand,2868.196711313207,sd,2021 week 6
4,demand,2868.196711313207,sd,2021 week 6
5,demand,2868.196711313207,sd,2021 week 6
6,demand,2868.196711313207,sd,2021 week 6
7,demand,2868.196711313207,sd,2021 week 6
8,demand,2868.196711313207,sd,2021 week 6
9,demand,2868.196711313207,sd,2021 week 6
10,demand,2868.196711313207,sd,2021 week 6
11,demand,3131.8112411801685,sd,2021 week 6
12,demand,3131.8112411801685,sd,2021 week 6
13,demand,3131.8112411801685,sd,2021 week 6
14,demand,3131.8112411801685,sd,2021 week 6
15,demand,3131.8112411801685,sd,2021 week 6
16,demand,2868.196711313207,sd,2021 week 6
17,demand,3031.3646526444654,sd,2021 week 6
18,demand,3031.3646526444654,sd,2021 week 6
19,demand,3031.3646526444654,sd,2021 week 6
20,demand,3031.3646526444654,sd,2021 week 6
21,demand,3031.3646526444654,sd,2021 week 6
22,demand,2868.196711313207,sd,2021 week 6
23,demand,2868.196711313207,sd,2021 week 6
24,demand,2868.196711313207,sd,2021 week 6
25,demand,2874.9452047998825,sd,2021 week 6
26,demand,2874.9452047998825,sd,2021 week 6
27,demand,2874.9452047998825,sd,2021 week 6
28,demand,2874.9452047998825,sd,2021 week 6
29,demand,2874.9452047998825,sd,2021 week 6
30,demand,2874.9452047998825,sd,2021 week 6
31,demand,2874.9452047998825,sd,2021 week 6
32,demand,2874.9452047998825,sd,2021 week 6
33,demand,2874.9452047998825,sd,2021 week 6
34,demand,2874.9452047998825,sd,2021 week 6
35,demand,3128.6062645727498,sd,2021 week 6
36,demand,3128.6062645727498,sd,2021 week 6
37,demand,3128.6062645727498,sd,2021 week 6
38,demand,3128.6062645727498,sd,2021 week 6
39,demand,3128.6062645727498,sd,2021 week 6
40,demand,2874.9452047998825,sd,2021 week 6
41,demand,3031.830387466052,sd,2021 week 6
42,demand,3031.830387466052,sd,2021 week 6
43,demand,3031.830387466052,sd,2021 week 6
44,demand,3031.830387466052,sd,2021 week 6
45,demand,3031.830387466052,sd,2021 week 6
46,demand,2874.9452047998825,sd,2021 week 6
47,demand,2874.9452047998825,sd,2021 week 6
48,demand,2874.9452047998825,sd,2021 week 6
49,demand,2844.9322913140813,sd,2021 week 6
50,demand,2844.9322913140813,sd,2021 week 6
51,demand,2844.9322913140813,sd,2021 week 6
52,demand,2844.9322913140813,sd,2021 week 6
53,demand,2844.9322913140813,sd,2021 week 6
54,demand,2844.9322913140813,sd,2021 week 6
55,demand,2844.9322913140813,sd,2021 week 6
56,demand,2844.9322913140813,sd,2021 week 6
57,demand,2844.9322913140813,sd,2021 week 6
58,demand,2844.9322913140813,sd,2021 week 6
59,demand,3069.753296087361,sd,2021 week 6
60,demand,3069.753296087361,sd,2021 week 6
61,demand,3069.753296087361,sd,2021 week 6
62,demand,3069.753296087361,sd,2021 week 6
63,demand,3069.753296087361,sd,2021 week 6
64,demand,2844.9322913140813,sd,2021 week 6
65,demand,2979.361543768705,sd,2021 week 6
66,demand,2979.361543768705,sd,2021 week 6
67,demand,2979.361543768705,sd,2021 week 6
68,demand,2979.361543768705,sd,2021 week 6
69,demand,2983.6132569642514,sd,2021 week 6
70,demand,2844.9322913140813,sd,2021 week 6
71,demand,2844.9322913140813,sd,2021 week 6
72,demand,2844.9322913140813,sd,2021 week 6
73,demand,2798.6372479685215,sd,2021 week 6
74,demand,2798.6372479685215,sd,2021 week 6
75,demand,2798.6372479685215,sd,2021 week 6
76,demand,2798.6372479685215,sd,2021 week 6
77,demand,2798.6372479685215,sd,2021 week 6
78,demand,2798.6372479685215,sd,2021 week 6
79,demand,2798.6372479685215,sd,2021 week 6
80,demand,2798.6372479685215,sd,2021 week 6
81,demand,2798.6372479685215,sd,2021 week 6
82,demand,2798.6372479685215,sd,2021 week 6
83,demand,3005.5417456542914,sd,2021 week 6
84,demand,3005.5417456542914,sd,2021 week 6
85,demand,3005.5417456542914,sd,2021 week 6
86,demand,3005.5417456542914,sd,2021 week 6
87,demand,3005.5417456542914,sd,2021 week 6
88,demand,2798.6372479685215,sd,2021 week 6
89,demand,2926.009081042037,sd,2021 week 6
90,demand,2926.009081042037,sd,2021 week 6
91,demand,2926.009081042037,sd,2021 week 6
92,demand,2926.009081042037,sd,2021 week 6
93,demand,2926.009081042037,sd,2021 week 6
94,demand,2798.6372479685215,sd,2021 week 6
95,demand,2798.6372479685215,sd,2021 week 6
96,demand,2798.6372479685215,sd,2021 week 6
97,demand,2786.746423152079,sd,2021 week 6
98,demand,2786.746423152079,sd,2021 week 6
99,demand,2786.746423152079,sd,2021 week 6
100,demand,2786.746423152079,sd,2021 week 6
101,demand,2786.746423152079,sd,2021 week 6
102,demand,2786.746423152079,sd,2021 week 6
103,demand,2786.746423152079,sd,2021 week 6
104,demand,2786.746423152079,sd,2021 week 6
105,demand,2786.746423152079,sd,2021 week 6
106,demand,2786.746423152079,sd,2021 week 6
107,demand,3004.395606930452,sd,2021 week 6
108,demand,3004.395606930452,sd,2021 week 6
109,demand,3004.395606930452,sd,2021 week 6
110,demand,3004.395606930452,sd,2021 week 6
111,demand,3004.395606930452,sd,2021 week 6
112,demand,2786.746423152079,sd,2021 week 6
113,demand,2920.9004418322415,sd,2021 week 6
114,demand,2920.9004418322415,sd,2021 week 6
115,demand,2920.9004418322415,sd,2021 week 6
116,demand,2920.9004418322415,sd,2021 week 6
117,demand,2920.9004418322415,sd,2021 week 6
118,demand,2786.746423152079,sd,2021 week 6
119,demand,2786.746423152079,sd,2021 week 6
120,demand,2786.746423152079,sd,2021 week 6
121,demand,2799.275029492701,sd,2021 week 6
122,demand,2799.275029492701,sd,2021 week 6
123,demand,2799.275029492701,sd,2021 week 6
124,demand,2799.275029492701,sd,2021 week 6
125,demand,2799.275029492701,sd,2021 week 6
126,demand,2799.275029492701,sd,2021 week 6
127,demand,2799.275029492701,sd,2021 week 6
128,demand,2799.275029492701,sd,2021 week 6
129,demand,2799.275029492701,sd,2021 week 6
130,demand,2799.275029492701,sd,2021 week 6
131,demand,3028.6906069165098,sd,2021 week 6
132,demand,3028.6906069165098,sd,2021 week 6
133,demand,3028.6906069165098,sd,2021 week 6
134,demand,3028.6906069165098,sd,2021 week 6
135,demand,3028.6906069165098,sd,2021 week 6
136,demand,2799.275029492701,sd,2021 week 6
137,demand,2940.8561479453706,sd,2021 week 6
138,demand,2940.8561479453706,sd,2021 week 6
139,demand,2940.8561479453706,sd,2021 week 6
140,demand,2940.8561479453706,sd,2021 week 6
141,demand,2940.8561479453706,sd,2021 week 6
142,demand,2799.275029492701,sd,2021 week 6
143,demand,2799.275029492701,sd,2021 week 6
144,demand,2799.275029492701,sd,2021 week 6
145,demand,2800.4314111809917,sd,2021 week 6
146,demand,2800.4314111809917,sd,2021 week 6
147,demand,2800.4314111809917,sd,2021 week 6
148,demand,2800.4314111809917,sd,2021 week 6
149,demand,2800.4314111809917,sd,2021 week 6
150,demand,2800.4314111809917,sd,2021 week 6
151,demand,2800.4314111809917,sd,2021 week 6
152,demand,2800.4314111809917,sd,2021 week 6
153,demand,2800.4314111809917,sd,2021 week 6
154,demand,2800.4314111809917,sd,2021 week 6
155,demand,3028.243739966155,sd,2021 week 6
156,demand,3028.243739966155,sd,2021 week 6
157,demand,3028.243739966155,sd,2021 week 6
158,demand,3028.243739966155,sd,2021 week 6
159,demand,3028.243739966155,sd,2021 week 6
160,demand,2800.4314111809917,sd,2021 week 6
161,demand,2941.000539556956,sd,2021 week 6
162,demand,2941.000539556956,sd,2021 week 6
163,demand,2941.000539556956,sd,2021 week 6
164,demand,2941.000539556956,sd,2021 week 6
165,demand,2941.000539556956,sd,2021 week 6
166,demand,2800.4314111809917,sd,2021 week 6
167,demand,2800.4314111809917,sd,2021 week 6
168,demand,2800.4314111809917,sd,2021 week 6
1,net_export,-1e-10,jb,2021 week 6
2,net_export,-1e-10,jb,2021 week 6
3,net_export,-1e-10,jb,2021 week 6
4,net_export,-1e-10,jb,2021 week 6
5,net_export,-1e-10,jb,2021 week 6
6,net_export,-1e-10,jb,2021 week 6
7,net_export,-1e-10,jb,2021 week 6
8,net_export,-1e-10,jb,2021 week 6
9,net_export,-1e-10,jb,2021 week 6
10,net_export,-1e-10,jb,2021 week 6
11,net_export,-1e-10,jb,2021 week 6
12,net_export,-1e-10,jb,2021 week 6
13,net_export,-1e-10,jb,2021 week 6
14,net_export,-1e-10,jb,2021 week 6
15,net_export,-1e-10,jb,2021 week 6
16,net_export,-1e-10,jb,2021 week 6
17,net_export,-1e-10,jb,2021 week 6
18,net_export,-1e-10,jb,2021 week 6
19,net_export,-1e-10,jb,2021 week 6
20,net_export,-1e-10,jb,2021 week 6
21,net_export,-1e-10,jb,2021 week 6
22,net_export,-1e-10,jb,2021 week 6
23,net_export,-1e-10,jb,2021 week 6
24,net_export,-1e-10,jb,2021 week 6
25,net_export,-1e-10,jb,2021 week 6
26,net_export,-1e-10,jb,2021 week 6
27,net_export,-1e-10,jb,2021 week 6
28,net_export,-1e-10,jb,2021 week 6
29,net_export,-1e-10,jb,2021 week 6
30,net_export,-1e-10,jb,2021 week 6
31,net_export,-1e-10,jb,2021 week 6
32,net_export,-1e-10,jb,2021 week 6
33,net_export,-1e-10,jb,2021 week 6
34,net_export,-1e-10,jb,2021 week 6
35,net_export,-1e-10,jb,2021 week 6
36,net_export,-1e-10,jb,2021 week 6
37,net_export,-1e-10,jb,2021 week 6
38,net_export,-1e-10,jb,2021 week 6
39,net_export,-1e-10,jb,2021 week 6
40,net_export,-1e-10,jb,2021 week 6
41,net_export,-1e-10,jb,2021 week 6
42,net_export,-1e-10,jb,2021 week 6
43,net_export,-1e-10,jb,2021 week 6
44,net_export,-1e-10,jb,2021 week 6
45,net_export,-1e-10,jb,2021 week 6
46,net_export,-1e-10,jb,2021 week 6
47,net_export,-1e-10,jb,2021 week 6
48,net_export,-1e-10,jb,2021 week 6
49,net_export,-1e-10,jb,2021 week 6
50,net_export,-1e-10,jb,2021 week 6
51,net_export,-1e-10,jb,2021 week 6
52,net_export,-1e-10,jb,2021 week 6
53,net_export,-1e-10,jb,2021 week 6
54,net_export,-1e-10,jb,2021 week 6
55,net_export,-1e-10,jb,2021 week 6
56,net_export,-1e-10,jb,2021 week 6
57,net_export,-1e-10,jb,2021 week 6
58,net_export,-1e-10,jb,2021 week 6
59,net_export,-1e-10,jb,2021 week 6
60,net_export,-1e-10,jb,2021 week 6
61,net_export,-1e-10,jb,2021 week 6
62,net_export,-1e-10,jb,2021 week 6
63,net_export,-1e-10,jb,2021 week 6
64,net_export,-1e-10,jb,2021 week 6
65,net_export,-1e-10,jb,2021 week 6
66,net_export,-1e-10,jb,2021 week 6
67,net_export,-1e-10,jb,2021 week 6
68,net_export,-1e-10,jb,2021 week 6
69,net_export,-1e-10,jb,2021 week 6
70,net_export,-1e-10,jb,2021 week 6
71,net_export,-1e-10,jb,2021 week 6
72,net_export,-1e-10,jb,2021 week 6
73,net_export,-1e-10,jb,2021 week 6
74,net_export,-1e-10,jb,2021 week 6
75,net_export,-1e-10,jb,2021 week 6
76,net_export,-1e-10,jb,2021 week 6
77,net_export,-1e-10,jb,2021 week 6
78,net_export,-1e-10,jb,2021 week 6
79,net_export,-1e-10,jb,2021 week 6
80,net_export,-1e-10,jb,2021 week 6
81,net_export,-1e-10,jb,2021 week 6
82,net_export,-1e-10,jb,2021 week 6
83,net_export,-1e-10,jb,2021 week 6
84,net_export,-1e-10,jb,2021 week 6
85,net_export,-1e-10,jb,2021 week 6
86,net_export,-1e-10,jb,2021 week 6
87,net_export,-1e-10,jb,2021 week 6
88,net_export,-1e-10,jb,2021 week 6
89,net_export,-1e-10,jb,2021 week 6
90,net_export,-1e-10,jb,2021 week 6
91,net_export,-1e-10,jb,2021 week 6
92,net_export,-1e-10,jb,2021 week 6
93,net_export,-1e-10,jb,2021 week 6
94,net_export,-1e-10,jb,2021 week 6
95,net_export,-1e-10,jb,2021 week 6
96,net_export,-1e-10,jb,2021 week 6
97,net_export,-1e-10,jb,2021 week 6
98,net_export,-1e-10,jb,2021 week 6
99,net_export,-1e-10,jb,2021 week 6
100,net_export,-1e-10,jb,2021 week 6
101,net_export,-1e-10,jb,2021 week 6
102,net_export,-1e-10,jb,2021 week 6
103,net_export,-1e-10,jb,2021 week 6
104,net_export,-1e-10,jb,2021 week 6
105,net_export,-1e-10,jb,2021 week 6
106,net_export,-1e-10,jb,2021 week 6
107,net_export,-1e-10,jb,2021 week 6
108,net_export,-1e-10,jb,2021 week 6
109,net_export,-1e-10,jb,2021 week 6
110,net_export,-1e-10,jb,2021 week 6
111,net_export,-1e-10,jb,2021 week 6
112,net_export,-1e-10,jb,2021 week 6
113,net_export,-1e-10,jb,2021 week 6
114,net_export,-1e-10,jb,2021 week 6
115,net_export,-1e-10,jb,2021 week 6
116,net_export,-1e-10,jb,2021 week 6
117,net_export,-1e-10,jb,2021 week 6
118,net_export,-1e-10,jb,2021 week 6
119,net_export,-1e-10,jb,2021 week 6
120,net_export,-1e-10,jb,2021 week 6
121,net_export,-1e-10,jb,2021 week 6
122,net_export,-1e-10,jb,2021 week 6
123,net_export,-1e-10,jb,2021 week 6
124,net_export,-1e-10,jb,2021 week 6
125,net_export,-1e-10,jb,2021 week 6
126,net_export,-1e-10,jb,2021 week 6
127,net_export,-1e-10,jb,2021 week 6
128,net_export,-1e-10,jb,2021 week 6
129,net_export,-1e-10,jb,2021 week 6
130,net_export,-1e-10,jb,2021 week 6
131,net_export,-1e-10,jb,2021 week 6
132,net_export,-1e-10,jb,2021 week 6
133,net_export,-1e-10,jb,2021 week 6
134,net_export,-1e-10,jb,2021 week 6
135,net_export,-1e-10,jb,2021 week 6
136,net_export,-1e-10,jb,2021 week 6
137,net_export,-1e-10,jb,2021 week 6
138,net_export,-1e-10,jb,2021 week 6
139,net_export,-1e-10,jb,2021 week 6
140,net_export,-1e-10,jb,2021 week 6
141,net_export,-1e-10,jb,2021 week 6
142,net_export,-1e-10,jb,2021 week 6
143,net_export,-1e-10,jb,2021 week 6
144,net_export,-1e-10,jb,2021 week 6
145,net_export,-1e-10,jb,2021 week 6
146,net_export,-1e-10,jb,2021 week 6
147,net_export,-1e-10,jb,2021 week 6
148,net_export,-1e-10,jb,2021 week 6
149,net_export,-1e-10,jb,2021 week 6
150,net_export,-1e-10,jb,2021 week 6
151,net_export,-1e-10,jb,2021 week 6
152,net_export,-1e-10,jb,2021 week 6
153,net_export,-1e-10,jb,2021 week 6
154,net_export,-1e-10,jb,2021 week 6
155,net_export,-1e-10,jb,2021 week 6
156,net_export,-1e-10,jb,2021 week 6
157,net_export,-1e-10,jb,2021 week 6
158,net_export,-1e-10,jb,2021 week 6
159,net_export,-1e-10,jb,2021 week 6
160,net_export,-1e-10,jb,2021 week 6
161,net_export,-1e-10,jb,2021 week 6
162,net_export,-1e-10,jb,2021 week 6
163,net_export,-1e-10,jb,2021 week 6
164,net_export,-1e-10,jb,2021 week 6
165,net_export,-1e-10,jb,2021 week 6
166,net_export,-1e-10,jb,2021 week 6
167,net_export,-1e-10,jb,2021 week 6
168,net_export,-1e-10,jb,2021 week 6
1,charge,-1e-10,jb,2021 week 6
2,charge,-1e-10,jb,2021 week 6
3,charge,-1e-10,jb,2021 week 6
4,charge,-1e-10,jb,2021 week 6
5,charge,-1e-10,jb,2021 week 6
6,charge,-1e-10,jb,2021 week 6
7,charge,-1e-10,jb,2021 week 6
8,charge,-1e-10,jb,2021 week 6
9,charge,-1e-10,jb,2021 week 6
10,charge,-1e-10,jb,2021 week 6
11,charge,-1e-10,jb,2021 week 6
12,charge,-1e-10,jb,2021 week 6
13,charge,-1e-10,jb,2021 week 6
14,charge,-1e-10,jb,2021 week 6
15,charge,-1e-10,jb,2021 week 6
16,charge,-1e-10,jb,2021 week 6
17,charge,-1e-10,jb,2021 week 6
18,charge,-1e-10,jb,2021 week 6
19,charge,-1e-10,jb,2021 week 6
20,charge,-1e-10,jb,2021 week 6
21,charge,-1e-10,jb,2021 week 6
22,charge,-1e-10,jb,2021 week 6
23,charge,-1e-10,jb,2021 week 6
24,charge,-1e-10,jb,2021 week 6
25,charge,-1e-10,jb,2021 week 6
26,charge,-1e-10,jb,2021 week 6
27,charge,-1e-10,jb,2021 week 6
28,charge,-1e-10,jb,2021 week 6
29,charge,-1e-10,jb,2021 week 6
30,charge,-1e-10,jb,2021 week 6
31,charge,-1e-10,jb,2021 week 6
32,charge,-1e-10,jb,2021 week 6
33,charge,-1e-10,jb,2021 week 6
34,charge,-1e-10,jb,2021 week 6
35,charge,-1e-10,jb,2021 week 6
36,charge,-1e-10,jb,2021 week 6
37,charge,-1e-10,jb,2021 week 6
38,charge,-1e-10,jb,2021 week 6
39,charge,-1e-10,jb,2021 week 6
40,charge,-1e-10,jb,2021 week 6
41,charge,-1e-10,jb,2021 week 6
42,charge,-1e-10,jb,2021 week 6
43,charge,-1e-10,jb,2021 week 6
44,charge,-1e-10,jb,2021 week 6
45,charge,-1e-10,jb,2021 week 6
46,charge,-1e-10,jb,2021 week 6
47,charge,-1e-10,jb,2021 week 6
48,charge,-1e-10,jb,2021 week 6
49,charge,-1e-10,jb,2021 week 6
50,charge,-1e-10,jb,2021 week 6
51,charge,-1e-10,jb,2021 week 6
52,charge,-1e-10,jb,2021 week 6
53,charge,-1e-10,jb,2021 week 6
54,charge,-1e-10,jb,2021 week 6
55,charge,-1e-10,jb,2021 week 6
56,charge,-1e-10,jb,2021 week 6
57,charge,-1e-10,jb,2021 week 6
58,charge,-1e-10,jb,2021 week 6
59,charge,-1e-10,jb,2021 week 6
60,charge,-1e-10,jb,2021 week 6
61,charge,-1e-10,jb,2021 week 6
62,charge,-1e-10,jb,2021 week 6
63,charge,-1e-10,jb,2021 week 6
64,charge,-1e-10,jb,2021 week 6
65,charge,-1e-10,jb,2021 week 6
66,charge,-1e-10,jb,2021 week 6
67,charge,-1e-10,jb,2021 week 6
68,charge,-1e-10,jb,2021 week 6
69,charge,-1e-10,jb,2021 week 6
70,charge,-1e-10,jb,2021 week 6
71,charge,-1e-10,jb,2021 week 6
72,charge,-1e-10,jb,2021 week 6
73,charge,-1e-10,jb,2021 week 6
74,charge,-1e-10,jb,2021 week 6
75,charge,-1e-10,jb,2021 week 6
76,charge,-1e-10,jb,2021 week 6
77,charge,-1e-10,jb,2021 week 6
78,charge,-1e-10,jb,2021 week 6
79,charge,-1e-10,jb,2021 week 6
80,charge,-1e-10,jb,2021 week 6
81,charge,-1e-10,jb,2021 week 6
82,charge,-1e-10,jb,2021 week 6
83,charge,-1e-10,jb,2021 week 6
84,charge,-1e-10,jb,2021 week 6
85,charge,-1e-10,jb,2021 week 6
86,charge,-1e-10,jb,2021 week 6
87,charge,-1e-10,jb,2021 week 6
88,charge,-1e-10,jb,2021 week 6
89,charge,-1e-10,jb,2021 week 6
90,charge,-1e-10,jb,2021 week 6
91,charge,-1e-10,jb,2021 week 6
92,charge,-1e-10,jb,2021 week 6
93,charge,-1e-10,jb,2021 week 6
94,charge,-1e-10,jb,2021 week 6
95,charge,-1e-10,jb,2021 week 6
96,charge,-1e-10,jb,2021 week 6
97,charge,-1e-10,jb,2021 week 6
98,charge,-1e-10,jb,2021 week 6
99,charge,-1e-10,jb,2021 week 6
100,charge,-1e-10,jb,2021 week 6
101,charge,-1e-10,jb,2021 week 6
102,charge,-1e-10,jb,2021 week 6
103,charge,-1e-10,jb,2021 week 6
104,charge,-1e-10,jb,2021 week 6
105,charge,-1e-10,jb,2021 week 6
106,charge,-1e-10,jb,2021 week 6
107,charge,-1e-10,jb,2021 week 6
108,charge,-1e-10,jb,2021 week 6
109,charge,-1e-10,jb,2021 week 6
110,charge,-1e-10,jb,2021 week 6
111,charge,-1e-10,jb,2021 week 6
112,charge,-1e-10,jb,2021 week 6
113,charge,-1e-10,jb,2021 week 6
114,charge,-1e-10,jb,2021 week 6
115,charge,-1e-10,jb,2021 week 6
116,charge,-1e-10,jb,2021 week 6
117,charge,-1e-10,jb,2021 week 6
118,charge,-1e-10,jb,2021 week 6
119,charge,-1e-10,jb,2021 week 6
120,charge,-1e-10,jb,2021 week 6
121,charge,-1e-10,jb,2021 week 6
122,charge,-1e-10,jb,2021 week 6
123,charge,-1e-10,jb,2021 week 6
124,charge,-1e-10,jb,2021 week 6
125,charge,-1e-10,jb,2021 week 6
126,charge,-1e-10,jb,2021 week 6
127,charge,-1e-10,jb,2021 week 6
128,charge,-1e-10,jb,2021 week 6
129,charge,-1e-10,jb,2021 week 6
130,charge,-1e-10,jb,2021 week 6
131,charge,-1e-10,jb,2021 week 6
132,charge,-1e-10,jb,2021 week 6
133,charge,-1e-10,jb,2021 week 6
134,charge,-1e-10,jb,2021 week 6
135,charge,-1e-10,jb,2021 week 6
136,charge,-1e-10,jb,2021 week 6
137,charge,-1e-10,jb,2021 week 6
138,charge,-1e-10,jb,2021 week 6
139,charge,-1e-10,jb,2021 week 6
140,charge,-1e-10,jb,2021 week 6
141,charge,-1e-10,jb,2021 week 6
142,charge,-1e-10,jb,2021 week 6
143,charge,-1e-10,jb,2021 week 6
144,charge,-1e-10,jb,2021 week 6
145,charge,-1e-10,jb,2021 week 6
146,charge,-1e-10,jb,2021 week 6
147,charge,-1e-10,jb,2021 week 6
148,charge,-1e-10,jb,2021 week 6
149,charge,-1e-10,jb,2021 week 6
150,charge,-1e-10,jb,2021 week 6
151,charge,-1e-10,jb,2021 week 6
152,charge,-1e-10,jb,2021 week 6
153,charge,-1e-10,jb,2021 week 6
154,charge,-1e-10,jb,2021 week 6
155,charge,-1e-10,jb,2021 week 6
156,charge,-1e-10,jb,2021 week 6
157,charge,-1e-10,jb,2021 week 6
158,charge,-1e-10,jb,2021 week 6
159,charge,-1e-10,jb,2021 week 6
160,charge,-1e-10,jb,2021 week 6
161,charge,-1e-10,jb,2021 week 6
162,charge,-1e-10,jb,2021 week 6
163,charge,-1e-10,jb,2021 week 6
164,charge,-1e-10,jb,2021 week 6
165,charge,-1e-10,jb,2021 week 6
166,charge,-1e-10,jb,2021 week 6
167,charge,-1e-10,jb,2021 week 6
168,charge,-1e-10,jb,2021 week 6
1,nuclear,0.0,jb,2021 week 6
2,nuclear,0.0,jb,2021 week 6
3,nuclear,0.0,jb,2021 week 6
4,nuclear,0.0,jb,2021 week 6
5,nuclear,0.0,jb,2021 week 6
6,nuclear,0.0,jb,2021 week 6
7,nuclear,0.0,jb,2021 week 6
8,nuclear,0.0,jb,2021 week 6
9,nuclear,0.0,jb,2021 week 6
10,nuclear,0.0,jb,2021 week 6
11,nuclear,0.0,jb,2021 week 6
12,nuclear,0.0,jb,2021 week 6
13,nuclear,0.0,jb,2021 week 6
14,nuclear,0.0,jb,2021 week 6
15,nuclear,0.0,jb,2021 week 6
16,nuclear,0.0,jb,2021 week 6
17,nuclear,0.0,jb,2021 week 6
18,nuclear,0.0,jb,2021 week 6
19,nuclear,0.0,jb,2021 week 6
20,nuclear,0.0,jb,2021 week 6
21,nuclear,0.0,jb,2021 week 6
22,nuclear,0.0,jb,2021 week 6
23,nuclear,0.0,jb,2021 week 6
24,nuclear,0.0,jb,2021 week 6
25,nuclear,0.0,jb,2021 week 6
26,nuclear,0.0,jb,2021 week 6
27,nuclear,0.0,jb,2021 week 6
28,nuclear,0.0,jb,2021 week 6
29,nuclear,0.0,jb,2021 week 6
30,nuclear,0.0,jb,2021 week 6
31,nuclear,0.0,jb,2021 week 6
32,nuclear,0.0,jb,2021 week 6
33,nuclear,0.0,jb,2021 week 6
34,nuclear,0.0,jb,2021 week 6
35,nuclear,0.0,jb,2021 week 6
36,nuclear,0.0,jb,2021 week 6
37,nuclear,0.0,jb,2021 week 6
38,nuclear,0.0,jb,2021 week 6
39,nuclear,0.0,jb,2021 week 6
40,nuclear,0.0,jb,2021 week 6
41,nuclear,0.0,jb,2021 week 6
42,nuclear,0.0,jb,2021 week 6
43,nuclear,0.0,jb,2021 week 6
44,nuclear,0.0,jb,2021 week 6
45,nuclear,0.0,jb,2021 week 6
46,nuclear,0.0,jb,2021 week 6
47,nuclear,0.0,jb,2021 week 6
48,nuclear,0.0,jb,2021 week 6
49,nuclear,0.0,jb,2021 week 6
50,nuclear,0.0,jb,2021 week 6
51,nuclear,0.0,jb,2021 week 6
52,nuclear,0.0,jb,2021 week 6
53,nuclear,0.0,jb,2021 week 6
54,nuclear,0.0,jb,2021 week 6
55,nuclear,0.0,jb,2021 week 6
56,nuclear,0.0,jb,2021 week 6
57,nuclear,0.0,jb,2021 week 6
58,nuclear,0.0,jb,2021 week 6
59,nuclear,0.0,jb,2021 week 6
60,nuclear,0.0,jb,2021 week 6
61,nuclear,0.0,jb,2021 week 6
62,nuclear,0.0,jb,2021 week 6
63,nuclear,0.0,jb,2021 week 6
64,nuclear,0.0,jb,2021 week 6
65,nuclear,0.0,jb,2021 week 6
66,nuclear,0.0,jb,2021 week 6
67,nuclear,0.0,jb,2021 week 6
68,nuclear,0.0,jb,2021 week 6
69,nuclear,0.0,jb,2021 week 6
70,nuclear,0.0,jb,2021 week 6
71,nuclear,0.0,jb,2021 week 6
72,nuclear,0.0,jb,2021 week 6
73,nuclear,0.0,jb,2021 week 6
74,nuclear,0.0,jb,2021 week 6
75,nuclear,0.0,jb,2021 week 6
76,nuclear,0.0,jb,2021 week 6
77,nuclear,0.0,jb,2021 week 6
78,nuclear,0.0,jb,2021 week 6
79,nuclear,0.0,jb,2021 week 6
80,nuclear,0.0,jb,2021 week 6
81,nuclear,0.0,jb,2021 week 6
82,nuclear,0.0,jb,2021 week 6
83,nuclear,0.0,jb,2021 week 6
84,nuclear,0.0,jb,2021 week 6
85,nuclear,0.0,jb,2021 week 6
86,nuclear,0.0,jb,2021 week 6
87,nuclear,0.0,jb,2021 week 6
88,nuclear,0.0,jb,2021 week 6
89,nuclear,0.0,jb,2021 week 6
90,nuclear,0.0,jb,2021 week 6
91,nuclear,0.0,jb,2021 week 6
92,nuclear,0.0,jb,2021 week 6
93,nuclear,0.0,jb,2021 week 6
94,nuclear,0.0,jb,2021 week 6
95,nuclear,0.0,jb,2021 week 6
96,nuclear,0.0,jb,2021 week 6
97,nuclear,0.0,jb,2021 week 6
98,nuclear,0.0,jb,2021 week 6
99,nuclear,0.0,jb,2021 week 6
100,nuclear,0.0,jb,2021 week 6
101,nuclear,0.0,jb,2021 week 6
102,nuclear,0.0,jb,2021 week 6
103,nuclear,0.0,jb,2021 week 6
104,nuclear,0.0,jb,2021 week 6
105,nuclear,0.0,jb,2021 week 6
106,nuclear,0.0,jb,2021 week 6
107,nuclear,0.0,jb,2021 week 6
108,nuclear,0.0,jb,2021 week 6
109,nuclear,0.0,jb,2021 week 6
110,nuclear,0.0,jb,2021 week 6
111,nuclear,0.0,jb,2021 week 6
112,nuclear,0.0,jb,2021 week 6
113,nuclear,0.0,jb,2021 week 6
114,nuclear,0.0,jb,2021 week 6
115,nuclear,0.0,jb,2021 week 6
116,nuclear,0.0,jb,2021 week 6
117,nuclear,0.0,jb,2021 week 6
118,nuclear,0.0,jb,2021 week 6
119,nuclear,0.0,jb,2021 week 6
120,nuclear,0.0,jb,2021 week 6
121,nuclear,0.0,jb,2021 week 6
122,nuclear,0.0,jb,2021 week 6
123,nuclear,0.0,jb,2021 week 6
124,nuclear,0.0,jb,2021 week 6
125,nuclear,0.0,jb,2021 week 6
126,nuclear,0.0,jb,2021 week 6
127,nuclear,0.0,jb,2021 week 6
128,nuclear,0.0,jb,2021 week 6
129,nuclear,0.0,jb,2021 week 6
130,nuclear,0.0,jb,2021 week 6
131,nuclear,0.0,jb,2021 week 6
132,nuclear,0.0,jb,2021 week 6
133,nuclear,0.0,jb,2021 week 6
134,nuclear,0.0,jb,2021 week 6
135,nuclear,0.0,jb,2021 week 6
136,nuclear,0.0,jb,2021 week 6
137,nuclear,0.0,jb,2021 week 6
138,nuclear,0.0,jb,2021 week 6
139,nuclear,0.0,jb,2021 week 6
140,nuclear,0.0,jb,2021 week 6
141,nuclear,0.0,jb,2021 week 6
142,nuclear,0.0,jb,2021 week 6
143,nuclear,0.0,jb,2021 week 6
144,nuclear,0.0,jb,2021 week 6
145,nuclear,0.0,jb,2021 week 6
146,nuclear,0.0,jb,2021 week 6
147,nuclear,0.0,jb,2021 week 6
148,nuclear,0.0,jb,2021 week 6
149,nuclear,0.0,jb,2021 week 6
150,nuclear,0.0,jb,2021 week 6
151,nuclear,0.0,jb,2021 week 6
152,nuclear,0.0,jb,2021 week 6
153,nuclear,0.0,jb,2021 week 6
154,nuclear,0.0,jb,2021 week 6
155,nuclear,0.0,jb,2021 week 6
156,nuclear,0.0,jb,2021 week 6
157,nuclear,0.0,jb,2021 week 6
158,nuclear,0.0,jb,2021 week 6
159,nuclear,0.0,jb,2021 week 6
160,nuclear,0.0,jb,2021 week 6
161,nuclear,0.0,jb,2021 week 6
162,nuclear,0.0,jb,2021 week 6
163,nuclear,0.0,jb,2021 week 6
164,nuclear,0.0,jb,2021 week 6
165,nuclear,0.0,jb,2021 week 6
166,nuclear,0.0,jb,2021 week 6
167,nuclear,0.0,jb,2021 week 6
168,nuclear,0.0,jb,2021 week 6
1,coal,0.0,jb,2021 week 6
2,coal,0.0,jb,2021 week 6
3,coal,0.0,jb,2021 week 6
4,coal,0.0,jb,2021 week 6
5,coal,0.0,jb,2021 week 6
6,coal,0.0,jb,2021 week 6
7,coal,0.0,jb,2021 week 6
8,coal,0.0,jb,2021 week 6
9,coal,0.0,jb,2021 week 6
10,coal,0.0,jb,2021 week 6
11,coal,0.0,jb,2021 week 6
12,coal,0.0,jb,2021 week 6
13,coal,0.0,jb,2021 week 6
14,coal,0.0,jb,2021 week 6
15,coal,0.0,jb,2021 week 6
16,coal,0.0,jb,2021 week 6
17,coal,0.0,jb,2021 week 6
18,coal,0.0,jb,2021 week 6
19,coal,0.0,jb,2021 week 6
20,coal,0.0,jb,2021 week 6
21,coal,0.0,jb,2021 week 6
22,coal,0.0,jb,2021 week 6
23,coal,0.0,jb,2021 week 6
24,coal,0.0,jb,2021 week 6
25,coal,0.0,jb,2021 week 6
26,coal,0.0,jb,2021 week 6
27,coal,0.0,jb,2021 week 6
28,coal,0.0,jb,2021 week 6
29,coal,0.0,jb,2021 week 6
30,coal,0.0,jb,2021 week 6
31,coal,0.0,jb,2021 week 6
32,coal,0.0,jb,2021 week 6
33,coal,0.0,jb,2021 week 6
34,coal,0.0,jb,2021 week 6
35,coal,0.0,jb,2021 week 6
36,coal,0.0,jb,2021 week 6
37,coal,0.0,jb,2021 week 6
38,coal,0.0,jb,2021 week 6
39,coal,0.0,jb,2021 week 6
40,coal,0.0,jb,2021 week 6
41,coal,0.0,jb,2021 week 6
42,coal,0.0,jb,2021 week 6
43,coal,0.0,jb,2021 week 6
44,coal,0.0,jb,2021 week 6
45,coal,0.0,jb,2021 week 6
46,coal,0.0,jb,2021 week 6
47,coal,0.0,jb,2021 week 6
48,coal,0.0,jb,2021 week 6
49,coal,0.0,jb,2021 week 6
50,coal,0.0,jb,2021 week 6
51,coal,0.0,jb,2021 week 6
52,coal,0.0,jb,2021 week 6
53,coal,0.0,jb,2021 week 6
54,coal,0.0,jb,2021 week 6
55,coal,0.0,jb,2021 week 6
56,coal,0.0,jb,2021 week 6
57,coal,0.0,jb,2021 week 6
58,coal,0.0,jb,2021 week 6
59,coal,0.0,jb,2021 week 6
60,coal,0.0,jb,2021 week 6
61,coal,0.0,jb,2021 week 6
62,coal,0.0,jb,2021 week 6
63,coal,0.0,jb,2021 week 6
64,coal,0.0,jb,2021 week 6
65,coal,0.0,jb,2021 week 6
66,coal,0.0,jb,2021 week 6
67,coal,0.0,jb,2021 week 6
68,coal,0.0,jb,2021 week 6
69,coal,0.0,jb,2021 week 6
70,coal,0.0,jb,2021 week 6
71,coal,0.0,jb,2021 week 6
72,coal,0.0,jb,2021 week 6
73,coal,0.0,jb,2021 week 6
74,coal,0.0,jb,2021 week 6
75,coal,0.0,jb,2021 week 6
76,coal,0.0,jb,2021 week 6
77,coal,0.0,jb,2021 week 6
78,coal,0.0,jb,2021 week 6
79,coal,0.0,jb,2021 week 6
80,coal,0.0,jb,2021 week 6
81,coal,0.0,jb,2021 week 6
82,coal,0.0,jb,2021 week 6
83,coal,0.0,jb,2021 week 6
84,coal,0.0,jb,2021 week 6
85,coal,0.0,jb,2021 week 6
86,coal,0.0,jb,2021 week 6
87,coal,0.0,jb,2021 week 6
88,coal,0.0,jb,2021 week 6
89,coal,0.0,jb,2021 week 6
90,coal,0.0,jb,2021 week 6
91,coal,0.0,jb,2021 week 6
92,coal,0.0,jb,2021 week 6
93,coal,0.0,jb,2021 week 6
94,coal,0.0,jb,2021 week 6
95,coal,0.0,jb,2021 week 6
96,coal,0.0,jb,2021 week 6
97,coal,0.0,jb,2021 week 6
98,coal,0.0,jb,2021 week 6
99,coal,0.0,jb,2021 week 6
100,coal,0.0,jb,2021 week 6
101,coal,0.0,jb,2021 week 6
102,coal,0.0,jb,2021 week 6
103,coal,0.0,jb,2021 week 6
104,coal,0.0,jb,2021 week 6
105,coal,0.0,jb,2021 week 6
106,coal,0.0,jb,2021 week 6
107,coal,0.0,jb,2021 week 6
108,coal,0.0,jb,2021 week 6
109,coal,0.0,jb,2021 week 6
110,coal,0.0,jb,2021 week 6
111,coal,0.0,jb,2021 week 6
112,coal,0.0,jb,2021 week 6
113,coal,0.0,jb,2021 week 6
114,coal,0.0,jb,2021 week 6
115,coal,0.0,jb,2021 week 6
116,coal,0.0,jb,2021 week 6
117,coal,0.0,jb,2021 week 6
118,coal,0.0,jb,2021 week 6
119,coal,0.0,jb,2021 week 6
120,coal,0.0,jb,2021 week 6
121,coal,0.0,jb,2021 week 6
122,coal,0.0,jb,2021 week 6
123,coal,0.0,jb,2021 week 6
124,coal,0.0,jb,2021 week 6
125,coal,0.0,jb,2021 week 6
126,coal,0.0,jb,2021 week 6
127,coal,0.0,jb,2021 week 6
128,coal,0.0,jb,2021 week 6
129,coal,0.0,jb,2021 week 6
130,coal,0.0,jb,2021 week 6
131,coal,0.0,jb,2021 week 6
132,coal,0.0,jb,2021 week 6
133,coal,0.0,jb,2021 week 6
134,coal,0.0,jb,2021 week 6
135,coal,0.0,jb,2021 week 6
136,coal,0.0,jb,2021 week 6
137,coal,0.0,jb,2021 week 6
138,coal,0.0,jb,2021 week 6
139,coal,0.0,jb,2021 week 6
140,coal,0.0,jb,2021 week 6
141,coal,0.0,jb,2021 week 6
142,coal,0.0,jb,2021 week 6
143,coal,0.0,jb,2021 week 6
144,coal,0.0,jb,2021 week 6
145,coal,0.0,jb,2021 week 6
146,coal,0.0,jb,2021 week 6
147,coal,0.0,jb,2021 week 6
148,coal,0.0,jb,2021 week 6
149,coal,0.0,jb,2021 week 6
150,coal,0.0,jb,2021 week 6
151,coal,0.0,jb,2021 week 6
152,coal,0.0,jb,2021 week 6
153,coal,0.0,jb,2021 week 6
154,coal,0.0,jb,2021 week 6
155,coal,0.0,jb,2021 week 6
156,coal,0.0,jb,2021 week 6
157,coal,0.0,jb,2021 week 6
158,coal,0.0,jb,2021 week 6
159,coal,0.0,jb,2021 week 6
160,coal,0.0,jb,2021 week 6
161,coal,0.0,jb,2021 week 6
162,coal,0.0,jb,2021 week 6
163,coal,0.0,jb,2021 week 6
164,coal,0.0,jb,2021 week 6
165,coal,0.0,jb,2021 week 6
166,coal,0.0,jb,2021 week 6
167,coal,0.0,jb,2021 week 6
168,coal,0.0,jb,2021 week 6
1,gas,0.0,jb,2021 week 6
2,gas,0.0,jb,2021 week 6
3,gas,0.0,jb,2021 week 6
4,gas,0.0,jb,2021 week 6
5,gas,0.0,jb,2021 week 6
6,gas,0.0,jb,2021 week 6
7,gas,0.0,jb,2021 week 6
8,gas,0.0,jb,2021 week 6
9,gas,0.0,jb,2021 week 6
10,gas,0.0,jb,2021 week 6
11,gas,0.0,jb,2021 week 6
12,gas,0.0,jb,2021 week 6
13,gas,0.0,jb,2021 week 6
14,gas,0.0,jb,2021 week 6
15,gas,0.0,jb,2021 week 6
16,gas,0.0,jb,2021 week 6
17,gas,0.0,jb,2021 week 6
18,gas,0.0,jb,2021 week 6
19,gas,0.0,jb,2021 week 6
20,gas,0.0,jb,2021 week 6
21,gas,0.0,jb,2021 week 6
22,gas,0.0,jb,2021 week 6
23,gas,0.0,jb,2021 week 6
24,gas,0.0,jb,2021 week 6
25,gas,0.0,jb,2021 week 6
26,gas,0.0,jb,2021 week 6
27,gas,0.0,jb,2021 week 6
28,gas,0.0,jb,2021 week 6
29,gas,0.0,jb,2021 week 6
30,gas,0.0,jb,2021 week 6
31,gas,0.0,jb,2021 week 6
32,gas,0.0,jb,2021 week 6
33,gas,0.0,jb,2021 week 6
34,gas,0.0,jb,2021 week 6
35,gas,0.0,jb,2021 week 6
36,gas,0.0,jb,2021 week 6
37,gas,0.0,jb,2021 week 6
38,gas,0.0,jb,2021 week 6
39,gas,0.0,jb,2021 week 6
40,gas,0.0,jb,2021 week 6
41,gas,0.0,jb,2021 week 6
42,gas,0.0,jb,2021 week 6
43,gas,0.0,jb,2021 week 6
44,gas,0.0,jb,2021 week 6
45,gas,0.0,jb,2021 week 6
46,gas,0.0,jb,2021 week 6
47,gas,0.0,jb,2021 week 6
48,gas,0.0,jb,2021 week 6
49,gas,0.0,jb,2021 week 6
50,gas,0.0,jb,2021 week 6
51,gas,0.0,jb,2021 week 6
52,gas,0.0,jb,2021 week 6
53,gas,0.0,jb,2021 week 6
54,gas,0.0,jb,2021 week 6
55,gas,0.0,jb,2021 week 6
56,gas,0.0,jb,2021 week 6
57,gas,0.0,jb,2021 week 6
58,gas,0.0,jb,2021 week 6
59,gas,0.0,jb,2021 week 6
60,gas,0.0,jb,2021 week 6
61,gas,0.0,jb,2021 week 6
62,gas,0.0,jb,2021 week 6
63,gas,0.0,jb,2021 week 6
64,gas,0.0,jb,2021 week 6
65,gas,0.0,jb,2021 week 6
66,gas,0.0,jb,2021 week 6
67,gas,0.0,jb,2021 week 6
68,gas,0.0,jb,2021 week 6
69,gas,0.0,jb,2021 week 6
70,gas,0.0,jb,2021 week 6
71,gas,0.0,jb,2021 week 6
72,gas,0.0,jb,2021 week 6
73,gas,0.0,jb,2021 week 6
74,gas,0.0,jb,2021 week 6
75,gas,0.0,jb,2021 week 6
76,gas,0.0,jb,2021 week 6
77,gas,0.0,jb,2021 week 6
78,gas,0.0,jb,2021 week 6
79,gas,0.0,jb,2021 week 6
80,gas,0.0,jb,2021 week 6
81,gas,0.0,jb,2021 week 6
82,gas,0.0,jb,2021 week 6
83,gas,0.0,jb,2021 week 6
84,gas,0.0,jb,2021 week 6
85,gas,0.0,jb,2021 week 6
86,gas,0.0,jb,2021 week 6
87,gas,0.0,jb,2021 week 6
88,gas,0.0,jb,2021 week 6
89,gas,0.0,jb,2021 week 6
90,gas,0.0,jb,2021 week 6
91,gas,0.0,jb,2021 week 6
92,gas,0.0,jb,2021 week 6
93,gas,0.0,jb,2021 week 6
94,gas,0.0,jb,2021 week 6
95,gas,0.0,jb,2021 week 6
96,gas,0.0,jb,2021 week 6
97,gas,0.0,jb,2021 week 6
98,gas,0.0,jb,2021 week 6
99,gas,0.0,jb,2021 week 6
100,gas,0.0,jb,2021 week 6
101,gas,0.0,jb,2021 week 6
102,gas,0.0,jb,2021 week 6
103,gas,0.0,jb,2021 week 6
104,gas,0.0,jb,2021 week 6
105,gas,0.0,jb,2021 week 6
106,gas,0.0,jb,2021 week 6
107,gas,0.0,jb,2021 week 6
108,gas,0.0,jb,2021 week 6
109,gas,0.0,jb,2021 week 6
110,gas,0.0,jb,2021 week 6
111,gas,0.0,jb,2021 week 6
112,gas,0.0,jb,2021 week 6
113,gas,0.0,jb,2021 week 6
114,gas,0.0,jb,2021 week 6
115,gas,0.0,jb,2021 week 6
116,gas,0.0,jb,2021 week 6
117,gas,0.0,jb,2021 week 6
118,gas,0.0,jb,2021 week 6
119,gas,0.0,jb,2021 week 6
120,gas,0.0,jb,2021 week 6
121,gas,0.0,jb,2021 week 6
122,gas,0.0,jb,2021 week 6
123,gas,0.0,jb,2021 week 6
124,gas,0.0,jb,2021 week 6
125,gas,0.0,jb,2021 week 6
126,gas,0.0,jb,2021 week 6
127,gas,0.0,jb,2021 week 6
128,gas,0.0,jb,2021 week 6
129,gas,0.0,jb,2021 week 6
130,gas,0.0,jb,2021 week 6
131,gas,0.0,jb,2021 week 6
132,gas,0.0,jb,2021 week 6
133,gas,0.0,jb,2021 week 6
134,gas,0.0,jb,2021 week 6
135,gas,0.0,jb,2021 week 6
136,gas,0.0,jb,2021 week 6
137,gas,0.0,jb,2021 week 6
138,gas,0.0,jb,2021 week 6
139,gas,0.0,jb,2021 week 6
140,gas,0.0,jb,2021 week 6
141,gas,0.0,jb,2021 week 6
142,gas,0.0,jb,2021 week 6
143,gas,0.0,jb,2021 week 6
144,gas,0.0,jb,2021 week 6
145,gas,0.0,jb,2021 week 6
146,gas,0.0,jb,2021 week 6
147,gas,0.0,jb,2021 week 6
148,gas,0.0,jb,2021 week 6
149,gas,0.0,jb,2021 week 6
150,gas,0.0,jb,2021 week 6
151,gas,0.0,jb,2021 week 6
152,gas,0.0,jb,2021 week 6
153,gas,0.0,jb,2021 week 6
154,gas,0.0,jb,2021 week 6
155,gas,0.0,jb,2021 week 6
156,gas,0.0,jb,2021 week 6
157,gas,0.0,jb,2021 week 6
158,gas,0.0,jb,2021 week 6
159,gas,0.0,jb,2021 week 6
160,gas,0.0,jb,2021 week 6
161,gas,0.0,jb,2021 week 6
162,gas,0.0,jb,2021 week 6
163,gas,0.0,jb,2021 week 6
164,gas,0.0,jb,2021 week 6
165,gas,0.0,jb,2021 week 6
166,gas,0.0,jb,2021 week 6
167,gas,0.0,jb,2021 week 6
168,gas,0.0,jb,2021 week 6
1,hydro,0.0,jb,2021 week 6
2,hydro,0.0,jb,2021 week 6
3,hydro,0.0,jb,2021 week 6
4,hydro,0.0,jb,2021 week 6
5,hydro,0.0,jb,2021 week 6
6,hydro,0.0,jb,2021 week 6
7,hydro,0.0,jb,2021 week 6
8,hydro,0.0,jb,2021 week 6
9,hydro,0.0,jb,2021 week 6
10,hydro,0.0,jb,2021 week 6
11,hydro,0.0,jb,2021 week 6
12,hydro,0.0,jb,2021 week 6
13,hydro,0.0,jb,2021 week 6
14,hydro,0.0,jb,2021 week 6
15,hydro,0.0,jb,2021 week 6
16,hydro,0.0,jb,2021 week 6
17,hydro,0.0,jb,2021 week 6
18,hydro,0.0,jb,2021 week 6
19,hydro,0.0,jb,2021 week 6
20,hydro,0.0,jb,2021 week 6
21,hydro,0.0,jb,2021 week 6
22,hydro,0.0,jb,2021 week 6
23,hydro,0.0,jb,2021 week 6
24,hydro,0.0,jb,2021 week 6
25,hydro,0.0,jb,2021 week 6
26,hydro,0.0,jb,2021 week 6
27,hydro,0.0,jb,2021 week 6
28,hydro,0.0,jb,2021 week 6
29,hydro,0.0,jb,2021 week 6
30,hydro,0.0,jb,2021 week 6
31,hydro,0.0,jb,2021 week 6
32,hydro,0.0,jb,2021 week 6
33,hydro,0.0,jb,2021 week 6
34,hydro,0.0,jb,2021 week 6
35,hydro,0.0,jb,2021 week 6
36,hydro,0.0,jb,2021 week 6
37,hydro,0.0,jb,2021 week 6
38,hydro,0.0,jb,2021 week 6
39,hydro,0.0,jb,2021 week 6
40,hydro,0.0,jb,2021 week 6
41,hydro,0.0,jb,2021 week 6
42,hydro,0.0,jb,2021 week 6
43,hydro,0.0,jb,2021 week 6
44,hydro,0.0,jb,2021 week 6
45,hydro,0.0,jb,2021 week 6
46,hydro,0.0,jb,2021 week 6
47,hydro,0.0,jb,2021 week 6
48,hydro,0.0,jb,2021 week 6
49,hydro,0.0,jb,2021 week 6
50,hydro,0.0,jb,2021 week 6
51,hydro,0.0,jb,2021 week 6
52,hydro,0.0,jb,2021 week 6
53,hydro,0.0,jb,2021 week 6
54,hydro,0.0,jb,2021 week 6
55,hydro,0.0,jb,2021 week 6
56,hydro,0.0,jb,2021 week 6
57,hydro,0.0,jb,2021 week 6
58,hydro,0.0,jb,2021 week 6
59,hydro,0.0,jb,2021 week 6
60,hydro,0.0,jb,2021 week 6
61,hydro,0.0,jb,2021 week 6
62,hydro,0.0,jb,2021 week 6
63,hydro,0.0,jb,2021 week 6
64,hydro,0.0,jb,2021 week 6
65,hydro,0.0,jb,2021 week 6
66,hydro,0.0,jb,2021 week 6
67,hydro,0.0,jb,2021 week 6
68,hydro,0.0,jb,2021 week 6
69,hydro,0.0,jb,2021 week 6
70,hydro,0.0,jb,2021 week 6
71,hydro,0.0,jb,2021 week 6
72,hydro,0.0,jb,2021 week 6
73,hydro,0.0,jb,2021 week 6
74,hydro,0.0,jb,2021 week 6
75,hydro,0.0,jb,2021 week 6
76,hydro,0.0,jb,2021 week 6
77,hydro,0.0,jb,2021 week 6
78,hydro,0.0,jb,2021 week 6
79,hydro,0.0,jb,2021 week 6
80,hydro,0.0,jb,2021 week 6
81,hydro,0.0,jb,2021 week 6
82,hydro,0.0,jb,2021 week 6
83,hydro,0.0,jb,2021 week 6
84,hydro,0.0,jb,2021 week 6
85,hydro,0.0,jb,2021 week 6
86,hydro,0.0,jb,2021 week 6
87,hydro,0.0,jb,2021 week 6
88,hydro,0.0,jb,2021 week 6
89,hydro,0.0,jb,2021 week 6
90,hydro,0.0,jb,2021 week 6
91,hydro,0.0,jb,2021 week 6
92,hydro,0.0,jb,2021 week 6
93,hydro,0.0,jb,2021 week 6
94,hydro,0.0,jb,2021 week 6
95,hydro,0.0,jb,2021 week 6
96,hydro,0.0,jb,2021 week 6
97,hydro,0.0,jb,2021 week 6
98,hydro,0.0,jb,2021 week 6
99,hydro,0.0,jb,2021 week 6
100,hydro,0.0,jb,2021 week 6
101,hydro,0.0,jb,2021 week 6
102,hydro,0.0,jb,2021 week 6
103,hydro,0.0,jb,2021 week 6
104,hydro,0.0,jb,2021 week 6
105,hydro,0.0,jb,2021 week 6
106,hydro,0.0,jb,2021 week 6
107,hydro,0.0,jb,2021 week 6
108,hydro,0.0,jb,2021 week 6
109,hydro,0.0,jb,2021 week 6
110,hydro,0.0,jb,2021 week 6
111,hydro,0.0,jb,2021 week 6
112,hydro,0.0,jb,2021 week 6
113,hydro,0.0,jb,2021 week 6
114,hydro,0.0,jb,2021 week 6
115,hydro,0.0,jb,2021 week 6
116,hydro,0.0,jb,2021 week 6
117,hydro,0.0,jb,2021 week 6
118,hydro,0.0,jb,2021 week 6
119,hydro,0.0,jb,2021 week 6
120,hydro,0.0,jb,2021 week 6
121,hydro,0.0,jb,2021 week 6
122,hydro,0.0,jb,2021 week 6
123,hydro,0.0,jb,2021 week 6
124,hydro,0.0,jb,2021 week 6
125,hydro,0.0,jb,2021 week 6
126,hydro,0.0,jb,2021 week 6
127,hydro,0.0,jb,2021 week 6
128,hydro,0.0,jb,2021 week 6
129,hydro,0.0,jb,2021 week 6
130,hydro,0.0,jb,2021 week 6
131,hydro,0.0,jb,2021 week 6
132,hydro,0.0,jb,2021 week 6
133,hydro,0.0,jb,2021 week 6
134,hydro,0.0,jb,2021 week 6
135,hydro,0.0,jb,2021 week 6
136,hydro,0.0,jb,2021 week 6
137,hydro,0.0,jb,2021 week 6
138,hydro,0.0,jb,2021 week 6
139,hydro,0.0,jb,2021 week 6
140,hydro,0.0,jb,2021 week 6
141,hydro,0.0,jb,2021 week 6
142,hydro,0.0,jb,2021 week 6
143,hydro,0.0,jb,2021 week 6
144,hydro,0.0,jb,2021 week 6
145,hydro,0.0,jb,2021 week 6
146,hydro,0.0,jb,2021 week 6
147,hydro,0.0,jb,2021 week 6
148,hydro,0.0,jb,2021 week 6
149,hydro,0.0,jb,2021 week 6
150,hydro,0.0,jb,2021 week 6
151,hydro,0.0,jb,2021 week 6
152,hydro,0.0,jb,2021 week 6
153,hydro,0.0,jb,2021 week 6
154,hydro,0.0,jb,2021 week 6
155,hydro,0.0,jb,2021 week 6
156,hydro,0.0,jb,2021 week 6
157,hydro,0.0,jb,2021 week 6
158,hydro,0.0,jb,2021 week 6
159,hydro,0.0,jb,2021 week 6
160,hydro,0.0,jb,2021 week 6
161,hydro,0.0,jb,2021 week 6
162,hydro,0.0,jb,2021 week 6
163,hydro,0.0,jb,2021 week 6
164,hydro,0.0,jb,2021 week 6
165,hydro,0.0,jb,2021 week 6
166,hydro,0.0,jb,2021 week 6
167,hydro,0.0,jb,2021 week 6
168,hydro,0.0,jb,2021 week 6
1,wind,0.0,jb,2021 week 6
2,wind,0.0,jb,2021 week 6
3,wind,0.0,jb,2021 week 6
4,wind,0.0,jb,2021 week 6
5,wind,0.0,jb,2021 week 6
6,wind,0.0,jb,2021 week 6
7,wind,0.0,jb,2021 week 6
8,wind,0.0,jb,2021 week 6
9,wind,0.0,jb,2021 week 6
10,wind,0.0,jb,2021 week 6
11,wind,0.0,jb,2021 week 6
12,wind,0.0,jb,2021 week 6
13,wind,0.0,jb,2021 week 6
14,wind,0.0,jb,2021 week 6
15,wind,0.0,jb,2021 week 6
16,wind,0.0,jb,2021 week 6
17,wind,0.0,jb,2021 week 6
18,wind,0.0,jb,2021 week 6
19,wind,0.0,jb,2021 week 6
20,wind,0.0,jb,2021 week 6
21,wind,0.0,jb,2021 week 6
22,wind,0.0,jb,2021 week 6
23,wind,0.0,jb,2021 week 6
24,wind,0.0,jb,2021 week 6
25,wind,0.0,jb,2021 week 6
26,wind,0.0,jb,2021 week 6
27,wind,0.0,jb,2021 week 6
28,wind,0.0,jb,2021 week 6
29,wind,0.0,jb,2021 week 6
30,wind,0.0,jb,2021 week 6
31,wind,0.0,jb,2021 week 6
32,wind,0.0,jb,2021 week 6
33,wind,0.0,jb,2021 week 6
34,wind,0.0,jb,2021 week 6
35,wind,0.0,jb,2021 week 6
36,wind,0.0,jb,2021 week 6
37,wind,0.0,jb,2021 week 6
38,wind,0.0,jb,2021 week 6
39,wind,0.0,jb,2021 week 6
40,wind,0.0,jb,2021 week 6
41,wind,0.0,jb,2021 week 6
42,wind,0.0,jb,2021 week 6
43,wind,0.0,jb,2021 week 6
44,wind,0.0,jb,2021 week 6
45,wind,0.0,jb,2021 week 6
46,wind,0.0,jb,2021 week 6
47,wind,0.0,jb,2021 week 6
48,wind,0.0,jb,2021 week 6
49,wind,0.0,jb,2021 week 6
50,wind,0.0,jb,2021 week 6
51,wind,0.0,jb,2021 week 6
52,wind,0.0,jb,2021 week 6
53,wind,0.0,jb,2021 week 6
54,wind,0.0,jb,2021 week 6
55,wind,0.0,jb,2021 week 6
56,wind,0.0,jb,2021 week 6
57,wind,0.0,jb,2021 week 6
58,wind,0.0,jb,2021 week 6
59,wind,0.0,jb,2021 week 6
60,wind,0.0,jb,2021 week 6
61,wind,0.0,jb,2021 week 6
62,wind,0.0,jb,2021 week 6
63,wind,0.0,jb,2021 week 6
64,wind,0.0,jb,2021 week 6
65,wind,0.0,jb,2021 week 6
66,wind,0.0,jb,2021 week 6
67,wind,0.0,jb,2021 week 6
68,wind,0.0,jb,2021 week 6
69,wind,0.0,jb,2021 week 6
70,wind,0.0,jb,2021 week 6
71,wind,0.0,jb,2021 week 6
72,wind,0.0,jb,2021 week 6
73,wind,0.0,jb,2021 week 6
74,wind,0.0,jb,2021 week 6
75,wind,0.0,jb,2021 week 6
76,wind,0.0,jb,2021 week 6
77,wind,0.0,jb,2021 week 6
78,wind,0.0,jb,2021 week 6
79,wind,0.0,jb,2021 week 6
80,wind,0.0,jb,2021 week 6
81,wind,0.0,jb,2021 week 6
82,wind,0.0,jb,2021 week 6
83,wind,0.0,jb,2021 week 6
84,wind,0.0,jb,2021 week 6
85,wind,0.0,jb,2021 week 6
86,wind,0.0,jb,2021 week 6
87,wind,0.0,jb,2021 week 6
88,wind,0.0,jb,2021 week 6
89,wind,0.0,jb,2021 week 6
90,wind,0.0,jb,2021 week 6
91,wind,0.0,jb,2021 week 6
92,wind,0.0,jb,2021 week 6
93,wind,0.0,jb,2021 week 6
94,wind,0.0,jb,2021 week 6
95,wind,0.0,jb,2021 week 6
96,wind,0.0,jb,2021 week 6
97,wind,0.0,jb,2021 week 6
98,wind,0.0,jb,2021 week 6
99,wind,0.0,jb,2021 week 6
100,wind,0.0,jb,2021 week 6
101,wind,0.0,jb,2021 week 6
102,wind,0.0,jb,2021 week 6
103,wind,0.0,jb,2021 week 6
104,wind,0.0,jb,2021 week 6
105,wind,0.0,jb,2021 week 6
106,wind,0.0,jb,2021 week 6
107,wind,0.0,jb,2021 week 6
108,wind,0.0,jb,2021 week 6
109,wind,0.0,jb,2021 week 6
110,wind,0.0,jb,2021 week 6
111,wind,0.0,jb,2021 week 6
112,wind,0.0,jb,2021 week 6
113,wind,0.0,jb,2021 week 6
114,wind,0.0,jb,2021 week 6
115,wind,0.0,jb,2021 week 6
116,wind,0.0,jb,2021 week 6
117,wind,0.0,jb,2021 week 6
118,wind,0.0,jb,2021 week 6
119,wind,0.0,jb,2021 week 6
120,wind,0.0,jb,2021 week 6
121,wind,0.0,jb,2021 week 6
122,wind,0.0,jb,2021 week 6
123,wind,0.0,jb,2021 week 6
124,wind,0.0,jb,2021 week 6
125,wind,0.0,jb,2021 week 6
126,wind,0.0,jb,2021 week 6
127,wind,0.0,jb,2021 week 6
128,wind,0.0,jb,2021 week 6
129,wind,0.0,jb,2021 week 6
130,wind,0.0,jb,2021 week 6
131,wind,0.0,jb,2021 week 6
132,wind,0.0,jb,2021 week 6
133,wind,0.0,jb,2021 week 6
134,wind,0.0,jb,2021 week 6
135,wind,0.0,jb,2021 week 6
136,wind,0.0,jb,2021 week 6
137,wind,0.0,jb,2021 week 6
138,wind,0.0,jb,2021 week 6
139,wind,0.0,jb,2021 week 6
140,wind,0.0,jb,2021 week 6
141,wind,0.0,jb,2021 week 6
142,wind,0.0,jb,2021 week 6
143,wind,0.0,jb,2021 week 6
144,wind,0.0,jb,2021 week 6
145,wind,0.0,jb,2021 week 6
146,wind,0.0,jb,2021 week 6
147,wind,0.0,jb,2021 week 6
148,wind,0.0,jb,2021 week 6
149,wind,0.0,jb,2021 week 6
150,wind,0.0,jb,2021 week 6
151,wind,0.0,jb,2021 week 6
152,wind,0.0,jb,2021 week 6
153,wind,0.0,jb,2021 week 6
154,wind,0.0,jb,2021 week 6
155,wind,0.0,jb,2021 week 6
156,wind,0.0,jb,2021 week 6
157,wind,0.0,jb,2021 week 6
158,wind,0.0,jb,2021 week 6
159,wind,0.0,jb,2021 week 6
160,wind,0.0,jb,2021 week 6
161,wind,0.0,jb,2021 week 6
162,wind,0.0,jb,2021 week 6
163,wind,0.0,jb,2021 week 6
164,wind,0.0,jb,2021 week 6
165,wind,0.0,jb,2021 week 6
166,wind,0.0,jb,2021 week 6
167,wind,0.0,jb,2021 week 6
168,wind,0.0,jb,2021 week 6
1,solar,0.0,jb,2021 week 6
2,solar,0.0,jb,2021 week 6
3,solar,0.0,jb,2021 week 6
4,solar,0.0,jb,2021 week 6
5,solar,0.0,jb,2021 week 6
6,solar,0.0,jb,2021 week 6
7,solar,0.0,jb,2021 week 6
8,solar,0.0,jb,2021 week 6
9,solar,0.0,jb,2021 week 6
10,solar,0.0,jb,2021 week 6
11,solar,0.0,jb,2021 week 6
12,solar,0.0,jb,2021 week 6
13,solar,0.0,jb,2021 week 6
14,solar,0.0,jb,2021 week 6
15,solar,0.0,jb,2021 week 6
16,solar,0.0,jb,2021 week 6
17,solar,0.0,jb,2021 week 6
18,solar,0.0,jb,2021 week 6
19,solar,0.0,jb,2021 week 6
20,solar,0.0,jb,2021 week 6
21,solar,0.0,jb,2021 week 6
22,solar,0.0,jb,2021 week 6
23,solar,0.0,jb,2021 week 6
24,solar,0.0,jb,2021 week 6
25,solar,0.0,jb,2021 week 6
26,solar,0.0,jb,2021 week 6
27,solar,0.0,jb,2021 week 6
28,solar,0.0,jb,2021 week 6
29,solar,0.0,jb,2021 week 6
30,solar,0.0,jb,2021 week 6
31,solar,0.0,jb,2021 week 6
32,solar,0.0,jb,2021 week 6
33,solar,0.0,jb,2021 week 6
34,solar,0.0,jb,2021 week 6
35,solar,0.0,jb,2021 week 6
36,solar,0.0,jb,2021 week 6
37,solar,0.0,jb,2021 week 6
38,solar,0.0,jb,2021 week 6
39,solar,0.0,jb,2021 week 6
40,solar,0.0,jb,2021 week 6
41,solar,0.0,jb,2021 week 6
42,solar,0.0,jb,2021 week 6
43,solar,0.0,jb,2021 week 6
44,solar,0.0,jb,2021 week 6
45,solar,0.0,jb,2021 week 6
46,solar,0.0,jb,2021 week 6
47,solar,0.0,jb,2021 week 6
48,solar,0.0,jb,2021 week 6
49,solar,0.0,jb,2021 week 6
50,solar,0.0,jb,2021 week 6
51,solar,0.0,jb,2021 week 6
52,solar,0.0,jb,2021 week 6
53,solar,0.0,jb,2021 week 6
54,solar,0.0,jb,2021 week 6
55,solar,0.0,jb,2021 week 6
56,solar,0.0,jb,2021 week 6
57,solar,0.0,jb,2021 week 6
58,solar,0.0,jb,2021 week 6
59,solar,0.0,jb,2021 week 6
60,solar,0.0,jb,2021 week 6
61,solar,0.0,jb,2021 week 6
62,solar,0.0,jb,2021 week 6
63,solar,0.0,jb,2021 week 6
64,solar,0.0,jb,2021 week 6
65,solar,0.0,jb,2021 week 6
66,solar,0.0,jb,2021 week 6
67,solar,0.0,jb,2021 week 6
68,solar,0.0,jb,2021 week 6
69,solar,0.0,jb,2021 week 6
70,solar,0.0,jb,2021 week 6
71,solar,0.0,jb,2021 week 6
72,solar,0.0,jb,2021 week 6
73,solar,0.0,jb,2021 week 6
74,solar,0.0,jb,2021 week 6
75,solar,0.0,jb,2021 week 6
76,solar,0.0,jb,2021 week 6
77,solar,0.0,jb,2021 week 6
78,solar,0.0,jb,2021 week 6
79,solar,0.0,jb,2021 week 6
80,solar,0.0,jb,2021 week 6
81,solar,0.0,jb,2021 week 6
82,solar,0.0,jb,2021 week 6
83,solar,0.0,jb,2021 week 6
84,solar,0.0,jb,2021 week 6
85,solar,0.0,jb,2021 week 6
86,solar,0.0,jb,2021 week 6
87,solar,0.0,jb,2021 week 6
88,solar,0.0,jb,2021 week 6
89,solar,0.0,jb,2021 week 6
90,solar,0.0,jb,2021 week 6
91,solar,0.0,jb,2021 week 6
92,solar,0.0,jb,2021 week 6
93,solar,0.0,jb,2021 week 6
94,solar,0.0,jb,2021 week 6
95,solar,0.0,jb,2021 week 6
96,solar,0.0,jb,2021 week 6
97,solar,0.0,jb,2021 week 6
98,solar,0.0,jb,2021 week 6
99,solar,0.0,jb,2021 week 6
100,solar,0.0,jb,2021 week 6
101,solar,0.0,jb,2021 week 6
102,solar,0.0,jb,2021 week 6
103,solar,0.0,jb,2021 week 6
104,solar,0.0,jb,2021 week 6
105,solar,0.0,jb,2021 week 6
106,solar,0.0,jb,2021 week 6
107,solar,0.0,jb,2021 week 6
108,solar,0.0,jb,2021 week 6
109,solar,0.0,jb,2021 week 6
110,solar,0.0,jb,2021 week 6
111,solar,0.0,jb,2021 week 6
112,solar,0.0,jb,2021 week 6
113,solar,0.0,jb,2021 week 6
114,solar,0.0,jb,2021 week 6
115,solar,0.0,jb,2021 week 6
116,solar,0.0,jb,2021 week 6
117,solar,0.0,jb,2021 week 6
118,solar,0.0,jb,2021 week 6
119,solar,0.0,jb,2021 week 6
120,solar,0.0,jb,2021 week 6
121,solar,0.0,jb,2021 week 6
122,solar,0.0,jb,2021 week 6
123,solar,0.0,jb,2021 week 6
124,solar,0.0,jb,2021 week 6
125,solar,0.0,jb,2021 week 6
126,solar,0.0,jb,2021 week 6
127,solar,0.0,jb,2021 week 6
128,solar,0.0,jb,2021 week 6
129,solar,0.0,jb,2021 week 6
130,solar,0.0,jb,2021 week 6
131,solar,0.0,jb,2021 week 6
132,solar,0.0,jb,2021 week 6
133,solar,0.0,jb,2021 week 6
134,solar,0.0,jb,2021 week 6
135,solar,0.0,jb,2021 week 6
136,solar,0.0,jb,2021 week 6
137,solar,0.0,jb,2021 week 6
138,solar,0.0,jb,2021 week 6
139,solar,0.0,jb,2021 week 6
140,solar,0.0,jb,2021 week 6
141,solar,0.0,jb,2021 week 6
142,solar,0.0,jb,2021 week 6
143,solar,0.0,jb,2021 week 6
144,solar,0.0,jb,2021 week 6
145,solar,0.0,jb,2021 week 6
146,solar,0.0,jb,2021 week 6
147,solar,0.0,jb,2021 week 6
148,solar,0.0,jb,2021 week 6
149,solar,0.0,jb,2021 week 6
150,solar,0.0,jb,2021 week 6
151,solar,0.0,jb,2021 week 6
152,solar,0.0,jb,2021 week 6
153,solar,0.0,jb,2021 week 6
154,solar,0.0,jb,2021 week 6
155,solar,0.0,jb,2021 week 6
156,solar,0.0,jb,2021 week 6
157,solar,0.0,jb,2021 week 6
158,solar,0.0,jb,2021 week 6
159,solar,0.0,jb,2021 week 6
160,solar,0.0,jb,2021 week 6
161,solar,0.0,jb,2021 week 6
162,solar,0.0,jb,2021 week 6
163,solar,0.0,jb,2021 week 6
164,solar,0.0,jb,2021 week 6
165,solar,0.0,jb,2021 week 6
166,solar,0.0,jb,2021 week 6
167,solar,0.0,jb,2021 week 6
168,solar,0.0,jb,2021 week 6
1,stor,0.0,jb,2021 week 6
2,stor,0.0,jb,2021 week 6
3,stor,0.0,jb,2021 week 6
4,stor,0.0,jb,2021 week 6
5,stor,0.0,jb,2021 week 6
6,stor,0.0,jb,2021 week 6
7,stor,0.0,jb,2021 week 6
8,stor,0.0,jb,2021 week 6
9,stor,0.0,jb,2021 week 6
10,stor,0.0,jb,2021 week 6
11,stor,0.0,jb,2021 week 6
12,stor,0.0,jb,2021 week 6
13,stor,0.0,jb,2021 week 6
14,stor,0.0,jb,2021 week 6
15,stor,0.0,jb,2021 week 6
16,stor,0.0,jb,2021 week 6
17,stor,0.0,jb,2021 week 6
18,stor,0.0,jb,2021 week 6
19,stor,0.0,jb,2021 week 6
20,stor,0.0,jb,2021 week 6
21,stor,0.0,jb,2021 week 6
22,stor,0.0,jb,2021 week 6
23,stor,0.0,jb,2021 week 6
24,stor,0.0,jb,2021 week 6
25,stor,0.0,jb,2021 week 6
26,stor,0.0,jb,2021 week 6
27,stor,0.0,jb,2021 week 6
28,stor,0.0,jb,2021 week 6
29,stor,0.0,jb,2021 week 6
30,stor,0.0,jb,2021 week 6
31,stor,0.0,jb,2021 week 6
32,stor,0.0,jb,2021 week 6
33,stor,0.0,jb,2021 week 6
34,stor,0.0,jb,2021 week 6
35,stor,0.0,jb,2021 week 6
36,stor,0.0,jb,2021 week 6
37,stor,0.0,jb,2021 week 6
38,stor,0.0,jb,2021 week 6
39,stor,0.0,jb,2021 week 6
40,stor,0.0,jb,2021 week 6
41,stor,0.0,jb,2021 week 6
42,stor,0.0,jb,2021 week 6
43,stor,0.0,jb,2021 week 6
44,stor,0.0,jb,2021 week 6
45,stor,0.0,jb,2021 week 6
46,stor,0.0,jb,2021 week 6
47,stor,0.0,jb,2021 week 6
48,stor,0.0,jb,2021 week 6
49,stor,0.0,jb,2021 week 6
50,stor,0.0,jb,2021 week 6
51,stor,0.0,jb,2021 week 6
52,stor,0.0,jb,2021 week 6
53,stor,0.0,jb,2021 week 6
54,stor,0.0,jb,2021 week 6
55,stor,0.0,jb,2021 week 6
56,stor,0.0,jb,2021 week 6
57,stor,0.0,jb,2021 week 6
58,stor,0.0,jb,2021 week 6
59,stor,0.0,jb,2021 week 6
60,stor,0.0,jb,2021 week 6
61,stor,0.0,jb,2021 week 6
62,stor,0.0,jb,2021 week 6
63,stor,0.0,jb,2021 week 6
64,stor,0.0,jb,2021 week 6
65,stor,0.0,jb,2021 week 6
66,stor,0.0,jb,2021 week 6
67,stor,0.0,jb,2021 week 6
68,stor,0.0,jb,2021 week 6
69,stor,0.0,jb,2021 week 6
70,stor,0.0,jb,2021 week 6
71,stor,0.0,jb,2021 week 6
72,stor,0.0,jb,2021 week 6
73,stor,0.0,jb,2021 week 6
74,stor,0.0,jb,2021 week 6
75,stor,0.0,jb,2021 week 6
76,stor,0.0,jb,2021 week 6
77,stor,0.0,jb,2021 week 6
78,stor,0.0,jb,2021 week 6
79,stor,0.0,jb,2021 week 6
80,stor,0.0,jb,2021 week 6
81,stor,0.0,jb,2021 week 6
82,stor,0.0,jb,2021 week 6
83,stor,0.0,jb,2021 week 6
84,stor,0.0,jb,2021 week 6
85,stor,0.0,jb,2021 week 6
86,stor,0.0,jb,2021 week 6
87,stor,0.0,jb,2021 week 6
88,stor,0.0,jb,2021 week 6
89,stor,0.0,jb,2021 week 6
90,stor,0.0,jb,2021 week 6
91,stor,0.0,jb,2021 week 6
92,stor,0.0,jb,2021 week 6
93,stor,0.0,jb,2021 week 6
94,stor,0.0,jb,2021 week 6
95,stor,0.0,jb,2021 week 6
96,stor,0.0,jb,2021 week 6
97,stor,0.0,jb,2021 week 6
98,stor,0.0,jb,2021 week 6
99,stor,0.0,jb,2021 week 6
100,stor,0.0,jb,2021 week 6
101,stor,0.0,jb,2021 week 6
102,stor,0.0,jb,2021 week 6
103,stor,0.0,jb,2021 week 6
104,stor,0.0,jb,2021 week 6
105,stor,0.0,jb,2021 week 6
106,stor,0.0,jb,2021 week 6
107,stor,0.0,jb,2021 week 6
108,stor,0.0,jb,2021 week 6
109,stor,0.0,jb,2021 week 6
110,stor,0.0,jb,2021 week 6
111,stor,0.0,jb,2021 week 6
112,stor,0.0,jb,2021 week 6
113,stor,0.0,jb,2021 week 6
114,stor,0.0,jb,2021 week 6
115,stor,0.0,jb,2021 week 6
116,stor,0.0,jb,2021 week 6
117,stor,0.0,jb,2021 week 6
118,stor,0.0,jb,2021 week 6
119,stor,0.0,jb,2021 week 6
120,stor,0.0,jb,2021 week 6
121,stor,0.0,jb,2021 week 6
122,stor,0.0,jb,2021 week 6
123,stor,0.0,jb,2021 week 6
124,stor,0.0,jb,2021 week 6
125,stor,0.0,jb,2021 week 6
126,stor,0.0,jb,2021 week 6
127,stor,0.0,jb,2021 week 6
128,stor,0.0,jb,2021 week 6
129,stor,0.0,jb,2021 week 6
130,stor,0.0,jb,2021 week 6
131,stor,0.0,jb,2021 week 6
132,stor,0.0,jb,2021 week 6
133,stor,0.0,jb,2021 week 6
134,stor,0.0,jb,2021 week 6
135,stor,0.0,jb,2021 week 6
136,stor,0.0,jb,2021 week 6
137,stor,0.0,jb,2021 week 6
138,stor,0.0,jb,2021 week 6
139,stor,0.0,jb,2021 week 6
140,stor,0.0,jb,2021 week 6
141,stor,0.0,jb,2021 week 6
142,stor,0.0,jb,2021 week 6
143,stor,0.0,jb,2021 week 6
144,stor,0.0,jb,2021 week 6
145,stor,0.0,jb,2021 week 6
146,stor,0.0,jb,2021 week 6
147,stor,0.0,jb,2021 week 6
148,stor,0.0,jb,2021 week 6
149,stor,0.0,jb,2021 week 6
150,stor,0.0,jb,2021 week 6
151,stor,0.0,jb,2021 week 6
152,stor,0.0,jb,2021 week 6
153,stor,0.0,jb,2021 week 6
154,stor,0.0,jb,2021 week 6
155,stor,0.0,jb,2021 week 6
156,stor,0.0,jb,2021 week 6
157,stor,0.0,jb,2021 week 6
158,stor,0.0,jb,2021 week 6
159,stor,0.0,jb,2021 week 6
160,stor,0.0,jb,2021 week 6
161,stor,0.0,jb,2021 week 6
162,stor,0.0,jb,2021 week 6
163,stor,0.0,jb,2021 week 6
164,stor,0.0,jb,2021 week 6
165,stor,0.0,jb,2021 week 6
166,stor,0.0,jb,2021 week 6
167,stor,0.0,jb,2021 week 6
168,stor,0.0,jb,2021 week 6
1,net_import,2423.596933968464,jb,2021 week 6
2,net_import,2319.459976432858,jb,2021 week 6
3,net_import,2319.459976432858,jb,2021 week 6
4,net_import,2319.459976432858,jb,2021 week 6
5,net_import,2319.459976432858,jb,2021 week 6
6,net_import,2319.459976432858,jb,2021 week 6
7,net_import,2423.596933968464,jb,2021 week 6
8,net_import,2423.596933968464,jb,2021 week 6
9,net_import,2423.596933968464,jb,2021 week 6
10,net_import,2423.596933968464,jb,2021 week 6
11,net_import,2423.596933968464,jb,2021 week 6
12,net_import,2423.596933968464,jb,2021 week 6
13,net_import,2319.459976432858,jb,2021 week 6
14,net_import,2319.459976432858,jb,2021 week 6
15,net_import,2319.459976432858,jb,2021 week 6
16,net_import,2423.596933968464,jb,2021 week 6
17,net_import,2546.110230457782,jb,2021 week 6
18,net_import,2546.110230457782,jb,2021 week 6
19,net_import,2546.110230457782,jb,2021 week 6
20,net_import,2546.110230457782,jb,2021 week 6
21,net_import,2546.110230457782,jb,2021 week 6
22,net_import,2546.110230457782,jb,2021 week 6
23,net_import,2546.110230457782,jb,2021 week 6
24,net_import,2546.110230457782,jb,2021 week 6
25,net_import,2425.86202530061,jb,2021 week 6
26,net_import,2320.1940939262463,jb,2021 week 6
27,net_import,2320.1940939262463,jb,2021 week 6
28,net_import,2320.1940939262463,jb,2021 week 6
29,net_import,2320.1940939262463,jb,2021 week 6
30,net_import,2320.1940939262463,jb,2021 week 6
31,net_import,2425.86202530061,jb,2021 week 6
32,net_import,2425.86202530061,jb,2021 week 6
33,net_import,2425.86202530061,jb,2021 week 6
34,net_import,2425.86202530061,jb,2021 week 6
35,net_import,2425.86202530061,jb,2021 week 6
36,net_import,2425.86202530061,jb,2021 week 6
37,net_import,2320.1940939262463,jb,2021 week 6
38,net_import,2320.1940939262463,jb,2021 week 6
39,net_import,2320.1940939262463,jb,2021 week 6
40,net_import,2425.86202530061,jb,2021 week 6
41,net_import,2549.999975736012,jb,2021 week 6
42,net_import,2549.999975736012,jb,2021 week 6
43,net_import,2549.999975736012,jb,2021 week 6
44,net_import,2549.999975736012,jb,2021 week 6
45,net_import,2549.999975736012,jb,2021 week 6
46,net_import,2549.999975736012,jb,2021 week 6
47,net_import,2549.999975736012,jb,2021 week 6
48,net_import,2549.999975736012,jb,2021 week 6
49,net_import,2427.5374595798576,jb,2021 week 6
50,net_import,2322.7944191749743,jb,2021 week 6
51,net_import,2322.7944191749743,jb,2021 week 6
52,net_import,2322.7944191749743,jb,2021 week 6
53,net_import,2322.7944191749743,jb,2021 week 6
54,net_import,2322.7944191749743,jb,2021 week 6
55,net_import,2427.5374595798576,jb,2021 week 6
56,net_import,2427.5374595798576,jb,2021 week 6
57,net_import,2427.5374595798576,jb,2021 week 6
58,net_import,2427.5374595798576,jb,2021 week 6
59,net_import,2427.5374595798576,jb,2021 week 6
60,net_import,2427.5374595798576,jb,2021 week 6
61,net_import,2322.7944191749743,jb,2021 week 6
62,net_import,2322.7944191749743,jb,2021 week 6
63,net_import,2322.7944191749743,jb,2021 week 6
64,net_import,2427.5374595798576,jb,2021 week 6
65,net_import,2295.62453439855,jb,2021 week 6
66,net_import,2295.62453439855,jb,2021 week 6
67,net_import,2295.62453439855,jb,2021 week 6
68,net_import,2295.62453439855,jb,2021 week 6
69,net_import,2550.6939268886063,jb,2021 week 6
70,net_import,2550.6939268886063,jb,2021 week 6
71,net_import,2550.6939268886063,jb,2021 week 6
72,net_import,2550.6939268886063,jb,2021 week 6
73,net_import,2412.0593850686673,jb,2021 week 6
74,net_import,2307.957158275178,jb,2021 week 6
75,net_import,2307.957158275178,jb,2021 week 6
76,net_import,2307.957158275178,jb,2021 week 6
77,net_import,2307.957158275178,jb,2021 week 6
78,net_import,2307.957158275178,jb,2021 week 6
79,net_import,2412.0593850686673,jb,2021 week 6
80,net_import,2412.0593850686673,jb,2021 week 6
81,net_import,2412.0593850686673,jb,2021 week 6
82,net_import,2412.0593850686673,jb,2021 week 6
83,net_import,2412.0593850686673,jb,2021 week 6
84,net_import,2412.0593850686673,jb,2021 week 6
85,net_import,2307.957158275178,jb,2021 week 6
86,net_import,2307.957158275178,jb,2021 week 6
87,net_import,2307.957158275178,jb,2021 week 6
88,net_import,2412.0593850686673,jb,2021 week 6
89,net_import,2534.53582660529,jb,2021 week 6
90,net_import,2534.53582660529,jb,2021 week 6
91,net_import,2534.53582660529,jb,2021 week 6
92,net_import,2534.53582660529,jb,2021 week 6
93,net_import,2534.53582660529,jb,2021 week 6
94,net_import,2534.53582660529,jb,2021 week 6
95,net_import,2534.53582660529,jb,2021 week 6
96,net_import,2534.53582660529,jb,2021 week 6
97,net_import,2404.9200736846387,jb,2021 week 6
98,net_import,2300.0350581454727,jb,2021 week 6
99,net_import,2300.0350581454727,jb,2021 week 6
100,net_import,2300.0350581454727,jb,2021 week 6
101,net_import,2300.0350581454727,jb,2021 week 6
102,net_import,2300.0350581454727,jb,2021 week 6
103,net_import,2404.9200736846387,jb,2021 week 6
104,net_import,2404.9200736846387,jb,2021 week 6
105,net_import,2404.9200736846387,jb,2021 week 6
106,net_import,2404.9200736846387,jb,2021 week 6
107,net_import,2404.9200736846387,jb,2021 week 6
108,net_import,2404.9200736846387,jb,2021 week 6
109,net_import,2300.0350581454727,jb,2021 week 6
110,net_import,2300.0350581454727,jb,2021 week 6
111,net_import,2300.0350581454727,jb,2021 week 6
112,net_import,2404.9200736846387,jb,2021 week 6
113,net_import,2528.2271995696847,jb,2021 week 6
114,net_import,2528.2271995696847,jb,2021 week 6
115,net_import,2528.2271995696847,jb,2021 week 6
116,net_import,2528.2271995696847,jb,2021 week 6
117,net_import,2528.2271995696847,jb,2021 week 6
118,net_import,2528.2271995696847,jb,2021 week 6
119,net_import,2528.2271995696847,jb,2021 week 6
120,net_import,2528.2271995696847,jb,2021 week 6
121,net_import,2404.9200736846387,jb,2021 week 6
122,net_import,2300.0350581454727,jb,2021 week 6
123,net_import,2300.0350581454727,jb,2021 week 6
124,net_import,2300.0350581454727,jb,2021 week 6
125,net_import,2300.0350581454727,jb,2021 week 6
126,net_import,2300.0350581454727,jb,2021 week 6
127,net_import,2404.9200736846387,jb,2021 week 6
128,net_import,2404.9200736846387,jb,2021 week 6
129,net_import,2404.9200736846387,jb,2021 week 6
130,net_import,2404.9200736846387,jb,2021 week 6
131,net_import,2404.9200736846387,jb,2021 week 6
132,net_import,2404.9200736846387,jb,2021 week 6
133,net_import,2300.0350581454727,jb,2021 week 6
134,net_import,2300.0350581454727,jb,2021 week 6
135,net_import,2300.0350581454727,jb,2021 week 6
136,net_import,2404.9200736846387,jb,2021 week 6
137,net_import,2528.2271995696847,jb,2021 week 6
138,net_import,2528.2271995696847,jb,2021 week 6
139,net_import,2528.2271995696847,jb,2021 week 6
140,net_import,2528.2271995696847,jb,2021 week 6
141,net_import,2528.2271995696847,jb,2021 week 6
142,net_import,2528.2271995696847,jb,2021 week 6
143,net_import,2528.2271995696847,jb,2021 week 6
144,net_import,2528.2271995696847,jb,2021 week 6
145,net_import,2412.1463183362157,jb,2021 week 6
146,net_import,2303.3976784501524,jb,2021 week 6
147,net_import,2303.3976784501524,jb,2021 week 6
148,net_import,2303.3976784501524,jb,2021 week 6
149,net_import,2303.3976784501524,jb,2021 week 6
150,net_import,2303.3976784501524,jb,2021 week 6
151,net_import,2412.1463183362157,jb,2021 week 6
152,net_import,2412.1463183362157,jb,2021 week 6
153,net_import,2412.1463183362157,jb,2021 week 6
154,net_import,2412.1463183362157,jb,2021 week 6
155,net_import,2412.1463183362157,jb,2021 week 6
156,net_import,2412.1463183362157,jb,2021 week 6
157,net_import,2303.3976784501524,jb,2021 week 6
158,net_import,2303.3976784501524,jb,2021 week 6
159,net_import,2303.3976784501524,jb,2021 week 6
160,net_import,2412.1463183362157,jb,2021 week 6
161,net_import,2539.553486346897,jb,2021 week 6
162,net_import,2539.553486346897,jb,2021 week 6
163,net_import,2539.553486346897,jb,2021 week 6
164,net_import,2539.553486346897,jb,2021 week 6
165,net_import,2539.553486346897,jb,2021 week 6
166,net_import,2539.553486346897,jb,2021 week 6
167,net_import,2539.553486346897,jb,2021 week 6
168,net_import,2539.553486346897,jb,2021 week 6
1,nse,0.0,jb,2021 week 6
2,nse,0.0,jb,2021 week 6
3,nse,0.0,jb,2021 week 6
4,nse,0.0,jb,2021 week 6
5,nse,0.0,jb,2021 week 6
6,nse,0.0,jb,2021 week 6
7,nse,0.0,jb,2021 week 6
8,nse,0.0,jb,2021 week 6
9,nse,0.0,jb,2021 week 6
10,nse,0.0,jb,2021 week 6
11,nse,0.0,jb,2021 week 6
12,nse,0.0,jb,2021 week 6
13,nse,0.0,jb,2021 week 6
14,nse,0.0,jb,2021 week 6
15,nse,0.0,jb,2021 week 6
16,nse,0.0,jb,2021 week 6
17,nse,0.0,jb,2021 week 6
18,nse,0.0,jb,2021 week 6
19,nse,0.0,jb,2021 week 6
20,nse,0.0,jb,2021 week 6
21,nse,0.0,jb,2021 week 6
22,nse,0.0,jb,2021 week 6
23,nse,0.0,jb,2021 week 6
24,nse,0.0,jb,2021 week 6
25,nse,0.0,jb,2021 week 6
26,nse,0.0,jb,2021 week 6
27,nse,0.0,jb,2021 week 6
28,nse,0.0,jb,2021 week 6
29,nse,0.0,jb,2021 week 6
30,nse,0.0,jb,2021 week 6
31,nse,0.0,jb,2021 week 6
32,nse,0.0,jb,2021 week 6
33,nse,0.0,jb,2021 week 6
34,nse,0.0,jb,2021 week 6
35,nse,0.0,jb,2021 week 6
36,nse,0.0,jb,2021 week 6
37,nse,0.0,jb,2021 week 6
38,nse,0.0,jb,2021 week 6
39,nse,0.0,jb,2021 week 6
40,nse,0.0,jb,2021 week 6
41,nse,0.0,jb,2021 week 6
42,nse,0.0,jb,2021 week 6
43,nse,0.0,jb,2021 week 6
44,nse,0.0,jb,2021 week 6
45,nse,0.0,jb,2021 week 6
46,nse,0.0,jb,2021 week 6
47,nse,0.0,jb,2021 week 6
48,nse,0.0,jb,2021 week 6
49,nse,0.0,jb,2021 week 6
50,nse,0.0,jb,2021 week 6
51,nse,0.0,jb,2021 week 6
52,nse,0.0,jb,2021 week 6
53,nse,0.0,jb,2021 week 6
54,nse,0.0,jb,2021 week 6
55,nse,0.0,jb,2021 week 6
56,nse,0.0,jb,2021 week 6
57,nse,0.0,jb,2021 week 6
58,nse,0.0,jb,2021 week 6
59,nse,0.0,jb,2021 week 6
60,nse,0.0,jb,2021 week 6
61,nse,0.0,jb,2021 week 6
62,nse,0.0,jb,2021 week 6
63,nse,0.0,jb,2021 week 6
64,nse,0.0,jb,2021 week 6
65,nse,252.88271590290017,jb,2021 week 6
66,nse,252.88271590290017,jb,2021 week 6
67,nse,252.88271590290017,jb,2021 week 6
68,nse,252.88271590290017,jb,2021 week 6
69,nse,0.0,jb,2021 week 6
70,nse,0.0,jb,2021 week 6
71,nse,0.0,jb,2021 week 6
72,nse,0.0,jb,2021 week 6
73,nse,0.0,jb,2021 week 6
74,nse,0.0,jb,2021 week 6
75,nse,0.0,jb,2021 week 6
76,nse,0.0,jb,2021 week 6
77,nse,0.0,jb,2021 week 6
78,nse,0.0,jb,2021 week 6
79,nse,0.0,jb,2021 week 6
80,nse,0.0,jb,2021 week 6
81,nse,0.0,jb,2021 week 6
82,nse,0.0,jb,2021 week 6
83,nse,0.0,jb,2021 week 6
84,nse,0.0,jb,2021 week 6
85,nse,0.0,jb,2021 week 6
86,nse,0.0,jb,2021 week 6
87,nse,0.0,jb,2021 week 6
88,nse,0.0,jb,2021 week 6
89,nse,0.0,jb,2021 week 6
90,nse,0.0,jb,2021 week 6
91,nse,0.0,jb,2021 week 6
92,nse,0.0,jb,2021 week 6
93,nse,0.0,jb,2021 week 6
94,nse,0.0,jb,2021 week 6
95,nse,0.0,jb,2021 week 6
96,nse,0.0,jb,2021 week 6
97,nse,0.0,jb,2021 week 6
98,nse,0.0,jb,2021 week 6
99,nse,0.0,jb,2021 week 6
100,nse,0.0,jb,2021 week 6
101,nse,0.0,jb,2021 week 6
102,nse,0.0,jb,2021 week 6
103,nse,0.0,jb,2021 week 6
104,nse,0.0,jb,2021 week 6
105,nse,0.0,jb,2021 week 6
106,nse,0.0,jb,2021 week 6
107,nse,0.0,jb,2021 week 6
108,nse,0.0,jb,2021 week 6
109,nse,0.0,jb,2021 week 6
110,nse,0.0,jb,2021 week 6
111,nse,0.0,jb,2021 week 6
112,nse,0.0,jb,2021 week 6
113,nse,0.0,jb,2021 week 6
114,nse,0.0,jb,2021 week 6
115,nse,0.0,jb,2021 week 6
116,nse,0.0,jb,2021 week 6
117,nse,0.0,jb,2021 week 6
118,nse,0.0,jb,2021 week 6
119,nse,0.0,jb,2021 week 6
120,nse,0.0,jb,2021 week 6
121,nse,0.0,jb,2021 week 6
122,nse,0.0,jb,2021 week 6
123,nse,0.0,jb,2021 week 6
124,nse,0.0,jb,2021 week 6
125,nse,0.0,jb,2021 week 6
126,nse,0.0,jb,2021 week 6
127,nse,0.0,jb,2021 week 6
128,nse,0.0,jb,2021 week 6
129,nse,0.0,jb,2021 week 6
130,nse,0.0,jb,2021 week 6
131,nse,0.0,jb,2021 week 6
132,nse,0.0,jb,2021 week 6
133,nse,0.0,jb,2021 week 6
134,nse,0.0,jb,2021 week 6
135,nse,0.0,jb,2021 week 6
136,nse,0.0,jb,2021 week 6
137,nse,0.0,jb,2021 week 6
138,nse,0.0,jb,2021 week 6
139,nse,0.0,jb,2021 week 6
140,nse,0.0,jb,2021 week 6
141,nse,0.0,jb,2021 week 6
142,nse,0.0,jb,2021 week 6
143,nse,0.0,jb,2021 week 6
144,nse,0.0,jb,2021 week 6
145,nse,0.0,jb,2021 week 6
146,nse,0.0,jb,2021 week 6
147,nse,0.0,jb,2021 week 6
148,nse,0.0,jb,2021 week 6
149,nse,0.0,jb,2021 week 6
150,nse,0.0,jb,2021 week 6
151,nse,0.0,jb,2021 week 6
152,nse,0.0,jb,2021 week 6
153,nse,0.0,jb,2021 week 6
154,nse,0.0,jb,2021 week 6
155,nse,0.0,jb,2021 week 6
156,nse,0.0,jb,2021 week 6
157,nse,0.0,jb,2021 week 6
158,nse,0.0,jb,2021 week 6
159,nse,0.0,jb,2021 week 6
160,nse,0.0,jb,2021 week 6
161,nse,0.0,jb,2021 week 6
162,nse,0.0,jb,2021 week 6
163,nse,0.0,jb,2021 week 6
164,nse,0.0,jb,2021 week 6
165,nse,0.0,jb,2021 week 6
166,nse,0.0,jb,2021 week 6
167,nse,0.0,jb,2021 week 6
168,nse,0.0,jb,2021 week 6
1,demand,2423.596933968264,jb,2021 week 6
2,demand,2319.459976432658,jb,2021 week 6
3,demand,2319.459976432658,jb,2021 week 6
4,demand,2319.459976432658,jb,2021 week 6
5,demand,2319.459976432658,jb,2021 week 6
6,demand,2319.459976432658,jb,2021 week 6
7,demand,2423.596933968264,jb,2021 week 6
8,demand,2423.596933968264,jb,2021 week 6
9,demand,2423.596933968264,jb,2021 week 6
10,demand,2423.596933968264,jb,2021 week 6
11,demand,2423.596933968264,jb,2021 week 6
12,demand,2423.596933968264,jb,2021 week 6
13,demand,2319.459976432658,jb,2021 week 6
14,demand,2319.459976432658,jb,2021 week 6
15,demand,2319.459976432658,jb,2021 week 6
16,demand,2423.596933968264,jb,2021 week 6
17,demand,2546.110230457582,jb,2021 week 6
18,demand,2546.110230457582,jb,2021 week 6
19,demand,2546.110230457582,jb,2021 week 6
20,demand,2546.110230457582,jb,2021 week 6
21,demand,2546.110230457582,jb,2021 week 6
22,demand,2546.110230457582,jb,2021 week 6
23,demand,2546.110230457582,jb,2021 week 6
24,demand,2546.110230457582,jb,2021 week 6
25,demand,2425.86202530041,jb,2021 week 6
26,demand,2320.194093926046,jb,2021 week 6
27,demand,2320.194093926046,jb,2021 week 6
28,demand,2320.194093926046,jb,2021 week 6
29,demand,2320.194093926046,jb,2021 week 6
30,demand,2320.194093926046,jb,2021 week 6
31,demand,2425.86202530041,jb,2021 week 6
32,demand,2425.86202530041,jb,2021 week 6
33,demand,2425.86202530041,jb,2021 week 6
34,demand,2425.86202530041,jb,2021 week 6
35,demand,2425.86202530041,jb,2021 week 6
36,demand,2425.86202530041,jb,2021 week 6
37,demand,2320.194093926046,jb,2021 week 6
38,demand,2320.194093926046,jb,2021 week 6
39,demand,2320.194093926046,jb,2021 week 6
40,demand,2425.86202530041,jb,2021 week 6
41,demand,2549.999975735812,jb,2021 week 6
42,demand,2549.999975735812,jb,2021 week 6
43,demand,2549.999975735812,jb,2021 week 6
44,demand,2549.999975735812,jb,2021 week 6
45,demand,2549.999975735812,jb,2021 week 6
46,demand,2549.999975735812,jb,2021 week 6
47,demand,2549.999975735812,jb,2021 week 6
48,demand,2549.999975735812,jb,2021 week 6
49,demand,2427.5374595796575,jb,2021 week 6
50,demand,2322.7944191747742,jb,2021 week 6
51,demand,2322.7944191747742,jb,2021 week 6
52,demand,2322.7944191747742,jb,2021 week 6
53,demand,2322.7944191747742,jb,2021 week 6
54,demand,2322.7944191747742,jb,2021 week 6
55,demand,2427.5374595796575,jb,2021 week 6
56,demand,2427.5374595796575,jb,2021 week 6
57,demand,2427.5374595796575,jb,2021 week 6
58,demand,2427.5374595796575,jb,2021 week 6
59,demand,2427.5374595796575,jb,2021 week 6
60,demand,2427.5374595796575,jb,2021 week 6
61,demand,2322.7944191747742,jb,2021 week 6
62,demand,2322.7944191747742,jb,2021 week 6
63,demand,2322.7944191747742,jb,2021 week 6
64,demand,2427.5374595796575,jb,2021 week 6
65,demand,2548.50725030125,jb,2021 week 6
66,demand,2548.50725030125,jb,2021 week 6
67,demand,2548.50725030125,jb,2021 week 6
68,demand,2548.50725030125,jb,2021 week 6
69,demand,2550.693926888406,jb,2021 week 6
70,demand,2550.693926888406,jb,2021 week 6
71,demand,2550.693926888406,jb,2021 week 6
72,demand,2550.693926888406,jb,2021 week 6
73,demand,2412.0593850684672,jb,2021 week 6
74,demand,2307.9571582749777,jb,2021 week 6
75,demand,2307.9571582749777,jb,2021 week 6
76,demand,2307.9571582749777,jb,2021 week 6
77,demand,2307.9571582749777,jb,2021 week 6
78,demand,2307.9571582749777,jb,2021 week 6
79,demand,2412.0593850684672,jb,2021 week 6
80,demand,2412.0593850684672,jb,2021 week 6
81,demand,2412.0593850684672,jb,2021 week 6
82,demand,2412.0593850684672,jb,2021 week 6
83,demand,2412.0593850684672,jb,2021 week 6
84,demand,2412.0593850684672,jb,2021 week 6
85,demand,2307.9571582749777,jb,2021 week 6
86,demand,2307.9571582749777,jb,2021 week 6
87,demand,2307.9571582749777,jb,2021 week 6
88,demand,2412.0593850684672,jb,2021 week 6
89,demand,2534.53582660509,jb,2021 week 6
90,demand,2534.53582660509,jb,2021 week 6
91,demand,2534.53582660509,jb,2021 week 6
92,demand,2534.53582660509,jb,2021 week 6
93,demand,2534.53582660509,jb,2021 week 6
94,demand,2534.53582660509,jb,2021 week 6
95,demand,2534.53582660509,jb,2021 week 6
96,demand,2534.53582660509,jb,2021 week 6
97,demand,2404.920073684438,jb,2021 week 6
98,demand,2300.0350581452726,jb,2021 week 6
99,demand,2300.0350581452726,jb,2021 week 6
100,demand,2300.0350581452726,jb,2021 week 6
101,demand,2300.0350581452726,jb,2021 week 6
102,demand,2300.0350581452726,jb,2021 week 6
103,demand,2404.920073684438,jb,2021 week 6
104,demand,2404.920073684438,jb,2021 week 6
105,demand,2404.920073684438,jb,2021 week 6
106,demand,2404.920073684438,jb,2021 week 6
107,demand,2404.920073684438,jb,2021 week 6
108,demand,2404.920073684438,jb,2021 week 6
109,demand,2300.0350581452726,jb,2021 week 6
110,demand,2300.0350581452726,jb,2021 week 6
111,demand,2300.0350581452726,jb,2021 week 6
112,demand,2404.920073684438,jb,2021 week 6
113,demand,2528.2271995694846,jb,2021 week 6
114,demand,2528.2271995694846,jb,2021 week 6
115,demand,2528.2271995694846,jb,2021 week 6
116,demand,2528.2271995694846,jb,2021 week 6
117,demand,2528.2271995694846,jb,2021 week 6
118,demand,2528.2271995694846,jb,2021 week 6
119,demand,2528.2271995694846,jb,2021 week 6
120,demand,2528.2271995694846,jb,2021 week 6
121,demand,2404.920073684438,jb,2021 week 6
122,demand,2300.0350581452726,jb,2021 week 6
123,demand,2300.0350581452726,jb,2021 week 6
124,demand,2300.0350581452726,jb,2021 week 6
125,demand,2300.0350581452726,jb,2021 week 6
126,demand,2300.0350581452726,jb,2021 week 6
127,demand,2404.920073684438,jb,2021 week 6
128,demand,2404.920073684438,jb,2021 week 6
129,demand,2404.920073684438,jb,2021 week 6
130,demand,2404.920073684438,jb,2021 week 6
131,demand,2404.920073684438,jb,2021 week 6
132,demand,2404.920073684438,jb,2021 week 6
133,demand,2300.0350581452726,jb,2021 week 6
134,demand,2300.0350581452726,jb,2021 week 6
135,demand,2300.0350581452726,jb,2021 week 6
136,demand,2404.920073684438,jb,2021 week 6
137,demand,2528.2271995694846,jb,2021 week 6
138,demand,2528.2271995694846,jb,2021 week 6
139,demand,2528.2271995694846,jb,2021 week 6
140,demand,2528.2271995694846,jb,2021 week 6
141,demand,2528.2271995694846,jb,2021 week 6
142,demand,2528.2271995694846,jb,2021 week 6
143,demand,2528.2271995694846,jb,2021 week 6
144,demand,2528.2271995694846,jb,2021 week 6
145,demand,2412.1463183360156,jb,2021 week 6
146,demand,2303.3976784499523,jb,2021 week 6
147,demand,2303.3976784499523,jb,2021 week 6
148,demand,2303.3976784499523,jb,2021 week 6
149,demand,2303.3976784499523,jb,2021 week 6
150,demand,2303.3976784499523,jb,2021 week 6
151,demand,2412.1463183360156,jb,2021 week 6
152,demand,2412.1463183360156,jb,2021 week 6
153,demand,2412.1463183360156,jb,2021 week 6
154,demand,2412.1463183360156,jb,2021 week 6
155,demand,2412.1463183360156,jb,2021 week 6
156,demand,2412.1463183360156,jb,2021 week 6
157,demand,2303.3976784499523,jb,2021 week 6
158,demand,2303.3976784499523,jb,2021 week 6
159,demand,2303.3976784499523,jb,2021 week 6
160,demand,2412.1463183360156,jb,2021 week 6
161,demand,2539.553486346697,jb,2021 week 6
162,demand,2539.553486346697,jb,2021 week 6
163,demand,2539.553486346697,jb,2021 week 6
164,demand,2539.553486346697,jb,2021 week 6
165,demand,2539.553486346697,jb,2021 week 6
166,demand,2539.553486346697,jb,2021 week 6
167,demand,2539.553486346697,jb,2021 week 6
168,demand,2539.553486346697,jb,2021 week 6
